1360748101,s,Edmond Honda,1380,766.6666666666667
1808600500,s,Rashid,341,99.72641509433961
2626969998,s,Juri,113,12.555555555555555
3557592870,s,Dhalsim,383,0
2376441793,s,Jamie,663,351.0
3674183432,s,Cammy,307,0
2322756142,s,JP,591,0
1329082915,s,Ryu,506,0
2709465708,s,Dhalsim,754,0.0
4267154811,s,Ken,629,133.9315589353612
2161035776,s,Dee Jay,3579,1263.1764705882354
3620360769,s,Zangief,1143,0
3180433673,s,Cammy,372,0
1410791034,s,Cammy,1471,0
1061691739,s,Kimberly,562,398.8387096774194
3413276137,s,Chun-Li,486,145.79999999999998
3438720409,s,Chun-Li,2002,1001.0
1658225309,s,Manon,579,0
3298070331,s,Manon,154,77.0
1123145547,s,Manon,130,58.36734693877551
2644673765,s,Manon,1587,1587.0
1195398804,s,Manon,283,0
1994873397,s,Zangief,908,572.4347826086956
2845839474,s,Cammy,764,305.6
1787105027,s,Blanka,1473,0
4219987558,s,Ryu,147,0
3439417409,s,Marisa,879,568.7647058823529
2616046408,s,Luke,105,0
3656033313,s,Kimberly,304,136.8
3355590846,s,Chun-Li,200,78.78787878787878
2807184040,s,Chun-Li,349,150.4310344827586
2775050639,s,Chun-Li,448,298.66666666666663
2170166749,s,Chun-Li,2803,467.16666666666663
2674627176,s,Manon,971,527.9223300970874
1396857503,s,Manon,195,65.0
4016155369,s,Manon,646,0
1420504786,s,Manon,692,0
1502895558,s,Manon,1235,0
2190223623,s,Manon,423,126.89999999999999
1133245647,s,Zangief,1086,407.25
3838003410,s,Zangief,323,0
1738766133,s,Luke,499,360.38888888888886
1642714188,s,Luke,285,0
4004707294,s,Edmond Honda,456,0
3221489060,s,Edmond Honda,676,0
2837920165,s,Edmond Honda,475,203.57142857142856
1124697536,s,Edmond Honda,200,0
2860411530,s,Edmond Honda,549,0
1126258245,s,Edmond Honda,1071,0
2764196079,s,Jamie,184,0
1680232470,s,Jamie,143,63.62419006479482
1644702033,s,Jamie,268,126.11764705882352
2641592712,s,Jamie,222,148.0
4012300165,s,Chun-Li,199,64.04597701149426
1636869718,s,Chun-Li,470,0
1774798172,s,Chun-Li,567,200.11764705882354
3134027272,s,Chun-Li,823,0
2070161564,s,Marisa,860,245.7142857142857
1835960435,s,Marisa,620,369.82456140350877
4006375785,s,Guile,136,0.0
1930739024,s,Luke,133,0
3514357929,s,Luke,274,0
2590774757,s,Luke,612,0
1730869850,s,Luke,501,0
2833888538,s,Luke,539,0.0
2847061033,s,Edmond Honda,1136,568.0
3711397978,s,Edmond Honda,4452,0
2840871025,s,Edmond Honda,297,148.5
2927530185,s,Edmond Honda,131,87.33333333333333
3732768238,s,Jamie,332,139.53623188405797
3477885407,s,Jamie,678,226.0
2694572328,s,Jamie,803,150.140756302521
2045435748,s,Ken,1052,526.0
2241758311,s,Ken,216,0
1336849782,s,Ken,194,0
3693710927,s,Ken,107,66.12359550561797
3437403038,s,Blanka,2750,0
3047922814,s,Ken,193,0
3031302525,s,Ken,232,108.45528455284553
2621957508,s,Ken,322,164.3619489559165
2933943075,s,Ken,279,0
1118547324,s,Dee Jay,195,104.22413793103448
1779301158,s,Dee Jay,1395,775.0
1118553004,s,Dee Jay,285,95.0
2183033790,s,Juri,672,0
1866327037,s,Marisa,186,117.92156862745098
3209744394,s,Marisa,932,525.0704225352113
3137675849,s,Marisa,334,334.0
2036917236,s,Blanka,802,0
2873416129,s,Blanka,515,0
1300636301,s,Blanka,1094,0
2517852517,s,Blanka,949,650.7428571428571
2909660432,s,Blanka,442,0
2851134441,s,Blanka,198,0
2059278318,s,Blanka,900,0
3860386135,s,Blanka,422,0
1426617760,s,Blanka,1364,0
3886496703,s,Blanka,818,0
3508966357,s,Blanka,118,0
3749787593,s,Blanka,488,244.0
3478201922,s,Blanka,278,143.48387096774192
4091716708,s,Blanka,1502,0
2260596796,s,Blanka,1801,0
1182844836,s,Blanka,154,0
2029323392,s,Blanka,978,0
2835724475,s,Blanka,550,0
4143751342,s,Blanka,1156,0
4238502481,s,Blanka,161,0
1878665654,s,Blanka,191,72.27027027027027
1557704758,s,Blanka,1779,0
4086049891,s,Blanka,3044,1522.0
1940477696,s,Blanka,198,109.13385826771653
2525216615,s,Blanka,176,176.0
1889501667,s,Blanka,2670,0.0
1332851104,s,Blanka,2167,0
2307421081,s,Blanka,301,156.1578947368421
3652596463,s,Cammy,2303,0.0
3403894045,s,Cammy,318,159.6943231441048
2420589652,s,Cammy,200,0
1808488407,s,Cammy,687,361.57894736842104
1386608941,s,Cammy,1541,1541.0
4041052015,s,Ryu,190,0
3365609383,s,Ryu,123,0
2863737826,s,Ryu,105,50.92814371257485
2690699333,s,Ryu,507,0
2166204840,s,Ryu,296,197.33333333333331
1056517538,s,Ryu,325,187.12121212121212
3217633578,s,Ryu,531,243.78364116094986
1209854148,s,Ryu,263,0
2823333606,s,Ken,381,0
1620140035,s,Ken,278,166.79999999999998
1905669010,s,Zangief,221,132.6
3126502918,s,Zangief,298,0
3282694469,s,JP,1275,0
2495800328,s,JP,425,204.91071428571428
2998202799,s,Cammy,1280,698.1818181818181
3769394906,s,Cammy,213,111.85474860335195
1286676301,s,Cammy,410,0
1398178216,s,Cammy,519,0
3587751672,s,Cammy,169,0
2595607272,s,Cammy,437,0
2672616976,s,Cammy,178,0
2012714859,s,Cammy,868,0
2888215030,s,Cammy,1216,405.3333333333333
1078226199,s,Cammy,285,135.0
3860064214,s,Ryu,1406,0
2065570334,s,Ryu,1322,0
1946896243,s,Ryu,1010,740.6666666666666
2011346239,s,Ryu,1523,859.1282051282051
3214811112,s,Ryu,118,65.67924528301887
3332145688,s,Ryu,1489,0
2352481000,s,Ryu,270,155.99999999999997
1731316675,s,Ryu,684,0
2722423813,s,Zangief,223,133.79999999999998
3976368700,s,Zangief,1795,841.40625
3580227270,s,Zangief,314,0
2231987632,s,Zangief,103,51.5
3183019979,s,Zangief,735,294.0
3311302434,s,Zangief,544,0
2909304768,s,Zangief,154,55.44
4201763370,s,Zangief,106,25.439999999999998
2945398727,s,Zangief,494,247.0
1474331554,s,Zangief,1422,0
1718751076,s,Zangief,314,157.0
3611729680,s,Zangief,609,270.66666666666663
3971138936,s,Zangief,107,0
1542471184,s,Zangief,331,0
1357510983,s,Cammy,321,0
2834674054,s,Cammy,1222,1222.0
1260129870,s,Cammy,945,423.62068965517244
2405107222,s,Cammy,439,0
3716342741,s,Cammy,216,0
4020008737,s,Cammy,615,126.36986301369862
1612641475,s,Cammy,103,0
4085011109,s,Cammy,126,0
3869012149,s,Cammy,170,0
1718111177,s,Cammy,239,110.30769230769232
2199462621,s,Ryu,103,35.51724137931035
3551256988,s,Ryu,4027,3221.6000000000004
3527969931,s,Ryu,1168,0
3844110272,s,Ryu,121,0
2847671244,s,Ryu,1153,886.923076923077
3655386329,s,Ryu,805,0
4059843033,s,Ryu,432,0
2697463896,s,Zangief,1048,0
1098446471,s,Zangief,261,144.0
2461324338,s,Zangief,266,0
2067746839,s,Zangief,1549,844.9090909090909
1562829811,s,JP,238,0
2401558409,s,Dhalsim,490,294.0
3428786859,s,Dhalsim,406,164.52287581699346
4182704554,s,Cammy,341,176.0
1302231419,s,Ryu,183,54.9
4031266729,s,Ryu,452,0
3234248655,s,Ryu,815,325.3917910447761
4255049842,s,Ryu,572,150.52631578947367
2932061281,s,Ryu,391,298.39473684210526
1635546815,s,Ken,325,134.8404255319149
2691470566,s,Ken,401,145.8181818181818
2436342281,s,Ken,569,306.38461538461536
3943027838,s,Dee Jay,421,0
1251782801,s,Dee Jay,734,0
3042956800,s,Dee Jay,1002,350.7
3377968239,s,Dee Jay,224,107.0
1439364281,s,Dee Jay,896,0
3492419061,s,Dee Jay,352,128.0
2542893751,s,Lily,257,0
2059417917,s,Lily,449,0
1981299662,s,Lily,616,264.0
2447367602,s,Lily,4168,0
3038282017,s,Lily,992,0
1938674849,s,Lily,227,0
2391062535,s,Lily,287,287.0
1800548701,s,Lily,846,402.85714285714283
4119284898,s,Ken,164,14.90909090909091
3158654585,s,Ken,146,82.125
2389952192,s,Ken,255,127.5
1353705069,s,Ken,572,0
1735827932,s,Ken,182,97.65853658536587
3240582408,s,Ken,105,0
3812366738,s,Ken,190,63.33333333333333
1747947722,s,Ken,246,0
2176431258,s,Ken,807,220.09090909090907
3823679520,s,Ken,233,166.42857142857144
1896556171,s,Dee Jay,174,0
3032444892,s,Dee Jay,465,0
4041585896,s,Lily,457,201.72265625
3713169228,s,Rashid,659,0
1608377039,s,Blanka,367,0
3400625964,s,Blanka,940,0
4132529186,s,Dhalsim,402,61.84615384615385
1306005668,s,Dhalsim,568,0
1602090120,s,Dhalsim,595,0
2815050497,s,Dhalsim,1756,0
3352815105,s,Dhalsim,455,260.0
3922388442,s,Dhalsim,150,0
2188903267,s,Dhalsim,473,189.20000000000002
2633468847,s,Dhalsim,1564,0
4250686844,s,Dhalsim,362,0
2644778309,s,Dhalsim,1006,0
3683869032,s,Cammy,279,145.3943661971831
2931334132,s,Cammy,666,391.7647058823529
2852661273,s,Cammy,116,68.5913043478261
2528952266,s,Ryu,1854,1202.5945945945946
2238653724,s,Ryu,2257,0
3946974737,s,Ryu,164,109.33333333333333
3668344728,s,Ken,209,108.40654205607477
3365916364,s,Dee Jay,150,0
3645735611,s,Lily,569,267.25757575757575
2339339340,s,Rashid,898,0
3882703099,s,Rashid,279,152.44329896907215
1527372792,s,Rashid,100,58.12500000000001
1002629157,s,Blanka,1190,555.3333333333334
3039877474,s,Blanka,154,0.0
2471015232,s,Juri,186,68.19999999999999
3645391982,s,Juri,1057,563.7333333333333
1193160765,s,Juri,783,0
2487884410,s,Juri,775,664.2857142857142
1504980149,s,Marisa,200,156.25
1151357839,s,Marisa,161,85.02247191011236
2340924163,s,Ryu,893,0
1510170843,s,Ken,196,74.7338129496403
2098414904,s,Ken,471,22.428571428571427
3503280130,s,Dee Jay,316,0
2033990381,s,Dee Jay,185,0
3511374745,s,Dee Jay,316,0
2444363225,s,Lily,271,0
1425530518,s,Blanka,138,138.0
3312490303,s,Juri,145,72.5
3365808494,s,Marisa,1045,0
3544095804,s,Marisa,279,149.83333333333334
3814007764,s,Marisa,111,0
4143980982,s,Marisa,556,0
3874636116,s,Marisa,767,767.0
2678362884,s,Guile,583,0
1288104097,s,Luke,315,0
1163551499,s,Luke,130,0
3671220776,s,JP,499,0
1532291383,s,JP,574,0
3910739403,s,JP,810,0
1907860018,s,JP,724,620.5714285714286
2808532192,s,JP,436,237.12280701754386
1091342342,s,JP,272,118.26086956521739
1590939209,s,JP,164,0
4166460991,s,Dhalsim,1379,0.0
3305507335,s,Dhalsim,593,271.03374233128835
3597474680,s,Dhalsim,917,0
1731809200,s,Dhalsim,171,0
2144067071,s,Cammy,363,151.25
3074284245,s,Cammy,1076,225.2093023255814
2559086473,s,Cammy,267,28.270588235294117
3924721889,s,Cammy,409,0
2283868185,s,Cammy,501,200.4
2502673555,s,Cammy,273,0
2661646101,s,Cammy,219,0
2156666055,s,Cammy,154,0
3608961166,s,Cammy,968,322.66666666666663
3021858970,s,Cammy,964,405.89473684210526
3578736159,s,Cammy,1714,507.85185185185185
2145764291,s,Cammy,151,33.55555555555556
3428330981,s,Cammy,217,124.50819672131146
2945296448,s,Cammy,1017,429.71830985915494
1288292893,s,Cammy,111,0
2439551218,s,Cammy,1038,103.80000000000001
2936822428,s,Cammy,424,195.6923076923077
4220070482,s,Cammy,4323,720.5
2117236890,s,Cammy,340,0
2737440768,s,Cammy,400,0
2362636860,s,Cammy,1655,886.6071428571428
1142049814,s,Cammy,2264,0
2847966909,s,Jamie,1399,599.5714285714286
4050773128,s,Jamie,200,0
2348727843,s,Marisa,143,0
3529290354,s,Marisa,1340,670.0
2878833121,s,Marisa,2612,870.6666666666666
3864766828,s,Marisa,2313,0
1506680900,s,Marisa,206,0
1913746100,s,Marisa,287,57.400000000000006
3234302151,s,Marisa,234,0
1055349398,s,Marisa,508,0
4125167999,s,Marisa,230,0
1630098567,s,Marisa,164,0
4203807507,s,Marisa,2290,0
2165903786,s,Marisa,2584,738.2857142857142
2179063362,s,Marisa,903,0
2586017129,s,Marisa,309,0
1440659806,s,Marisa,430,0
2117018999,s,Cammy,373,196.94400000000002
3993906085,s,Cammy,2660,0
1358940363,s,Cammy,1144,1144.0
2872461045,s,Cammy,214,121.62589928057554
1887428878,s,Ryu,380,253.33333333333331
2302498595,s,Ryu,273,134.01818181818183
4112629746,s,Ryu,633,292.52272727272725
3936676844,s,Ken,109,54.5
3742570231,s,Ken,530,58.888888888888886
4097688030,s,Ken,237,138.25
1227264484,s,Ken,483,0
1889778686,s,Dee Jay,748,0
4238193743,s,Lily,127,0
1663205887,s,Rashid,1097,451.70588235294116
2248886502,s,Juri,392,0
2414060809,s,Marisa,1900,0
3684249723,s,Luke,2381,0.0
3746769975,s,Juri,278,0
1096144614,s,Juri,213,43.85294117647059
3742767049,s,Juri,213,81.92307692307693
3013418554,s,Juri,1273,270.03030303030306
3648105318,s,Juri,168,0.0
3841058956,s,Juri,186,186.0
2341828145,s,Marisa,285,155.45454545454544
1673556804,s,Juri,2479,0
2376244168,s,Marisa,1230,0
3357500762,s,Marisa,3387,0
1673235293,s,Marisa,752,498.8514851485149
2454016110,s,Marisa,180,0
1876591493,s,Marisa,222,0
1620410403,s,Marisa,124,0
3229633263,s,Marisa,267,168.4153846153846
3801223518,s,Marisa,136,76.8695652173913
2758864907,s,Marisa,325,0
1854112781,s,Guile,3032,2021.3333333333333
1152183313,s,Guile,911,0
1373696236,s,Guile,416,384.0
3203535318,s,Guile,1043,463.55555555555554
3481301873,s,Guile,519,0
3596999673,s,Cammy,2941,1260.4285714285713
1005435217,s,JP,267,130.9811320754717
3924169049,s,Juri,712,0
1898280273,s,Juri,1334,0
3656540055,s,Juri,310,0
1855743953,s,Marisa,201,0.0
1924732700,s,Marisa,644,0
3399082351,s,Marisa,767,0
3597719739,s,Marisa,1779,0
3404841345,s,JP,202,94.57803468208093
2297346397,s,Zangief,151,0
3114120797,s,Zangief,791,296.625
4253272226,s,Zangief,316,163.85185185185185
2014299657,s,Zangief,1424,0
2987716814,s,Manon,577,0
1253211659,s,Manon,288,0
1085591423,s,Manon,104,37.61702127659575
3242385131,s,Manon,182,0
4223040806,s,Chun-Li,379,169.40151515151516
1250433203,s,Kimberly,298,0
3735046000,s,Kimberly,854,0
1927311796,s,Ken,125,0
1414804713,s,Ryu,777,0
3476657663,s,Manon,348,211.82608695652175
3123211760,s,Cammy,285,87.6923076923077
3339870791,s,Random,2558,0.0
3287348835,s,Luke,2028,1116.8695652173913
4004855022,s,Kimberly,316,316.0
2005899107,s,Edmond Honda,1395,93.0
1216338794,s,Lily,941,0
3354302967,s,Zangief,817,0
1857476948,s,Jamie,460,234.03508771929825
2556334983,s,Ken,135,18.0
4115025723,s,Edmond Honda,1201,0.0
1263996278,s,Chun-Li,1487,1487.0
1899042504,s,Juri,133,0
3922487435,s,Zangief,130,0
1037685396,s,Cammy,440,0
2280915801,s,Ken,906,453.0
3812994996,s,Cammy,726,645.3333333333333
2499593928,s,Marisa,302,165.30526315789476
2575128098,s,Zangief,608,0
3228061389,s,Ryu,593,511.2068965517241
1910712368,s,Guile,142,82.71134020618557
1519159277,s,Jamie,228,0
3293869402,s,Dee Jay,1090,654.0
1317859380,s,Luke,267,159.26315789473682
3167867459,s,Luke,149,0
2484204680,s,Luke,186,108.32967032967034
2065678828,s,Luke,399,156.1304347826087
2480667572,s,Luke,347,189.86792452830187
2632002465,s,Luke,2742,0
2754042441,s,Luke,161,0
2084501659,s,Edmond Honda,567,408.24
1645562587,s,Edmond Honda,349,349.0
2740701793,s,Jamie,505,0
3696757048,s,Jamie,330,0
3144582688,s,Jamie,2083,0
1015261702,s,Jamie,2054,1467.142857142857
2985780540,s,Jamie,562,198.3529411764706
1554761445,s,Jamie,1089,0
2847825368,s,Dee Jay,174,0
3859092802,s,Dee Jay,206,0
2911865452,s,Dee Jay,662,263.9620253164557
2352935753,s,Dee Jay,273,0
4031002817,s,Dee Jay,704,0
3933969266,s,Lily,563,0
2524166166,s,Lily,133,0
3181107599,s,Lily,336,0
2366963748,s,Rashid,1195,1195.0
4254041552,s,Rashid,716,0
3132082950,s,Rashid,848,405.5652173913044
3081220431,s,Rashid,697,348.5
4034362318,s,Blanka,1213,0
1222056563,s,Blanka,721,144.20000000000002
3886587239,s,Blanka,620,361.6666666666667
1494217619,s,Juri,527,175.66666666666666
2591761758,s,Juri,398,265.3333333333333
3161599881,s,Juri,949,487.3243243243243
3678123906,s,Juri,237,0
3619688027,s,Jamie,244,61.0
3083179093,s,Kimberly,1764,910.4516129032257
2194198515,s,Kimberly,703,0
3849341395,s,Kimberly,425,0
2740461307,s,Kimberly,554,0
4294666791,s,Chun-Li,1196,0
2515007627,s,Chun-Li,1052,350.66666666666663
2914653439,s,Chun-Li,544,0
1511961955,s,Chun-Li,807,0
2279106215,s,Manon,288,0
3822696285,s,Manon,2986,0
2330811122,s,Manon,146,0
2972060553,s,Manon,551,250.45454545454544
2811955650,s,Manon,341,0
4272947036,s,Manon,100,0
3375649467,s,Manon,3431,0
2348560845,s,Manon,3663,0
3585542075,s,Zangief,271,108.4
3055047958,s,Zangief,108,0
1774866725,s,Zangief,998,570.2857142857142
2370218258,s,Zangief,521,0
2907171446,s,Zangief,2064,0
2622559793,s,Ken,439,0
3476639407,s,Dhalsim,451,0
1888336059,s,Cammy,157,0
3586558991,s,Cammy,2308,0
1993916164,s,Cammy,116,50.75
1950052966,s,Cammy,1427,906.031746031746
1747689698,s,Cammy,926,0
3178061285,s,Cammy,222,111.0
2137054201,s,Ryu,2655,0
4018990525,s,Ryu,403,0
3365229413,s,Luke,184,80.0
2344019660,s,Luke,428,0
1029493876,s,Edmond Honda,433,317.5333333333333
3828271361,s,Edmond Honda,870,0
1299933561,s,Edmond Honda,127,0
1835557932,s,Jamie,157,107.9375
1052604241,s,Jamie,174,0
2166169629,s,Jamie,282,0
2303031414,s,Kimberly,336,0
3940073285,s,Kimberly,921,460.5
3789677434,s,Kimberly,417,0
3991181860,s,Chun-Li,1063,600.8260869565217
3677343958,s,Chun-Li,196,0
1754253052,s,Manon,347,0
1244575696,s,Manon,162,127.77464788732394
3257443513,s,Manon,1242,0
1216370465,s,Zangief,459,204.47663551401868
1388326246,s,Zangief,5371,0
3412740219,s,Ryu,376,0
2426057625,s,Ken,152,88.16
1820814647,s,Ken,150,89.47368421052632
3942532560,s,Ken,173,0
1944944892,s,Ken,472,0
4050416108,s,Ken,370,0
4094239177,s,Ken,176,0
4183361311,s,Ken,186,0
3536700558,s,Ken,246,0
3539584143,s,Ken,363,146.3709677419355
3975067211,s,Ken,576,237.7142857142857
1688751994,s,Ken,820,0
3492622800,s,Ken,224,0
1255205512,s,Ken,208,96.0
2176621343,s,Ken,391,0
1573816162,s,Zangief,125,0
1480864717,s,Zangief,623,155.75
2173627858,s,JP,137,102.75
2006830916,s,JP,1830,624.8780487804878
3737800400,s,JP,2527,0
3400279016,s,JP,710,236.66666666666666
2869649575,s,JP,220,132.0
3966809593,s,Dhalsim,737,0
3638096540,s,Dhalsim,720,0
3368865653,s,Dhalsim,1050,175.0
3154711729,s,Dhalsim,1874,0
2145477650,s,Dhalsim,540,0
1612110074,s,Dhalsim,1126,409.45454545454544
2741245784,s,Dhalsim,1352,728.0
1253675047,s,Dhalsim,2234,0
1207829960,s,Dhalsim,562,0
1494213626,s,Dhalsim,975,406.25
2276430424,s,Cammy,995,446.0344827586207
3996148622,s,Cammy,325,118.80896226415095
3951005561,s,Guile,155,0
3516901563,s,Luke,724,362.0
3642673655,s,Luke,1134,453.6
1206562140,s,Luke,198,66.0
4268765098,s,Luke,138,0
3799182589,s,Luke,1027,360.2164179104478
2647478966,s,Luke,294,109.84615384615385
3893332585,s,Luke,641,303.49387755102043
2230555576,s,Luke,115,0
4156148211,s,Luke,502,0
2203239035,s,Edmond Honda,862,0
2517399167,s,Jamie,287,0
1653800756,s,Jamie,3564,0
3403123189,s,Jamie,280,85.73643410852713
2182708739,s,Jamie,275,130.15267175572518
3689803092,s,Random,5331,1852.6170212765958
1043467273,s,Kimberly,1050,0
4212316303,s,Chun-Li,489,184.81889763779526
3361777899,s,Cammy,996,456.5
3657986026,s,Cammy,389,0
1386374667,s,Cammy,147,0
2240605656,s,Cammy,215,0
1081275609,s,Cammy,325,160.24305555555557
2587791477,s,Cammy,858,0
3984046376,s,Ryu,112,0.0
2374573495,s,Ryu,272,197.8181818181818
1013320953,s,Ryu,1246,544.0281690140845
1700422247,s,Ryu,168,72.0
2422252583,s,Ryu,226,113.66081871345028
2495407443,s,Ryu,998,423.23560209424085
3196265300,s,Ken,321,121.98
3336752563,s,Ken,723,0
1210284921,s,Ken,414,185.14285714285714
3332143322,s,Ken,156,0
1311146588,s,Ken,113,51.11904761904762
3201513951,s,Dee Jay,848,446.31578947368416
4063196032,s,Blanka,200,0
2518152361,s,Juri,326,0
1243294553,s,Juri,428,0
1278406014,s,Juri,167,0
3014231525,s,Juri,168,67.70149253731343
3399031182,s,Juri,513,276.2307692307692
2156541064,s,Marisa,1169,478.22727272727275
1566750619,s,Marisa,354,0
1570066421,s,Marisa,338,232.09333333333333
2910314167,s,Luke,648,388.8
2507529176,s,Jamie,720,0
1353741824,s,Cammy,1855,1102.2463768115942
3232344607,s,Ryu,462,284.3076923076923
2099603691,s,Ken,540,175.3846153846154
3611288935,s,Ken,1690,0
1167934503,s,Ken,137,0
3818285710,s,Ken,454,0
1457963201,s,Ken,251,125.5
3585431005,s,Ken,847,312.05263157894734
1412010628,s,Dee Jay,1637,982.1999999999999
3260790927,s,Dee Jay,903,180.60000000000002
2263417937,s,Dee Jay,696,378.1417322834646
3791360484,s,Dee Jay,498,314.52631578947364
2668774825,s,Lily,173,0
2742512470,s,Lily,383,0
3268442888,s,Rashid,1160,0
3182533998,s,Rashid,1426,0
3049242458,s,Blanka,496,0
3114903195,s,Marisa,608,165.8181818181818
1850369126,s,Marisa,252,0.0
4157163346,s,Marisa,187,0
2941427014,s,Marisa,132,44.0
2259187765,s,Marisa,2041,0
3633230925,s,Marisa,210,0
2481558500,s,Marisa,1410,0
3504714960,s,Marisa,189,0
2961891142,s,Marisa,399,159.60000000000002
3840223456,s,Marisa,203,0
1143235469,s,Marisa,136,0
1639120859,s,Marisa,500,0
3159149361,s,Marisa,731,0
3809777949,s,Marisa,1283,0
2527832495,s,Zangief,589,0
3876759738,s,Zangief,191,0
4139499877,s,Zangief,450,0
3936847621,s,Zangief,291,0
3114383120,s,JP,657,0
1931902532,s,Dhalsim,723,458.23943661971833
2733718907,s,Dhalsim,2756,0
3139132044,s,Dhalsim,1502,854.078431372549
2287492347,s,Cammy,1196,0
3540335356,s,Cammy,167,0
3331097236,s,Cammy,665,0
2586375020,s,Cammy,191,94.1917808219178
2854927376,s,Cammy,350,291.6666666666667
2321679784,s,Ryu,236,88.5
2170219359,s,Ryu,151,0
1506282588,s,Ryu,177,141.6
3410066281,s,Edmond Honda,175,0
3637933430,s,Jamie,195,0
1605998981,s,Chun-Li,358,126.3529411764706
4139147927,s,Manon,933,260.0163934426229
4054412933,s,Manon,592,0.0
1447788259,s,Zangief,184,0
1882872998,s,Zangief,218,0.0
2241909255,s,JP,732,0
3169520605,s,Cammy,471,226.07999999999998
1047199699,s,Cammy,2539,0
4166548779,s,Ryu,557,285.64102564102564
3219052905,s,Ryu,455,0
1350465034,s,Ryu,330,148.8235294117647
3165583678,s,Ryu,421,87.70833333333334
1313832973,s,Ryu,241,132.79591836734693
3852996860,s,Ryu,1476,1180.8
3957102533,s,Ryu,1057,0
3830183710,s,Juri,280,114.40180586907448
1485627461,s,Juri,1644,839.4893617021276
2130860458,s,Juri,918,361.11801242236027
3321419128,s,Juri,319,0
2928886902,s,Marisa,377,0
3908816472,s,Marisa,2692,0
2333891481,s,Marisa,2145,1072.5
3458103016,s,Marisa,115,53.64431486880466
1000688761,s,Luke,175,56.38888888888889
2178128711,s,Edmond Honda,133,0
3743982812,s,Edmond Honda,250,133.72093023255812
3661668762,s,Jamie,238,208.25
2960148166,s,Jamie,138,98.57142857142857
1889083378,s,Chun-Li,1095,665.8783783783783
3480006937,s,Chun-Li,220,49.23076923076923
3087693768,s,Manon,1651,0
3259359620,s,Manon,355,0
3560737135,s,Manon,315,170.2702702702703
3720932882,s,Manon,1170,0
1005636182,s,Manon,3493,0
1906677440,s,Manon,216,0
3926596192,s,Manon,518,320.6666666666667
3520700965,s,Manon,248,0
3984772650,s,Manon,1558,1558.0
4260270454,s,Manon,255,0
2038230559,s,Manon,1558,1558.0
1864310466,s,Manon,358,184.6526315789474
1686137752,s,Zangief,1546,858.8888888888889
1412074243,s,Zangief,783,572.1923076923076
2350337071,s,Zangief,136,0
3774195451,s,Edmond Honda,432,0
3589594585,s,Edmond Honda,104,39.0
3508154540,s,Edmond Honda,2845,0
2913994988,s,Edmond Honda,1632,753.2307692307693
3516869836,s,Edmond Honda,206,0
2401231673,s,Edmond Honda,769,0
3284658036,s,Edmond Honda,389,0.0
4225566029,s,Edmond Honda,329,280.25925925925924
2676801125,s,Edmond Honda,1966,0
1658899112,s,Edmond Honda,178,0
1644783319,s,Edmond Honda,381,0
3491095206,s,Edmond Honda,1247,0.0
2590248690,s,Edmond Honda,1449,0
3221446088,s,Edmond Honda,561,0
2974207954,s,Edmond Honda,255,127.5
3542560774,s,Edmond Honda,488,0
1901509789,s,JP,630,0
1653658234,s,Dhalsim,601,0
4062796394,s,Dhalsim,594,319.8461538461538
3129487056,s,Ken,498,0
2630470645,s,Ken,474,163.44827586206898
2231518529,s,Ken,3719,0
1461437964,s,Ken,147,58.3972602739726
1071811580,s,Ken,496,330.66666666666663
4072477658,s,Ken,159,84.2384105960265
3901425412,s,Marisa,224,0
4035061774,s,Guile,163,0.0
2866011246,s,Guile,1619,0
2719020455,s,Guile,416,154.07407407407408
3844124260,s,Guile,224,134.4
3595759693,s,Luke,288,288.0
3425876382,s,Luke,193,0
4121011181,s,Luke,158,117.22580645161291
2516354905,s,Edmond Honda,222,0
3180236500,s,Edmond Honda,1498,0
1825958073,s,Jamie,114,66.5
3268493714,s,Jamie,315,0
2390204910,s,Jamie,1372,889.945945945946
2925990443,s,Jamie,783,0
1869520024,s,Jamie,811,420.5185185185185
1562991559,s,Kimberly,260,0
1537643363,s,Kimberly,367,0
3189783985,s,Chun-Li,1037,0
2315592122,s,Chun-Li,740,0
1933357585,s,Ken,641,351.51612903225805
1318325177,s,Ken,136,70.51851851851852
1490789800,s,Ken,501,0
3719622836,s,Ken,246,110.7
1693180978,s,Ken,126,59.0
3913656118,s,Ken,108,43.2
1617602071,s,Ken,1177,214.0
3120662006,s,Dee Jay,395,56.42857142857142
4075039762,s,Chun-Li,930,0
3599140414,s,Chun-Li,447,0
2385807267,s,Manon,1493,868.0232558139535
1057972988,s,Zangief,131,64.16326530612245
3819530377,s,Zangief,363,176.4230769230769
2124300111,s,Dhalsim,173,39.64583333333333
1319693758,s,Cammy,297,152.07831325301206
1312563386,s,Zangief,783,223.7142857142857
1915076873,s,Zangief,194,0
1648189262,s,JP,628,0
2398703601,s,Dhalsim,1519,0
2968339948,s,Dhalsim,239,0
4076895889,s,Cammy,1520,829.090909090909
3669322782,s,Cammy,1145,0
2273827859,s,Cammy,288,144.0
4290617339,s,Cammy,215,0
2148131136,s,Cammy,494,0
3055122012,s,Cammy,168,0
1226181282,s,Ryu,974,0
2910234506,s,Ryu,597,0
3811875425,s,Ryu,132,50.6
1746747707,s,Ryu,140,0
1692098636,s,Ken,1871,664.6973684210526
1370355107,s,Ken,1386,0
2463679054,s,Ken,108,58.02985074626866
4250796438,s,Ken,1946,0
3421590370,s,Lily,186,0
3969941434,s,Lily,1375,0
3123536825,s,Lily,266,0
1553083075,s,Lily,680,0
3387731869,s,Rashid,627,209.0
1148198757,s,Rashid,507,289.7142857142857
2823065651,s,Rashid,475,135.7142857142857
4068564325,s,Rashid,232,104.11707317073171
3672715804,s,Rashid,211,0
2913000854,s,Rashid,311,0
3041801274,s,Rashid,781,0
3030078567,s,Rashid,138,79.57664233576642
3613100606,s,Blanka,1379,440.10638297872345
1269341899,s,Blanka,824,686.6666666666667
3979316220,s,Blanka,1237,674.7272727272726
2906730596,s,Blanka,604,331.22580645161287
3457223561,s,Manon,210,0
3602178295,s,Manon,326,151.35714285714286
3352171917,s,Manon,463,324.09999999999997
2208991878,s,Manon,647,0
2491317843,s,Zangief,114,29.73913043478261
3977597567,s,Cammy,168,0
2187084630,s,Cammy,817,0
3060952322,s,Kimberly,165,0
3826641019,s,Kimberly,279,0
1211318500,s,Kimberly,1268,0
2782699122,s,Kimberly,834,261.50847457627117
3798396229,s,Chun-Li,1047,0
3770502105,s,Chun-Li,851,0
2995472910,s,Chun-Li,200,0
3072859142,s,Chun-Li,906,0
1641448456,s,Chun-Li,1342,0.0
1373047400,s,Chun-Li,196,88.41304347826087
1325558288,s,Chun-Li,591,301.9239130434783
4019446304,s,Chun-Li,132,0
1257442128,s,Jamie,776,0
2135561747,s,Kimberly,834,278.0
3451691353,s,Manon,516,190.10526315789474
2751210889,s,Manon,1470,0
3456334805,s,Manon,1714,1714.0
3798390882,s,Manon,2370,0
1905892175,s,Zangief,1569,0
2918957926,s,Zangief,779,532.0
3382477848,s,Zangief,690,0.0
3883747695,s,JP,982,0
2152493681,s,JP,938,452.82758620689657
3483877832,s,Cammy,255,0
2914681604,s,Cammy,997,0
1066166491,s,Cammy,498,0
3924731195,s,Cammy,216,104.8
3973488644,s,Ken,103,0
3227064099,s,Ken,174,0
4193136591,s,Ken,245,83.44978165938865
1583193195,s,Random,488,0
3843843978,s,Kimberly,758,0
2068020759,s,Chun-Li,489,0
1041116229,s,Chun-Li,457,0
2459085539,s,Chun-Li,442,0
2155111763,s,Chun-Li,1692,0
1438975008,s,Chun-Li,873,0
1667827528,s,Manon,190,0
1574360319,s,Manon,170,0
1886619880,s,Manon,132,67.55294117647058
3624764173,s,Cammy,961,0
2744830452,s,Cammy,1945,1193.5227272727273
2909067104,s,Cammy,239,94.1711956521739
3042104997,s,Cammy,349,0
3325794597,s,Cammy,1757,1084.1063829787233
1247744763,s,Cammy,489,0
3501942702,s,Cammy,222,0
2625722354,s,Cammy,5778,0
3010149293,s,Cammy,187,0
1109757172,s,Cammy,289,0
3762746915,s,Cammy,743,0
3703172904,s,Cammy,339,96.13432835820895
3749170038,s,Cammy,423,0
2182998266,s,Zangief,356,0
1506546962,s,Zangief,543,0
2218465216,s,Zangief,1629,0
4069623188,s,Zangief,290,135.15837104072398
1483896457,s,Zangief,882,486.6206896551724
2983740980,s,Zangief,205,102.5
4094405966,s,Zangief,154,0
2680466124,s,Zangief,594,0.0
3519090566,s,Zangief,1108,0.0
1746385139,s,Zangief,1252,0
1374577806,s,Zangief,202,0
2415808162,s,Zangief,169,0
3354883733,s,Zangief,107,0
2779765569,s,Zangief,285,129.54545454545453
1249931853,s,Zangief,102,0
1629938032,s,Manon,126,76.82926829268293
2226757804,s,Manon,103,45.77777777777778
1080386161,s,JP,582,327.375
4046486631,s,JP,596,0
3864150547,s,JP,112,0
1924093243,s,Cammy,593,277.24675324675326
2295579017,s,Dee Jay,128,0
3908285182,s,Lily,166,64.20754716981132
1673604397,s,Lily,1026,0
1480013135,s,Lily,1546,356.7692307692308
2390837303,s,Lily,797,149.4375
2979244727,s,Rashid,625,0
2384277125,s,Rashid,181,94.43478260869566
3106192033,s,Rashid,236,0.0
2220307054,s,Rashid,136,22.666666666666664
2708536318,s,Rashid,221,74.93678160919539
3925986555,s,Rashid,829,207.25
3563327074,s,Rashid,237,111.21787709497207
2831972499,s,Blanka,414,191.4360902255639
1803108665,s,Blanka,496,0
3037470453,s,Juri,197,0
3059431303,s,Juri,195,130.0
1645791060,s,Ryu,663,663.0
2370600478,s,Ryu,190,98.02547770700637
1689630920,s,Ryu,1187,593.5
3699500122,s,Ryu,232,72.0
2850759640,s,Ryu,3007,668.2222222222222
1388634831,s,Ryu,2664,0
2231586732,s,Ryu,849,141.5
2797005676,s,Ryu,360,235.3846153846154
3231508075,s,Ryu,250,67.56756756756756
1629391590,s,Ryu,361,0
3471190737,s,Ryu,1003,0
2547025944,s,Ryu,732,0
2047054419,s,Ryu,2910,0.0
1194479576,s,Ryu,284,0
3180028023,s,Ken,614,0.0
3044317541,s,Ken,1169,501.0
3811592003,s,Ken,406,0
3180405608,s,Ken,263,0
3076052318,s,Ken,567,172.56521739130437
1835548639,s,Ken,197,109.95348837209302
1166189764,s,Ken,390,0
2233338035,s,Ken,111,42.04545454545455
2841576714,s,Ken,106,0
2227199485,s,Ken,134,65.57446808510637
2730119635,s,Ken,377,99.48611111111111
1206555491,s,Ken,4985,2029.2920353982302
4076293602,s,Ken,113,46.52941176470588
2958028220,s,Ken,434,137.05263157894737
1081763142,s,Zangief,112,65.16363636363636
1050631903,s,Zangief,1322,717.6571428571428
4096253254,s,Zangief,127,0
3755440996,s,Manon,230,0
2071638581,s,Manon,635,181.42857142857142
1907941146,s,Chun-Li,1992,1258.1052631578946
2562061442,s,Chun-Li,285,124.81751824817519
1220371552,s,Chun-Li,154,99.24444444444445
2414078193,s,Kimberly,564,564.0
1366499794,s,Kimberly,486,169.04347826086956
1150070977,s,Chun-Li,2075,0
1091387551,s,Chun-Li,640,365.71428571428567
4066427931,s,Kimberly,727,497.42105263157896
1092009590,s,Kimberly,362,0
1155658365,s,Kimberly,1923,0
2554782473,s,Random,3113,778.25
3361944857,s,Jamie,350,116.66666666666666
2658752551,s,Blanka,2286,0
3108633326,s,Chun-Li,2000,964.2857142857143
2409974350,s,Kimberly,1134,680.4
2087436426,s,Kimberly,2166,0
2784970270,s,Jamie,215,54.02564102564102
2631008891,s,Jamie,846,352.60763358778627
3269683194,s,Jamie,398,0
1038866849,s,Jamie,534,0
1518518993,s,Jamie,137,0
1353608173,s,Juri,145,0
3859174956,s,Juri,411,91.33333333333333
1633318658,s,Juri,149,40.854838709677416
3493638649,s,Juri,408,0
1129217312,s,Blanka,347,0
1792820685,s,Rashid,385,214.88372093023256
2039819998,s,Rashid,617,379.69230769230774
3462237923,s,Ryu,1191,0
4269480946,s,Ryu,143,0
3283312608,s,Ryu,295,0
3737568383,s,Ryu,345,191.66666666666669
1033698230,s,Cammy,1374,0
1725287806,s,Cammy,856,475.5555555555556
2205826570,s,Dhalsim,1325,0
3254737053,s,Marisa,118,0
4193025014,s,Ken,2093,0
3879458977,s,Rashid,256,140.38709677419354
1686568511,s,Dee Jay,3541,0
1850180325,s,Edmond Honda,297,0
3563116036,s,Rashid,1189,0
4290413370,s,Blanka,430,204.0677966101695
2806506469,s,Edmond Honda,225,0
3712019358,s,Ken,368,0
2332568546,s,Kimberly,294,0
3888226141,s,Ryu,248,128.3764705882353
3925341856,s,Ryu,378,180.7826086956522
4201400688,s,Juri,1348,860.7710843373493
2417927560,s,Marisa,680,0
3518864918,s,Manon,126,0
4246924545,s,Guile,3455,1470.212765957447
1526913682,s,Ryu,195,108.33333333333334
2473648753,s,Chun-Li,1624,902.2222222222223
1854367771,s,Blanka,413,0
2182633316,s,Kimberly,216,117.81818181818181
1424084648,s,Lily,1613,0
1454579744,s,Dee Jay,698,305.375
2771449887,s,Marisa,950,584.6153846153846
1259202137,s,Jamie,1141,561.3475935828877
3832503568,s,Jamie,367,0
1581822326,s,Guile,764,0
3727030877,s,Juri,394,0
3317014750,s,Luke,228,47.5
1231011780,s,Juri,3345,0
1494898238,s,Juri,2082,624.6
3970321036,s,Dee Jay,298,0
3631335154,s,Dee Jay,648,315.4736842105263
2297862468,s,Lily,977,0
4237598951,s,Rashid,112,0
2461117516,s,Blanka,757,0
3694324656,s,Juri,195,66.85714285714286
3251826263,s,Juri,317,122.77680525164114
2520127563,s,Juri,122,122.0
1228480617,s,Juri,226,0
3061992207,s,Juri,365,227.63440860215053
1961511687,s,Marisa,439,0
1808040565,s,Marisa,368,141.87951807228916
1845285422,s,Guile,1078,0
3147363651,s,Luke,196,0
3178361172,s,Juri,163,0
3802386466,s,Juri,544,0
2868501980,s,Juri,274,0
3215480142,s,Juri,1312,740.8941176470588
2179237438,s,Juri,592,0
3256395194,s,Juri,305,0
2261647650,s,Juri,2990,0
2671933286,s,Juri,379,0
1177478579,s,Juri,178,46.84210526315789
4118453775,s,Juri,261,0
3349897524,s,Juri,430,215.0
2765157847,s,Juri,291,0
2937445410,s,Juri,398,318.40000000000003
4194635081,s,Juri,3698,0.0
3849704002,s,Juri,288,151.27272727272728
2334563986,s,Juri,269,0
1755849960,s,Juri,592,0
4161575792,s,Juri,456,0
1086809922,s,Juri,214,0
2258522998,s,Marisa,295,0
1153329131,s,Marisa,255,0
3082356477,s,Guile,160,0
2016664493,s,Guile,333,149.9371727748691
1457099344,s,Luke,1119,363.675
2316786915,s,Luke,281,103.52631578947368
1092434915,s,Luke,360,0
1066047052,s,Luke,136,0
1880046754,s,Luke,143,0
1926228209,s,Luke,121,0.0
1973284874,s,Edmond Honda,141,117.5
3829065369,s,Edmond Honda,216,0
2251316096,s,Jamie,313,160.69196428571428
2781166257,s,Jamie,235,0
4095735700,s,Luke,1464,0
2714845438,s,Luke,525,190.9090909090909
3945781706,s,Luke,149,0
4269471666,s,Luke,219,0
1976609256,s,Luke,357,178.5
3026973234,s,Luke,245,0
3072545237,s,Luke,171,83.41463414634146
3338213872,s,Luke,1329,0
1933833598,s,Luke,554,0
1812573775,s,Luke,1732,0
1781151925,s,Luke,101,0
3648893842,s,Luke,463,0
3959833903,s,Edmond Honda,655,327.5
2892521278,s,Edmond Honda,1015,0
3269951446,s,Edmond Honda,100,0
1202782651,s,Edmond Honda,513,195.42857142857142
1909226673,s,Edmond Honda,275,275.0
3363262107,s,Edmond Honda,1315,0
3790959319,s,Luke,214,0
3627400894,s,Luke,294,0
1650513498,s,Luke,235,0.0
1528271444,s,Luke,254,104.2051282051282
2203416214,s,Luke,412,200.43243243243245
1195557280,s,Luke,153,0
1202223862,s,Edmond Honda,238,0
3441310687,s,Edmond Honda,1322,605.9166666666666
3026958464,s,Chun-Li,526,0
3003581220,s,Chun-Li,196,100.39024390243902
2291220495,s,Chun-Li,682,496.0
1093509815,s,Manon,201,55.833333333333336
2084015851,s,Manon,1706,0
2840496567,s,Manon,173,0
3265195165,s,Manon,263,0
3264943608,s,Manon,190,0
2570932089,s,Manon,3318,1843.3333333333335
1396883019,s,Marisa,521,0
2320359600,s,Guile,664,389.7391304347826
1990443988,s,Guile,742,0
1892919764,s,Luke,242,0
1971491514,s,Luke,165,0
1204300885,s,Luke,1193,0
3435092710,s,Luke,214,0
2893449085,s,Edmond Honda,112,0
1781283006,s,Edmond Honda,2575,0
4137999054,s,Jamie,102,0
2386288437,s,Jamie,560,560.0
2959652848,s,Jamie,346,160.4479495268139
1959504410,s,Jamie,534,0
1128873313,s,Jamie,951,0
2940571887,s,Kimberly,440,0.0
3538979479,s,Guile,1103,0
1907584267,s,Luke,313,206.85217391304346
2373824112,s,Luke,658,0
3471575565,s,Luke,349,195.02941176470588
2824851040,s,Random,4574,1816.1470588235293
4169196636,s,Kimberly,1123,0
3974325607,s,Kimberly,446,235.65938864628822
1012928079,s,Chun-Li,110,74.69135802469135
1426359179,s,Manon,620,236.19047619047618
2404934835,s,Zangief,1418,0
1600920144,s,JP,1325,0
2536174688,s,Cammy,179,0
4091708148,s,Cammy,574,0
2851409952,s,Ryu,1741,1418.5925925925926
3838423369,s,Ryu,180,0
3584905832,s,Ryu,962,0
2111156341,s,Ryu,341,0
1067044440,s,Jamie,3308,0
1671116050,s,Jamie,151,0
3480152925,s,Jamie,129,63.94871794871795
3989200047,s,Jamie,148,37.0
1551535008,s,Jamie,309,130.50931677018633
2248955257,s,Jamie,391,234.6
3285057409,s,Jamie,105,0
3617613684,s,Jamie,368,184.0
3403984862,s,Kimberly,1204,602.0
1735080427,s,Kimberly,822,0
3137156524,s,Kimberly,298,0
2242388760,s,Kimberly,1751,0
3817621976,s,Kimberly,192,0
2654622782,s,Kimberly,1321,0
1482330279,s,Chun-Li,269,0
2356450659,s,Chun-Li,2336,778.6666666666666
2087541776,s,Ken,282,0
3841694230,s,Chun-Li,366,0
1816669288,s,Chun-Li,1459,0
3300297297,s,Ken,175,0
3909918744,s,Ken,150,0
3098092349,s,Ken,223,97.91624365482234
2458455011,s,Ken,615,369.0
1517596196,s,Ken,403,0
4017924142,s,Ken,189,0
1087785521,s,Ken,3111,0
1434999052,s,Ken,173,0
3115040275,s,Ken,511,231.775
1859746853,s,Ken,331,0.0
1444424242,s,Ken,222,0
3688136408,s,Ken,151,72.30985915492957
4242214952,s,Ken,540,0
1563026812,s,Ken,256,0
3494258049,s,Ken,352,156.44444444444443
1062720392,s,Ken,188,18.8
1838146942,s,Ken,104,0
2367661527,s,Jamie,810,0
2385321662,s,Kimberly,703,504.3260869565217
3777480656,s,Zangief,1386,702.24
1050889901,s,Zangief,752,494.1714285714286
1657059160,s,JP,815,344.8076923076923
1015311168,s,JP,109,48.44444444444444
2117764401,s,Cammy,424,0
1018567125,s,Cammy,552,260.6666666666667
1381165652,s,Cammy,1848,792.0
2511431054,s,Ryu,389,0
1275666654,s,Ken,419,182.34259259259258
4196630795,s,Ken,900,391.30434782608694
3828597529,s,Ken,193,180.13333333333333
3578667680,s,Ken,202,0.0
2320812065,s,Blanka,114,0
2108154984,s,Juri,1373,289.05263157894734
1060575264,s,Marisa,713,436.3134328358209
1603647541,s,Marisa,205,0
3026484624,s,Marisa,182,100.10000000000001
2763780813,s,Marisa,836,0
2837218586,s,Guile,1163,387.66666666666663
2475468647,s,Guile,676,0
4196732399,s,Guile,827,295.3571428571429
2320810742,s,Guile,318,0
3796303982,s,Guile,820,0
1672928738,s,Guile,800,0
2710548074,s,Guile,1156,315.27272727272725
3830072012,s,Guile,3058,0
1458929915,s,Guile,133,54.76470588235294
1122164981,s,Guile,744,0
1880718231,s,Guile,143,64.69047619047619
1060281873,s,Guile,1801,0
2641612582,s,Guile,739,164.2222222222222
4184217541,s,Luke,767,0
1536247405,s,Luke,674,224.66666666666666
1367413599,s,Marisa,404,209.48148148148147
2938998690,s,Marisa,1271,561.3583333333333
2963824777,s,Guile,134,71.46666666666667
1564173862,s,Guile,255,162.27272727272728
3548324590,s,Guile,1008,0
2336089320,s,Guile,493,0
3281945067,s,Guile,2104,837.3061224489796
1916531393,s,Guile,412,0
1421830153,s,Luke,119,53.550000000000004
3419508588,s,Luke,153,0
1006760375,s,Luke,246,126.20869565217392
1720962335,s,Luke,565,0
2074340840,s,Luke,355,0.0
4083605448,s,Lily,1298,1298.0
1348549605,s,Lily,367,0
3483389952,s,Lily,180,0
1613542489,s,Rashid,344,137.6
4255702960,s,Blanka,399,294.0
1800493667,s,Blanka,232,120.81105990783409
3501614429,s,Blanka,206,0
1520462333,s,Blanka,103,0
1256756434,s,Juri,143,66.11827956989247
3880398621,s,Juri,265,0.0
3889573557,s,Marisa,561,147.6315789473684
1490078517,s,Marisa,122,0
3705472267,s,Marisa,2676,0
1431255886,s,Marisa,100,53.84615384615385
3081046086,s,Luke,561,0
1466844766,s,Luke,3921,1960.5
3345066486,s,Luke,1350,0
2372392673,s,Luke,966,0
2043899496,s,Luke,391,131.36772486772486
3259645860,s,Luke,969,0.0
2045939049,s,Luke,590,321.8181818181818
3953772146,s,Luke,241,0
1915306617,s,Manon,1375,687.5
3515576516,s,Luke,292,0
1824868703,s,Luke,682,358.9473684210526
4092589027,s,Luke,450,0
3155504700,s,Luke,342,0
2283388905,s,Luke,282,0
3466631738,s,Luke,3628,0.0
3630547035,s,Luke,230,115.0
3093656500,s,Luke,1910,0
1622112108,s,Lily,1298,0
2791106989,s,Lily,514,0
1826925918,s,Lily,377,0
4125904118,s,Lily,1189,0
2031743698,s,Lily,1971,0
1041102235,s,Lily,223,0
3082287595,s,Lily,630,0
3849064875,s,Lily,494,0
3909052225,s,Lily,894,0
3898578270,s,Lily,279,139.5
4165334296,s,Lily,291,0
3968309020,s,Rashid,694,0
2042430249,s,Rashid,3202,914.8571428571428
1713223512,s,Rashid,1250,416.66666666666663
3847929452,s,Rashid,882,0
1386998608,s,Chun-Li,696,0
2472109692,s,Manon,2967,0
3753680448,s,Manon,261,106.77272727272728
2214274289,s,Manon,235,0
2137749409,s,Manon,307,0
3716506198,s,Manon,2487,882.483870967742
2973187048,s,Zangief,152,0
4117376708,s,JP,461,233.21176470588233
2484211702,s,JP,539,385.0
2374760427,s,JP,190,0
1616912086,s,Dhalsim,156,0
3494808464,s,Cammy,289,123.0925925925926
1597745245,s,Ryu,438,0
1348342698,s,Ryu,168,0
1959023072,s,Blanka,152,81.84615384615384
2268151095,s,Blanka,121,0
2493888010,s,Blanka,2306,0
1133539351,s,Juri,1086,482.66666666666663
2708711372,s,Juri,224,0
3110177187,s,Marisa,269,26.900000000000002
1159355474,s,Marisa,140,63.63636363636363
4152232621,s,Marisa,370,0
1652040617,s,Marisa,1087,0
2546631633,s,Marisa,230,230.0
2908151691,s,Guile,335,0
2663236793,s,Guile,369,0
1704052448,s,Guile,472,0
3275496581,s,Guile,2598,0
1573683189,s,Guile,495,0
1125565098,s,Luke,363,0
3168059966,s,Luke,1085,628.1578947368421
1569973063,s,Luke,290,0
1723053938,s,Chun-Li,180,0
4016418862,s,Chun-Li,251,0
3418289009,s,Chun-Li,923,0
1713193078,s,Chun-Li,116,0
4192680741,s,Chun-Li,311,0
2498227599,s,Chun-Li,708,141.6
1561657140,s,Chun-Li,105,0
3951836819,s,Chun-Li,1136,0.0
3385151214,s,Chun-Li,882,0
4086871071,s,Chun-Li,2068,0
3561493550,s,Chun-Li,252,0
3158464985,s,Chun-Li,353,64.18181818181819
1234929937,s,Chun-Li,796,0
3180364497,s,Chun-Li,256,0.0
2100373428,s,Chun-Li,1096,0.0
1427376985,s,Chun-Li,1626,691.9148936170213
2372687355,s,Ryu,203,0
2708857028,s,Ryu,490,445.45454545454544
2838223594,s,Ryu,701,0
3605062508,s,Ken,350,186.66666666666666
2702503662,s,Ken,492,492.0
1206490574,s,Ken,257,94.23333333333332
2478074803,s,Ken,313,135.83018867924528
1044868933,s,Ken,1311,0
1762102156,s,Ken,821,0
2911279356,s,Ken,150,0
3914819815,s,Ken,126,0
1107122145,s,Ken,1086,0
3280506892,s,Ken,165,55.0
4061186010,s,Ken,512,106.66666666666667
3772530421,s,Ken,298,0
3740055195,s,Manon,173,80.32142857142857
1646596650,s,Marisa,1588,0
3873194092,s,Manon,689,0.0
3952907010,s,Manon,1452,0
2997715570,s,Manon,122,66.16949152542372
3352149962,s,Manon,173,0
1543875634,s,Manon,1094,0
1424477365,s,Manon,605,286.14864864864865
1729287363,s,Juri,1573,419.46666666666664
1954862019,s,Manon,154,0
2358115157,s,Manon,251,0
2523734577,s,Manon,1653,0
3847142906,s,Manon,332,0
2583414964,s,Zangief,114,68.875
2704972733,s,Zangief,290,0
2745105124,s,Zangief,1814,0
1534510070,s,Zangief,486,0
3015022266,s,Marisa,1217,0
2198158143,s,Marisa,681,190.68
2335349385,s,Marisa,309,123.60000000000001
1023145113,s,Marisa,177,75.20207253886011
4117813309,s,Marisa,816,0
1396698990,s,Marisa,117,0
1508257027,s,Marisa,448,0
3735895340,s,Marisa,270,0
1331841984,s,Marisa,1738,0
3036127127,s,Marisa,1063,354.3333333333333
2636190807,s,Marisa,350,187.5
2220862759,s,Marisa,256,0
1334981677,s,Juri,1677,0
1379758291,s,Juri,521,0
2438516413,s,Juri,1002,0
3913874107,s,Juri,2606,1609.5882352941178
1240548060,s,Juri,750,0
2326603047,s,Juri,313,0
1790186517,s,Juri,526,120.54166666666666
1950371010,s,Juri,186,84.54545454545455
2185163250,s,Juri,1106,0
1412680466,s,Juri,438,0
2264172824,s,Juri,672,0
2504214354,s,Juri,429,0
2179819103,s,Juri,172,85.31746031746032
2344118471,s,Juri,402,163.3125
2409179284,s,Juri,269,138.0
2649412286,s,Juri,367,0
2085144266,s,Ryu,616,0
1845630578,s,Ryu,901,0.0
1404803698,s,Ryu,111,0
2935203713,s,Ryu,323,53.83333333333333
1515190027,s,Ken,172,64.5
1433009506,s,Ken,224,74.66666666666666
3748660737,s,Ken,406,0
3527604518,s,Ken,226,0
3510196702,s,Ken,114,0
1901543462,s,Ken,328,65.60000000000001
2250216263,s,Ken,234,0
1787508923,s,Ken,180,85.26315789473684
3337017290,s,Ken,153,35.416666666666664
3112977072,s,Ken,125,0
1150572276,s,Ken,197,0
3985884894,s,Ken,257,0
1000838127,s,Ryu,1719,0
1868866464,s,Ryu,605,352.9166666666667
2778428878,s,Ryu,348,0
4192257636,s,Ken,138,55.2
1555753226,s,Ken,399,142.5
2528023459,s,Ken,226,110.6938775510204
3570037938,s,Dee Jay,1333,646.3030303030304
4245502963,s,Dee Jay,127,0
1182622823,s,Blanka,1585,0
1093791282,s,Juri,244,139.79166666666666
4207398387,s,Juri,1256,179.42857142857142
4072272109,s,Juri,266,106.4
2715016877,s,Juri,1982,660.6666666666666
4231971935,s,Marisa,208,0
1968318245,s,Marisa,270,145.546875
3283999183,s,Marisa,152,0
2093904324,s,Kimberly,242,113.4375
2721882913,s,Kimberly,593,593.0
1090022982,s,Kimberly,545,0
2346001353,s,Kimberly,891,492.3947368421053
2950842735,s,Kimberly,1689,0
1575424575,s,Kimberly,407,0
3086763025,s,Kimberly,1057,302.0
4230706509,s,Kimberly,356,0
2445766515,s,Kimberly,3120,0
2045611030,s,Kimberly,203,96.1578947368421
3019895845,s,Chun-Li,1509,0
2750378425,s,Chun-Li,523,190.1818181818182
3950898400,s,Chun-Li,328,0
1985091967,s,Chun-Li,153,76.5
3534772331,s,Ken,366,108.81081081081082
1350485791,s,Ken,428,240.75
4232876907,s,Ken,170,94.44444444444444
3537536149,s,Ken,490,0
3425561430,s,Ken,1259,69.94444444444444
4273451220,s,Ken,222,105.27835051546391
2914538023,s,Dee Jay,331,283.7142857142857
1515321104,s,Lily,193,79.8978494623656
1982330816,s,Lily,1827,803.0769230769231
3376423139,s,Rashid,529,0
3916143882,s,Blanka,165,0
3801460719,s,Juri,264,0
3752006073,s,Juri,1452,0
3836468998,s,Juri,153,0
1853569997,s,Juri,1310,0
3042703749,s,Juri,144,70.95652173913044
2570232716,s,Juri,174,93.3658536585366
1992342675,s,Juri,383,0
2692394018,s,Juri,1404,526.5
4056175011,s,Juri,1056,310.5882352941177
3070215268,s,Juri,1051,613.0833333333334
2809746649,s,Juri,222,99.51724137931035
3600497894,s,Juri,600,184.6153846153846
3320485481,s,Juri,237,0
3921655745,s,Juri,1500,0.0
3179503252,s,Marisa,708,0
1046313755,s,Marisa,502,171.13636363636363
1606881160,s,Marisa,469,0
1534565689,s,Marisa,2478,0.0
2190359661,s,Marisa,241,0
2689040592,s,Marisa,546,0
3292880207,s,Edmond Honda,1036,0
1378525092,s,Edmond Honda,129,0.0
1287823289,s,Edmond Honda,252,0
1205303376,s,Edmond Honda,459,114.75
1158374345,s,Edmond Honda,840,0.0
2723705452,s,Edmond Honda,475,0
2541796555,s,Edmond Honda,381,133.68421052631578
2968797026,s,Edmond Honda,663,234.00000000000003
4064360530,s,Edmond Honda,1359,339.75
2801447664,s,Edmond Honda,559,186.33333333333331
2926620559,s,Edmond Honda,450,0
1951095933,s,Edmond Honda,390,63.48837209302326
3159459919,s,Edmond Honda,554,0
3511489237,s,Edmond Honda,177,0
3857384162,s,Rashid,120,40.0
2192075665,s,Rashid,1211,0
3122743406,s,Rashid,504,0
2788796492,s,Rashid,1856,0
1816658016,s,Rashid,1663,0
3448138911,s,Rashid,1267,0
3926645552,s,Rashid,352,0
4154489602,s,Rashid,638,290.0
3075837908,s,Blanka,1032,0
1383225796,s,Blanka,1823,0
2910618140,s,Blanka,764,0
3045587771,s,Blanka,155,0
1774556009,s,Blanka,214,107.0
2784462210,s,Blanka,898,0
2991684432,s,Blanka,313,0
3304074950,s,Blanka,946,0
1886642381,s,Blanka,2733,0
4131802000,s,Blanka,740,0
2893290636,s,Blanka,322,0
3881628748,s,Edmond Honda,1266,0
1598231896,s,Edmond Honda,243,0
2749282129,s,Jamie,631,0
1605245572,s,Jamie,1731,1057.8333333333335
1455151845,s,Kimberly,115,76.66666666666666
1047411581,s,Kimberly,380,285.0
3322066386,s,Chun-Li,1378,0
1327551392,s,Chun-Li,441,147.0
1156544111,s,Chun-Li,499,205.47058823529412
1307174147,s,Manon,3566,0.0
4190950881,s,Manon,827,0
2241632768,s,Manon,791,0
1862514117,s,Manon,303,167.81538461538463
3974407631,s,Manon,275,0
1991392225,s,Zangief,453,0
1800892637,s,Zangief,563,0
1630012197,s,Rashid,789,0
3003242574,s,Rashid,632,0
2346669252,s,Blanka,965,536.1111111111111
3141691414,s,Blanka,138,47.58620689655173
1442929661,s,Juri,688,398.6542056074766
2769120196,s,Juri,427,185.5
3642617567,s,Marisa,292,0
4139377612,s,Marisa,1657,885.4198473282443
1529041247,s,Marisa,3097,1780.7749999999999
1923856786,s,Guile,3185,0
2544962980,s,Luke,155,0.0
2246169470,s,Luke,173,0
3302021621,s,Luke,845,845.0
4203229189,s,Luke,246,57.88235294117647
1206940775,s,Luke,612,0
1850698389,s,Luke,475,475.0
3105392528,s,Jamie,183,183.0
1402456966,s,Ken,234,0
2471139112,s,Ken,670,199.1891891891892
1410214726,s,Ken,235,120.99999999999999
3388044378,s,Ken,735,0
1084785653,s,Ken,433,0.0
2712448491,s,Ken,1560,271.30434782608694
2248033590,s,Ken,126,56.0
1872084422,s,Ken,618,0
1747220594,s,Ken,269,0
3482106309,s,Ken,397,0
3076539448,s,Ken,525,0
2682094189,s,Ken,216,0
1287653872,s,Marisa,1874,0
4035420869,s,Guile,588,0
1063216634,s,Guile,409,0
1770876349,s,Guile,573,337.43333333333334
3069909733,s,Guile,1057,628.0724637681159
2560939454,s,Guile,5928,988.0
2929717099,s,Guile,121,74.76422764227642
2053733090,s,Luke,971,0
1444053185,s,Luke,165,82.5
1359433473,s,Luke,199,98.64957264957265
2080254693,s,Edmond Honda,1961,0
4032461979,s,Edmond Honda,172,0
1431238595,s,Edmond Honda,1226,0
1104788548,s,Edmond Honda,183,0
3115648866,s,Jamie,2700,0
3099522205,s,Jamie,135,0
3870335546,s,Jamie,138,0
2852279231,s,Ken,916,0
1195175201,s,Edmond Honda,909,0
2664344297,s,Zangief,136,136.0
3005561023,s,Ken,146,0
3349194915,s,Ken,1912,751.1428571428571
3502244343,s,Cammy,509,267.016393442623
2807134931,s,Manon,102,0
1985089534,s,Dee Jay,133,0
2452062487,s,Luke,489,0
4206358904,s,Cammy,248,0
1085765160,s,Cammy,1051,525.5
3317796502,s,Cammy,1675,558.3333333333333
1581607372,s,Ryu,274,76.11111111111111
4016014214,s,Ryu,828,0
2384719616,s,Juri,1828,0.0
1922758544,s,Cammy,178,84.71657754010695
2663479546,s,Cammy,257,0
1249183002,s,Zangief,173,0
4220373195,s,Kimberly,578,0
1287004709,s,Lily,677,0
2114394516,s,Luke,1144,0
2309872507,s,Ryu,125,83.33333333333333
3875886383,s,Manon,131,0
4248651088,s,Cammy,765,0
3692502045,s,Ken,377,0
4268176420,s,Ryu,1343,0
2211935021,s,Ryu,344,0
2869212567,s,Ryu,147,0
2694431173,s,Ken,477,0
1183542477,s,Ken,137,60.196969696969695
2559800292,s,Ken,130,74.28571428571428
1197936991,s,Ken,718,331.3846153846154
2412789879,s,Ken,555,0
3301975714,s,Ken,195,0
4051427024,s,Ken,1996,0
2235543225,s,Ken,189,189.0
3295812458,s,Dee Jay,1354,0
3407694545,s,Dee Jay,714,0
3300085907,s,Lily,1440,0
2891255619,s,Ken,277,191.9561403508772
3236841144,s,Ken,379,166.22807017543857
1812816969,s,Ken,115,69.96503496503497
1005228398,s,Ken,531,158.27884615384616
3529243629,s,Ken,964,0
2238303846,s,Ken,245,122.5
1392487216,s,Juri,522,239.0
1332553957,s,Marisa,194,0
2378960335,s,Marisa,2006,0
2367520245,s,Marisa,726,0
2473167032,s,Marisa,1324,683.3548387096774
1344294137,s,Marisa,387,0
3747774761,s,Guile,2985,1800.4761904761904
3006566081,s,Luke,292,134.16216216216216
2114330174,s,Luke,643,178.3551688843398
2504360369,s,Cammy,2805,2805.0
4266135967,s,Cammy,565,565.0
1772449795,s,Cammy,215,0
1613490536,s,Cammy,150,0
1865738949,s,Cammy,775,322.9166666666667
3668471686,s,Cammy,270,0
1285371590,s,Cammy,138,75.27272727272727
3250373234,s,Cammy,265,117.77777777777777
2946833623,s,Cammy,1170,741.0
1497825757,s,Cammy,318,0
4219119223,s,Cammy,3471,1414.111111111111
1408673954,s,Cammy,315,0
2100896408,s,Ryu,718,0
2326162958,s,Ryu,372,372.0
1073152633,s,Ryu,273,0
3640358486,s,Ryu,120,0
1711017879,s,Ryu,472,0
2790144305,s,Ryu,317,0
1218083332,s,Manon,1201,0
2762250440,s,Manon,564,0
3741516686,s,Manon,318,0
2565905789,s,Manon,187,85.0
1581246681,s,Manon,104,0
2671740105,s,Manon,1513,0
2580659286,s,Manon,183,130.71428571428572
3235645373,s,Manon,617,0
3350642792,s,Manon,207,0
3770153674,s,Manon,180,77.14285714285714
3194610976,s,Manon,815,493.2894736842105
4157162670,s,Manon,124,0
3352892785,s,Manon,139,0
3220299486,s,Manon,443,0
1929460470,s,Zangief,140,61.25
3235135558,s,Zangief,766,0
1581968445,s,Zangief,1407,296.2105263157895
2789583824,s,Ryu,960,441.6
4044706355,s,Ken,984,408.53571428571433
2037587286,s,Ken,383,164.14285714285714
3525969644,s,Ken,1223,883.2777777777777
3769303300,s,Ken,1089,622.2857142857142
3479441295,s,Ken,270,0
2239114132,s,Ken,871,366.8798751950078
1564332263,s,Ken,186,79.98963730569947
3502547217,s,Ken,124,72.09302325581396
3853242417,s,Ken,347,0
3591735508,s,Dee Jay,461,230.5
3202948091,s,Rashid,1750,0
2223761616,s,Blanka,148,0
3462991340,s,Blanka,668,0
2709691510,s,Juri,299,0
1462443520,s,Juri,544,255.89473684210526
4104138072,s,Marisa,352,0
3872524224,s,Guile,157,93.64912280701753
2882297138,s,Guile,771,0
3201605715,s,Guile,1032,688.0
1960097371,s,Luke,232,114.55000000000001
1195333561,s,Luke,857,359.1361573373676
3753477400,s,Luke,189,0
2857455276,s,Luke,1232,0
2049801623,s,Luke,379,0
2606990200,s,Luke,375,0
3957672535,s,Luke,307,279.09090909090907
4212667658,s,Luke,652,246.3111111111111
2620194105,s,Luke,162,0
3832695979,s,Luke,1411,488.4230769230769
3459094961,s,Luke,1459,273.5625
2265091008,s,Edmond Honda,538,0
2008647104,s,Edmond Honda,482,0
3444588896,s,Edmond Honda,240,0
1589255255,s,Jamie,107,36.271186440677965
2487312197,s,Jamie,193,0
3741370273,s,Jamie,244,104.17977528089888
1714690057,s,Manon,283,185.41379310344826
2547510527,s,Manon,1311,0
3683562576,s,Zangief,985,0.0
3952224494,s,Zangief,291,136.76999999999998
3544406757,s,Zangief,413,0
3116504214,s,JP,864,128.0
1910902767,s,Dhalsim,449,237.7058823529412
1169563914,s,Dhalsim,139,0.0
4134108462,s,Cammy,1967,786.8000000000001
3177552460,s,Cammy,278,0
3704844532,s,Cammy,688,516.0
3522739679,s,Rashid,1040,298.51851851851853
4207326463,s,Juri,285,129.54545454545453
4231751331,s,Juri,345,146.94444444444446
3586259145,s,Marisa,343,0
1438012890,s,Marisa,1063,0
4061873707,s,Marisa,407,0
1942530146,s,Guile,182,0
2589041663,s,Guile,484,0
3379589090,s,Luke,142,89.83673469387756
1602645254,s,Luke,737,0
4154282266,s,Edmond Honda,549,304.0615384615385
3966739130,s,Edmond Honda,111,34.15384615384615
3157608094,s,Jamie,276,180.71428571428572
2417642224,s,Jamie,174,83.97683397683397
1691435304,s,Chun-Li,646,469.8181818181818
1466826453,s,Kimberly,559,411.89473684210526
2725909121,s,Chun-Li,479,239.5
2186228137,s,Manon,104,65.56521739130434
2102126521,s,Manon,745,0
3453174064,s,Manon,726,564.6666666666666
4096917173,s,Manon,220,0
3263954582,s,Zangief,556,348.6779661016949
3853687679,s,Zangief,192,0
1932641782,s,Zangief,132,95.03999999999999
3809444409,s,JP,558,0
3552137286,s,JP,252,0
1615476367,s,JP,1009,1009.0
2962035246,s,JP,303,209.76923076923077
3525602866,s,Cammy,287,125.5625
4232748185,s,Cammy,1399,0
3216519330,s,Cammy,326,0
2208396193,s,Zangief,286,157.3
2435168223,s,Zangief,109,0
3259415184,s,Zangief,1114,835.5
3298095295,s,Zangief,155,0
4174524911,s,Zangief,196,0
1692427550,s,Zangief,361,0.0
4260072656,s,Zangief,998,427.71428571428567
1674305410,s,JP,544,256.88888888888886
3652158102,s,JP,460,0
2963764369,s,Cammy,122,0
3223221871,s,Cammy,183,122.0
1452653146,s,Cammy,1207,634.1864406779662
3045655524,s,Cammy,327,127.95652173913044
2475783659,s,Cammy,404,197.0731707317073
1494852299,s,Cammy,456,96.0
1502794330,s,Cammy,1248,0.0
3463167888,s,Ryu,228,0
1838651396,s,Cammy,299,0
2591117221,s,Ryu,119,36.86413043478261
1598966006,s,Ryu,226,0
2671513683,s,Ryu,409,0
3092745554,s,Ryu,1881,940.5
3278285482,s,Ryu,706,308.2535211267605
1198334638,s,Ken,585,287.36842105263156
3459764616,s,Ken,352,0
1153849587,s,Ken,2430,1296.0
2661111005,s,Ken,1068,427.20000000000005
1235464969,s,Ken,1011,0
3868518472,s,Ken,146,69.94011976047904
4054829381,s,Dee Jay,626,0
1896552439,s,Dee Jay,521,355.2272727272727
2283806858,s,Dee Jay,134,0
1246979694,s,Cammy,690,305.0
4195763300,s,Cammy,989,412.5889570552147
2960830289,s,Cammy,530,0
3941494668,s,Cammy,983,548.2115384615385
2132608029,s,Cammy,538,0
1526875557,s,Cammy,854,538.3913043478261
1801269691,s,Cammy,1710,648.6206896551723
2902709650,s,Cammy,415,145.25
3646642300,s,Cammy,510,0
3839726786,s,Cammy,552,184.0
3422966826,s,Ryu,122,0
3679444704,s,Ryu,944,552.1509433962264
3797653780,s,Ryu,486,0
1515820640,s,Ryu,638,330.0
2807284283,s,Ken,538,196.60623229461757
3068909352,s,Ken,1479,0
2788451386,s,Ken,982,316.2372881355932
4248736508,s,Juri,201,59.11764705882353
1753688012,s,Juri,295,61.458333333333336
3090904267,s,Juri,2363,0
2263128745,s,Juri,1155,770.0
1938515871,s,Juri,164,123.0
1637436118,s,Juri,705,0
1989439364,s,Juri,399,79.80000000000001
4177301651,s,Juri,791,0.0
2201146312,s,Juri,2510,0
1040211881,s,Juri,2370,0
3862978510,s,Juri,198,99.0
4178662190,s,Juri,1212,499.9895561357703
2762398715,s,Juri,694,222.00537634408602
1492652000,s,Juri,522,0.0
3605088154,s,Ryu,397,397.0
2938768354,s,Ken,181,58.825
2516876855,s,Ken,139,0
2124024924,s,Ken,443,0.0
1055837484,s,Ken,299,137.0
2594899856,s,Ken,196,108.8888888888889
2057414031,s,Ken,255,0
1115140906,s,Ken,487,0
2945815770,s,Ken,619,0
3955552827,s,Ken,2363,1217.3030303030303
2719626272,s,Ken,211,96.03205128205128
2817125400,s,Ken,142,77.87096774193547
3733227262,s,Ken,144,0.0
3363118773,s,Lily,133,78.73599999999999
3985110026,s,Lily,590,0
3399290374,s,Lily,319,0
3508617214,s,Lily,229,0
1897439303,s,Ken,193,107.22222222222223
3155801929,s,Ken,301,0
3045562793,s,Ken,676,0
3335966770,s,Ken,488,97.60000000000001
2513247819,s,Ken,564,0
2813211383,s,Ken,498,0
2032958194,s,Ken,160,116.95431472081218
3810828686,s,Ken,168,80.0
1913203738,s,Ken,495,190.3846153846154
2616704245,s,Dee Jay,687,0
3067170695,s,Dee Jay,512,204.8
3552244869,s,Dee Jay,542,0
3548905517,s,Dee Jay,407,203.5
1093977162,s,Dee Jay,1040,469.6774193548387
4076312039,s,Dee Jay,412,242.3529411764706
3779863224,s,Ryu,237,0
2248843510,s,Ryu,494,211.7142857142857
3217401232,s,Ryu,797,88.55555555555556
2332740669,s,Ryu,472,0
3898562460,s,Ryu,1154,346.2
3959989400,s,Ryu,628,263.1227495908347
1492962578,s,Ryu,356,0
2832690836,s,Ken,251,0
2751840442,s,Ken,507,0
1153617454,s,Ken,769,0
4239437159,s,Ken,178,53.4
3119074954,s,Ken,265,0
1959516839,s,Ken,451,205.0
2762827084,s,Ken,1058,420.3013698630137
1636068445,s,Dhalsim,175,0
1625828043,s,Dhalsim,2490,830.0
2384326795,s,Cammy,202,82.63636363636364
2969161316,s,Cammy,336,0
1514339569,s,Cammy,997,606.8695652173914
3907065614,s,Cammy,2752,1320.96
2976577575,s,Cammy,1345,597.7777777777777
3563315360,s,Ryu,104,43.71014492753623
2323084549,s,Ryu,757,344.09090909090907
4232491009,s,Ryu,239,0
3536046285,s,Ken,164,94.6497277676951
2559739724,s,Ken,1024,465.45454545454544
1925095611,s,Ken,214,0
2436938846,s,Cammy,263,52.05208333333333
3818526555,s,Ryu,348,139.20000000000002
4005543446,s,Ryu,217,217.0
3737293995,s,Ryu,476,73.23076923076924
4099453481,s,Ryu,364,183.61061946902655
2147551555,s,Ryu,382,0
2418744950,s,Ryu,624,165.8181818181818
2516134819,s,Ryu,474,0
1451603588,s,Ryu,138,51.43636363636364
1454474151,s,Ryu,1439,392.45454545454544
2659679680,s,Ryu,170,87.74193548387096
1770224017,s,Ryu,332,0
1573717689,s,Ryu,299,0
2792800107,s,Cammy,650,0
2837096224,s,Cammy,867,0
3554992428,s,Cammy,1005,0.0
1354457305,s,Cammy,1589,1100.076923076923
2174379895,s,Cammy,269,0
1038528952,s,Cammy,554,0
3589979381,s,Cammy,233,99.53398058252426
3530917021,s,Cammy,410,0
1663418036,s,Cammy,302,114.83456790123458
3089797530,s,Ryu,794,0
4147631782,s,Ryu,227,108.56521739130434
2430279668,s,Ryu,3664,895.6444444444444
3692477721,s,Ryu,451,225.5
1135017777,s,Ryu,676,257.5238095238095
1237953346,s,Ryu,1936,1548.8000000000002
1614715180,s,Ryu,284,0
3028609466,s,Lily,1597,0
2627774433,s,Ryu,133,44.33333333333333
1424717374,s,Ryu,436,0
4010494338,s,Ryu,347,128.5185185185185
2238053828,s,Ken,1240,473.6111111111111
1223127934,s,Ken,447,0
1081744678,s,Dee Jay,357,0
2861807863,s,Lily,400,183.33333333333331
1953407162,s,Edmond Honda,135,0
3021687832,s,Jamie,206,95.37037037037037
2538519297,s,Jamie,349,184.4061135371179
1973137136,s,Jamie,374,216.25850340136054
1219447023,s,Jamie,115,0
2016608260,s,Jamie,561,0.0
2678616175,s,Jamie,134,64.0353982300885
1601107841,s,Random,1209,0
2435839978,s,Kimberly,167,0
3308780979,s,Chun-Li,155,0
3213601874,s,Chun-Li,1543,0
2549930405,s,Chun-Li,1029,0
2867668953,s,Dee Jay,549,182.13882352941178
3370734335,s,Dee Jay,750,150.0
1164182345,s,Lily,1515,0
4262427109,s,Lily,495,0
2943462219,s,Rashid,2777,1439.9259259259259
1681957564,s,Blanka,1299,866.0
1423655503,s,Blanka,196,0
3084076356,s,Juri,443,0
2936515316,s,Juri,791,0
2439940216,s,Juri,1548,860.0
3844919633,s,Juri,501,329.9268292682927
3212171181,s,Juri,363,40.33333333333333
2210932203,s,Juri,1071,389.45454545454544
1459613822,s,Marisa,1045,0
3420243078,s,Marisa,284,71.0
3538436990,s,Marisa,749,0
2085041892,s,Marisa,670,320.6134969325153
1415638570,s,Manon,531,389.4
2854201576,s,Zangief,372,0
3045377182,s,Zangief,662,0
1238737256,s,Zangief,178,85.64150943396227
3541347517,s,JP,1850,0
4290804581,s,Cammy,555,377.40000000000003
2429183362,s,Cammy,353,353.0
2281935056,s,Cammy,191,89.58407079646018
3170877985,s,Ryu,252,0
3158805545,s,Ryu,500,100.0
4228999593,s,Ryu,282,175.672131147541
2992994633,s,Ryu,761,468.3076923076923
2192308254,s,Ryu,1633,408.25
3754075397,s,Ryu,263,127.63235294117646
2099183348,s,Ryu,1481,0
3545806169,s,Jamie,184,0
1840105015,s,Jamie,165,113.92857142857143
1357016704,s,Jamie,595,0
1518568207,s,Jamie,309,0
1697418565,s,Kimberly,588,339.9375
1994619203,s,Kimberly,1439,0
3224544891,s,Chun-Li,3551,0
3449825214,s,Chun-Li,186,0
2879806576,s,Manon,736,0
4149795022,s,Manon,2614,0
1329664435,s,Manon,799,495.93103448275866
1258009611,s,Manon,3373,0
1691234854,s,Manon,996,0.0
1076225981,s,Cammy,263,187.85714285714286
2656687749,s,Ryu,244,122.0
2306308201,s,Ryu,556,239.5076923076923
3704782209,s,Ryu,450,213.36206896551724
2071457670,s,Ryu,300,161.53846153846152
2617458353,s,Ryu,283,0
4214655669,s,Ryu,890,0
2232638189,s,Ryu,377,0
1539919795,s,Ryu,472,0
2127066112,s,Ken,369,182.5578947368421
1519861728,s,Ken,268,0
2705406221,s,Ken,131,0
1205019166,s,Ken,2218,1419.52
1539056942,s,Ken,166,0
1118261386,s,Ken,838,446.93333333333334
2963197123,s,Ken,510,0
2133534638,s,Ken,191,15.280000000000001
2799774222,s,Ken,922,0
2937877880,s,Ken,294,0
1610899089,s,Ken,320,154.69194312796208
3940217502,s,Ken,3429,1143.0
3443509119,s,Ken,238,0
2785350006,s,Lily,1147,569.9815950920246
2331640279,s,Lily,254,72.57142857142857
2367827137,s,Lily,1262,262.3960396039604
3430822095,s,Rashid,590,393.3333333333333
2088262258,s,Rashid,253,156.72566371681415
2765950546,s,Rashid,429,259.39534883720927
3515730735,s,Rashid,710,0
2090522078,s,Blanka,559,0
3763657013,s,Juri,891,475.2
3412457099,s,Ken,124,0
3942500640,s,Ken,1045,413.5883905013192
1423465805,s,Dee Jay,250,83.33333333333333
2879901295,s,Dee Jay,753,0
2537179245,s,Dee Jay,213,0
2954006423,s,Dee Jay,152,0
2790287055,s,Dee Jay,450,0
3926756367,s,Dee Jay,3470,0
4213391111,s,Dee Jay,277,118.71428571428571
2589179288,s,Dee Jay,148,0
3391134183,s,Dee Jay,275,0
1882089178,s,Zangief,288,0
2876322790,s,Zangief,888,444.0
2927844038,s,Zangief,167,0
1975330720,s,Zangief,612,210.375
3188722907,s,JP,1829,0
1091557498,s,Dhalsim,459,224.4890829694323
3953085101,s,Dhalsim,236,0
1844758610,s,Cammy,1797,898.5
2098868105,s,Cammy,243,0
1995997382,s,Cammy,1284,475.55555555555554
1549867683,s,Cammy,198,0
2207124214,s,Cammy,744,0
1748169737,s,Cammy,1121,224.20000000000002
3969127263,s,Cammy,722,0
1002966593,s,Edmond Honda,197,0
2737225093,s,Edmond Honda,701,336.47999999999996
3451897019,s,Edmond Honda,465,0
2504455852,s,Jamie,1589,0
2359885969,s,Jamie,1358,0
1559837687,s,Jamie,894,0
3203909904,s,Jamie,1901,0
2413063286,s,Jamie,1008,0
1329520508,s,Jamie,105,54.193548387096776
3422789021,s,Jamie,153,51.0
1119562377,s,Jamie,719,299.58333333333337
2261039281,s,Jamie,562,0
3504111238,s,Jamie,1524,0
2948242759,s,Kimberly,819,0
2131217952,s,Kimberly,1335,0
2641166789,s,Ken,719,175.75555555555556
2878679509,s,Ken,957,0.0
3625290967,s,Ken,583,0.0
3780317944,s,Ken,557,229.06213017751477
3974361270,s,Ken,211,0
1186784121,s,Luke,152,0
1161176919,s,Luke,1902,0
2127037418,s,Luke,1459,972.6666666666666
3711807619,s,Luke,425,182.14285714285714
3242425447,s,Edmond Honda,1457,0
2230914371,s,Edmond Honda,1530,1530.0
2315083435,s,Jamie,210,107.66497461928934
3575039750,s,Jamie,299,110.0757180156658
1139687699,s,Jamie,311,155.5
3658061823,s,Jamie,398,195.56896551724137
1486487002,s,Random,685,0
2091524257,s,Kimberly,276,0
2939242708,s,Kimberly,128,35.84
1408476841,s,Kimberly,219,0
2902518570,s,Juri,172,80.0503144654088
3526340587,s,Juri,2363,1329.1875
4294387890,s,Juri,460,0
1181856148,s,Juri,564,274.1666666666667
1772937803,s,Marisa,441,0
4047345058,s,Marisa,248,0
3749814042,s,Marisa,112,70.32558139534883
1549369437,s,Marisa,464,264.1230769230769
2703952253,s,Marisa,270,0
2316583406,s,Marisa,577,0
4042437418,s,Marisa,173,0
3070879627,s,Luke,196,78.4
3338134715,s,Luke,1664,0
2594796930,s,Luke,167,0
3757412839,s,Edmond Honda,122,63.32824427480916
2994714937,s,Manon,285,0
2293958985,s,Manon,316,242.26666666666668
3999309382,s,Manon,1009,807.2
3833580460,s,Manon,5490,0
3287893055,s,Manon,963,0
1760135565,s,Manon,453,0
3378496347,s,Ken,132,0
4239886234,s,Ken,858,0
4239660905,s,Ken,1480,0
1622673935,s,Ken,582,0
2793294959,s,Ken,287,109.61805555555554
3931765807,s,Ken,529,69.0
3985016135,s,Ken,214,0
2498961869,s,Ken,186,82.66666666666666
3217545991,s,Ken,105,47.833333333333336
1465869148,s,Ken,763,197.8148148148148
1493158843,s,Kimberly,1235,1097.7777777777778
3834968635,s,Kimberly,118,0
1384397359,s,Chun-Li,384,259.4594594594595
2092741782,s,Chun-Li,315,0
1699285648,s,Chun-Li,125,0
3441217635,s,Manon,395,149.45945945945948
1831287902,s,Manon,1798,0
3869243719,s,Ken,311,0
1270388407,s,Ken,242,0
2036327517,s,Ken,270,180.0
1583445688,s,Ken,318,156.16071428571428
2884756857,s,Juri,185,80.43478260869566
3810626648,s,Juri,408,257.6842105263158
2227028197,s,Edmond Honda,434,0.0
3874805895,s,Edmond Honda,589,0
1508411297,s,Edmond Honda,766,0
3782291182,s,Edmond Honda,130,0
3356452025,s,Luke,105,38.18181818181818
1364693294,s,Ryu,291,0
2572811976,s,Lily,1157,0
2973499198,s,Cammy,373,161.63333333333333
3692862196,s,Cammy,442,0
1287653245,s,Cammy,711,258.69718309859155
2841821059,s,Ken,277,98.72804054054053
1979943572,s,Ken,644,429.3333333333333
3432181295,s,Ken,597,272.94747081712063
1417593814,s,Ken,190,70.37037037037037
3793906930,s,Ken,142,76.46153846153845
1545961944,s,Ken,171,97.71428571428571
1031061725,s,Ryu,1732,0
2088501603,s,Luke,478,239.0
1489491550,s,Luke,565,295.95238095238096
1340668968,s,Luke,111,0
3360120146,s,Rashid,638,0
3541502137,s,Lily,248,63.3984962406015
4075370243,s,Lily,444,0
1349174357,s,Guile,206,0.0
3927808989,s,Marisa,542,368.56
3670121853,s,Ken,155,0
2447257820,s,Edmond Honda,119,0
2304851558,s,Chun-Li,124,0
1371810766,s,Marisa,193,97.78666666666668
1482092091,s,Guile,744,0
3898405062,s,Ryu,257,0
4225704420,s,Luke,350,164.7058823529412
1099894187,s,Juri,248,165.33333333333331
3700476141,s,Juri,270,0
1252751166,s,Juri,2214,904.3098591549297
1242917429,s,Juri,155,0
1620773629,s,Juri,171,0
1592371946,s,Juri,320,0
3071847620,s,Marisa,2374,0
3136695408,s,Marisa,526,0.0
2973254701,s,Juri,200,99.18032786885246
1112830691,s,Marisa,213,0
3529775524,s,Luke,674,0
3895590886,s,Manon,160,0
2681658640,s,Ken,142,40.57142857142857
1709236796,s,Luke,618,268.69565217391306
3015752892,s,Ryu,1916,1714.3157894736842
2926833373,s,Chun-Li,292,0
2691597815,s,JP,267,0
4077109893,s,Marisa,294,168.68852459016392
3384734834,s,Chun-Li,115,0
1347116699,s,Manon,709,0
1124861219,s,Manon,402,0
2352997272,s,Manon,739,0
2551464971,s,Manon,134,44.666666666666664
3082888550,s,Zangief,349,0
4259463341,s,Zangief,258,129.0
4109868509,s,Zangief,252,0
1175410349,s,Zangief,1152,0
2871609226,s,Zangief,1360,868.8888888888888
1436106129,s,Zangief,586,298.52830188679246
2109842318,s,JP,176,0
2098607666,s,JP,1121,653.9166666666667
1656540180,s,Cammy,382,0
3794712904,s,Cammy,302,165.0103092783505
1652945000,s,Cammy,534,229.8227848101266
3823950770,s,Cammy,2883,0
3738469692,s,Cammy,422,0
2305715305,s,Cammy,369,151.65706806282722
1763068869,s,Guile,212,0
2021488294,s,Luke,137,73.39285714285714
1369556598,s,Luke,194,118.08695652173914
1768738655,s,Luke,1254,394.1142857142857
3307380066,s,Edmond Honda,1034,0
1991669044,s,Jamie,285,83.125
3140804525,s,Kimberly,1752,723.047619047619
4276887368,s,Kimberly,2827,188.46666666666667
4174099250,s,Chun-Li,364,0
2420612748,s,Manon,125,0
2605621507,s,Manon,282,0
2329523454,s,Manon,217,0
3376074071,s,Manon,261,0
2364145564,s,Zangief,1487,1160.5853658536587
1403116872,s,Dhalsim,705,0
1712631211,s,Cammy,509,230.82558139534882
1914433707,s,Cammy,578,311.2307692307692
1944389529,s,Cammy,477,99.0
3433210107,s,Cammy,152,76.0
2513642888,s,Ryu,479,159.66666666666666
2741036332,s,Ryu,244,0
3402781599,s,Ryu,213,0
1283247694,s,Ryu,1868,0
2400283536,s,Ryu,1825,0
3000582794,s,Ryu,933,408.6694214876033
3124671643,s,Ryu,627,365.75
1297456054,s,Ryu,235,0
3069401941,s,Ryu,1366,0
3152519261,s,Ken,158,0
1114256280,s,Chun-Li,1265,646.3503649635037
1903444774,s,Manon,1352,0
1188797056,s,Manon,1779,0
3276914659,s,Manon,1026,301.7647058823529
2617308188,s,Manon,229,130.85714285714286
2812612123,s,Manon,1460,0
1857681417,s,Zangief,419,139.66666666666666
2636638729,s,Zangief,272,0
4288290354,s,Zangief,399,0
3606156471,s,Zangief,644,450.79999999999995
3730950227,s,Zangief,343,0
1612362550,s,JP,201,89.92105263157895
2208107794,s,JP,671,0
4222041264,s,JP,489,198.65625
4135097265,s,Ryu,285,135.3958944281525
3728053341,s,Ryu,139,0
3493941732,s,Ken,1377,0
2966767451,s,Ken,176,105.8159509202454
3351684826,s,Ken,208,0
4095940222,s,Ken,367,0
2088228840,s,Ken,1395,0
3399260114,s,Ken,273,74.45454545454545
3514391487,s,Dee Jay,267,0
1062170409,s,Dee Jay,653,0
3151402542,s,Blanka,456,456.0
3255066453,s,Juri,261,0
2864792697,s,Juri,108,50.53211009174312
2638186293,s,Juri,574,280.1666666666667
1924974689,s,Juri,538,269.0
1021845135,s,Luke,172,0
1494901821,s,Luke,416,158.08
3068134503,s,Edmond Honda,101,0
3772579964,s,Edmond Honda,187,0
2590649730,s,Edmond Honda,153,0.0
2056957101,s,Jamie,3513,0
3609694630,s,Jamie,377,0
3729811711,s,Jamie,163,81.5
1510053195,s,Kimberly,1317,744.391304347826
4238016942,s,Kimberly,5273,0
4060659214,s,Kimberly,179,0
1904182643,s,Kimberly,103,82.4
1077620929,s,Chun-Li,221,117.86666666666666
1880213376,s,Manon,284,98.3076923076923
1682231826,s,Manon,600,0
1051726171,s,Manon,418,245.8823529411765
3000654829,s,Zangief,760,207.27272727272725
3283942494,s,Zangief,160,65.57377049180329
1959253538,s,Zangief,2255,1610.7142857142858
4047142159,s,Ken,832,326.85714285714283
1714685344,s,Ken,221,0
2639092299,s,Ken,185,0
3191449384,s,Ken,706,0
2062301043,s,Ken,650,255.6081081081081
3711993662,s,Ken,806,0
3822386137,s,Ken,211,0
4132144789,s,Ken,807,0
2054388825,s,Dee Jay,1185,0
3958949725,s,Dee Jay,607,202.33333333333331
2683823288,s,Lily,1573,0
4118171716,s,Lily,107,0
1887437856,s,Blanka,1107,0
3014998789,s,Blanka,3029,0
3299305062,s,Zangief,1945,0
1306815501,s,Zangief,131,64.02255639097744
1623229106,s,Zangief,147,0
1473146742,s,Dhalsim,2025,1231.7010309278348
1107871968,s,Dhalsim,1577,940.1346153846154
2632057685,s,Dhalsim,3607,1545.8571428571427
1830245712,s,Cammy,199,0
1719599535,s,Ryu,105,44.1588785046729
3771012629,s,Ryu,1393,715.3243243243243
3167762577,s,Ryu,226,0
2901667063,s,Ken,266,108.96385542168674
1169378225,s,Ken,841,555.6607142857142
3667416542,s,Ken,294,0
2514383003,s,Ken,541,170.8421052631579
1687167552,s,Ken,1065,0
2592906704,s,Dee Jay,815,0
3458556606,s,Dee Jay,406,220.65217391304347
1476353766,s,Dee Jay,295,0
3312666135,s,Lily,118,64.50666666666666
3434162073,s,Luke,434,0
2667818470,s,Luke,134,41.875
1432904828,s,Luke,792,316.8
2446984120,s,Luke,1109,0
3588928221,s,Luke,1094,109.4
2458527580,s,Luke,654,0
3359508188,s,Luke,1230,492.0
1985758490,s,Luke,100,6.666666666666667
4122963252,s,Luke,170,0
1019228034,s,Luke,2940,0
1333590575,s,Luke,263,137.76190476190476
3510106366,s,Luke,548,365.3333333333333
3407835921,s,Luke,103,0
3329255655,s,Luke,847,0
3781016201,s,Marisa,170,85.0
1853458808,s,Guile,539,0
3321885426,s,Luke,180,0.0
2175749139,s,Luke,1252,0
2277110653,s,Luke,340,0
1615045958,s,Luke,1780,0
2216252149,s,Edmond Honda,988,0.0
4219711818,s,Edmond Honda,979,0
1699844461,s,Edmond Honda,156,0
1635907969,s,Jamie,208,0
1152786831,s,Jamie,136,0
3363247652,s,Random,946,315.3333333333333
4077293137,s,Kimberly,334,142.98327759197323
3792607656,s,Chun-Li,440,0
3212117801,s,Manon,227,160.23529411764707
2066190513,s,Marisa,197,0
2773827511,s,Marisa,167,97.41666666666667
1126395669,s,Marisa,3955,2636.6666666666665
3012260003,s,Marisa,116,57.0
3619102806,s,Marisa,255,72.85714285714285
2469420480,s,Marisa,125,53.57142857142857
1245340139,s,Marisa,3147,0
3908406307,s,Marisa,616,0
3720447541,s,Marisa,526,230.61083743842366
2424327459,s,Guile,526,0
1465537835,s,Luke,1451,362.75
2831946881,s,Luke,212,0
1365997860,s,Luke,643,0
2305969105,s,Marisa,698,232.66666666666666
1680380999,s,Marisa,234,0
1503678121,s,Marisa,121,59.212765957446805
1511459042,s,Marisa,177,0
2471256731,s,Guile,1540,0
4029769200,s,Jamie,1668,1112.0
2449222468,s,Kimberly,538,240.38297872340425
3901911898,s,Chun-Li,966,461.04545454545456
3829557424,s,Chun-Li,700,466.66666666666663
3404605017,s,Chun-Li,1647,1411.7142857142856
1041253734,s,Manon,141,75.32876712328768
2695518274,s,Manon,530,206.82926829268294
2477785425,s,Manon,823,324.86842105263156
1540753846,s,Manon,1036,414.40000000000003
3315193060,s,Manon,401,213.23015873015873
1951765419,s,Zangief,1341,0
1989195133,s,Zangief,1377,639.9
2747340880,s,Zangief,111,82.04347826086956
1887788532,s,JP,118,91.18181818181817
2499033974,s,JP,391,0
1634496376,s,Cammy,434,0
2743834551,s,Cammy,812,541.3333333333333
3612349996,s,Jamie,150,82.89473684210527
1494824544,s,Jamie,1191,649.6363636363636
3556290658,s,Jamie,130,0
1689162398,s,Jamie,695,0
2930690461,s,Jamie,1437,0
2401174635,s,Jamie,190,0
1499171220,s,Jamie,1475,0.0
4250300493,s,Random,161,0
1335308161,s,Kimberly,219,125.14285714285714
3806140682,s,Kimberly,1035,345.0
2913833629,s,Kimberly,656,0
4154592418,s,Kimberly,114,0
2169601749,s,Kimberly,782,156.4
3737680730,s,Kimberly,142,0.0
2784250687,s,Kimberly,220,0
3551385135,s,Kimberly,228,0
1090501412,s,Ryu,408,153.9622641509434
3925429095,s,Ryu,176,0
2276163272,s,Ryu,276,0
1376956111,s,Ryu,2243,1329.1851851851852
4076207153,s,Ryu,463,0
3194266649,s,Ryu,663,0
2935221007,s,Ryu,444,55.5
3153900135,s,Ryu,200,0
3954782268,s,Ryu,347,0
2916551085,s,Ken,227,140.3272727272727
1972412072,s,Ken,498,0
1486030527,s,Ken,197,0
3051781465,s,Ken,136,0
2006159667,s,Ken,146,0
2474575418,s,Ken,117,47.44700460829493
3314104144,s,Ken,550,202.6315789473684
2398137249,s,Ken,634,487.69230769230774
3912283918,s,Ken,202,83.34265734265735
2455870401,s,Luke,555,370.0
2596685781,s,Luke,2609,0
3842198338,s,Luke,220,146.66666666666666
2344708156,s,Edmond Honda,903,0
1374072280,s,Edmond Honda,395,0
4238678854,s,Jamie,468,253.49999999999997
3140522759,s,Kimberly,734,0
3061354336,s,Kimberly,1115,0
3613050848,s,Kimberly,1115,0
3262090643,s,Kimberly,4474,0
3950828738,s,Kimberly,387,0
2599553256,s,Kimberly,155,0
3881831007,s,Kimberly,103,0
1954120979,s,Chun-Li,1815,0
2821732899,s,Chun-Li,1147,465.0
2218202120,s,Chun-Li,855,432.5892857142857
1060527587,s,Chun-Li,1627,0
3934888179,s,Manon,1690,0
2569702425,s,Manon,2199,0
2925352517,s,Ryu,219,162.31764705882352
3884484708,s,Ken,154,62.74074074074074
2132177839,s,Ken,274,131.78546712802768
4063743609,s,Ken,380,142.05607476635512
3000948324,s,Ken,167,0
3321885747,s,Ken,578,297.2571428571428
1875869415,s,Ken,1528,716.25
2021982797,s,Dee Jay,124,49.40625
3426770325,s,Dee Jay,252,0
4093958938,s,Dee Jay,2882,0.0
1425146209,s,Dee Jay,7232,0.0
1830412595,s,Lily,2294,0
1620116006,s,Lily,2233,0
1296486654,s,Rashid,383,0
1181517735,s,Rashid,736,480.0
3399770040,s,Blanka,205,51.25
1167697674,s,Juri,348,0
1129571413,s,Guile,194,0
2978422038,s,Guile,246,0
2471787067,s,Guile,259,259.0
2800058629,s,Guile,602,0
3069810404,s,Luke,109,0
2615122840,s,Luke,227,227.0
2950278977,s,Luke,272,0
1116940337,s,Luke,154,0
4057330037,s,Luke,242,0
3981402801,s,Luke,243,48.6
3399962102,s,Luke,1271,0
2127767917,s,Luke,233,102.79411764705883
2907315700,s,Luke,206,0
2351255541,s,Luke,2342,0
2629822333,s,Edmond Honda,1184,592.0
2647848520,s,Edmond Honda,1543,385.75
2663826237,s,Edmond Honda,651,0
1433404860,s,Edmond Honda,459,196.7142857142857
1084612523,s,Marisa,451,0
2737579195,s,Guile,1090,0
1514470692,s,Guile,354,0
4269682432,s,Guile,163,51.473684210526315
4067055923,s,Luke,500,0
1661586267,s,Luke,1484,548.8767123287671
2662389738,s,Luke,1101,0
3308975105,s,Edmond Honda,275,0
4197113773,s,Edmond Honda,579,0
1229386428,s,Edmond Honda,201,87.39130434782608
3411152644,s,Jamie,374,0
2451879209,s,Jamie,631,0.0
3132072120,s,Jamie,605,161.33333333333334
1413642906,s,Jamie,148,0
3847911044,s,Jamie,1619,0
1569981509,s,Kimberly,512,292.57142857142856
3841838679,s,Chun-Li,236,133.81443298969072
4217460516,s,Chun-Li,775,297.08333333333337
4215203888,s,Chun-Li,1543,700.2369477911647
2770594618,s,Chun-Li,296,0
3699215707,s,Manon,115,0
2579879416,s,Manon,714,0.0
3071886829,s,Manon,516,0
4141483258,s,Manon,308,0
3462844451,s,Manon,614,0
1003150272,s,Manon,452,150.66666666666666
2396376792,s,Manon,271,0
3632827777,s,Ken,533,366.4375
1725271034,s,Manon,546,0
2146278711,s,Manon,843,0.0
3384700967,s,Manon,937,234.25
1471605502,s,Manon,553,0
3813253952,s,Manon,405,0
2856451134,s,Edmond Honda,120,0
2171007006,s,Jamie,1376,434.52631578947364
2572220050,s,Jamie,549,198.5744680851064
2018838500,s,Jamie,138,58.57959183673469
3800042090,s,Ken,1153,0
3184268882,s,Kimberly,1353,0
3897371914,s,Kimberly,140,0
1276370772,s,Kimberly,208,74.88
3703646432,s,Kimberly,1097,0.0
2516285248,s,Chun-Li,1120,844.3076923076923
2008382587,s,Chun-Li,1051,0.0
3619594708,s,Chun-Li,117,0
1715223865,s,Manon,801,261.49484536082474
1048267318,s,Manon,113,0
3795725203,s,Manon,974,0
3924389687,s,Manon,1820,0
3696429998,s,Manon,538,0
1554176113,s,Ken,499,0
2901944816,s,Ken,675,0
4045720981,s,Ken,786,0
2831042383,s,Ken,388,138.57142857142858
2154351336,s,Ken,1039,601.5263157894738
2278976470,s,Ken,330,0
2043342795,s,Ken,503,201.20000000000002
3388100853,s,Ken,100,50.0
2076618010,s,Ken,907,907.0
3513029584,s,Ken,2986,0
2707543942,s,Ken,207,109.25
2169060852,s,Ken,211,125.03703703703702
2840777772,s,Guile,728,0
3580715133,s,Luke,210,124.0909090909091
1259296844,s,Jamie,485,321.6315789473684
2598766834,s,Manon,345,0
1261379195,s,Zangief,908,735.047619047619
2791829878,s,JP,1301,0
2667928269,s,Cammy,165,0
2209460670,s,Ken,265,151.42857142857142
1505492401,s,Ken,171,171.0
3544955173,s,Ken,1066,376.32564841498555
4105049973,s,Rashid,272,149.33333333333334
3210324074,s,Juri,759,474.375
3826329321,s,Marisa,209,0
4214321026,s,Marisa,2447,0
1223483111,s,Marisa,769,0
2674590503,s,Marisa,290,0
3716587075,s,Marisa,201,0
4268537115,s,Marisa,318,0
3211934437,s,Guile,1037,0
2489920006,s,Luke,606,330.5454545454545
2269883385,s,Luke,264,126.0
2019599765,s,Luke,722,0
1992103184,s,Luke,158,118.5
2806670676,s,Luke,1456,647.1111111111111
1938169534,s,Luke,106,0
4103215887,s,Luke,679,0
3475751175,s,Luke,2426,0
2014780231,s,Edmond Honda,484,0
2236177519,s,Jamie,375,0
3114740113,s,Random,401,0
1613910635,s,Kimberly,148,16.24390243902439
2854322522,s,Kimberly,710,0
1631512276,s,Dee Jay,278,0
3547495446,s,Dee Jay,290,0
1581701761,s,Zangief,273,0
2949226937,s,Rashid,1401,0
3887471185,s,Chun-Li,155,0
2095377357,s,Edmond Honda,263,116.88888888888889
3511862093,s,Cammy,248,0
1787057748,s,Marisa,399,174.5625
2193711134,s,Juri,211,0
3388109916,s,JP,679,203.7
2360056262,s,Ken,833,0
3855544392,s,Zangief,1314,895.9090909090909
4204139269,s,Marisa,3019,0
1389633677,s,Marisa,421,252.6
2660679194,s,JP,679,242.5
1011926129,s,Jamie,421,0
2309431291,s,Rashid,203,68.60975609756098
2728255177,s,Manon,132,132.0
2704391622,s,JP,773,0
1875038504,s,Edmond Honda,215,134.375
2199401785,s,Ken,123,0
1210601939,s,Chun-Li,2683,0
1396016295,s,Chun-Li,141,74.0
3440000811,s,Marisa,334,139.16666666666669
1315820028,s,Chun-Li,131,20.549019607843135
2226204024,s,Blanka,1620,0
3174640159,s,Manon,289,0
1629717092,s,Marisa,336,189.1891891891892
3420801757,s,Ryu,2662,1901.4285714285716
3542055604,s,Juri,150,68.10810810810811
1776261708,s,Juri,147,101.0625
4172409982,s,Juri,151,0
2929040261,s,Juri,105,0
3000802057,s,Juri,119,29.75
1597311282,s,Juri,1594,0
2952195290,s,Juri,1073,0
2855113849,s,Juri,109,0
3461015342,s,Juri,197,0
2930638274,s,Juri,1291,903.6999999999999
3897100684,s,Juri,1102,551.0
1047499774,s,Juri,1134,75.6
2221059043,s,Juri,201,0
2531018127,s,Juri,245,0
2069980056,s,Juri,216,0
3529899389,s,Juri,340,144.85207100591717
3867924069,s,Juri,118,71.82608695652175
1521025236,s,Juri,1576,0
2914119727,s,Ryu,193,105.86893203883494
1418114290,s,Ryu,883,0
2924024690,s,Ryu,1226,0
4185417015,s,Ryu,311,0
1279767530,s,Ryu,324,0
4178459616,s,Ken,225,0
2925251291,s,Ken,406,0
1326409321,s,Ken,129,77.39999999999999
4092749833,s,Ken,341,184.44025157232704
2933001965,s,Dee Jay,1871,1871.0
2180151014,s,Lily,281,0
3247988516,s,Rashid,154,0
1984431102,s,Juri,266,0
3531457624,s,Marisa,389,0
3168168088,s,Marisa,396,178.4
4283539711,s,Guile,1537,999.0500000000001
1723979618,s,Guile,193,0
1067892092,s,Luke,383,0
3549147678,s,Marisa,442,196.44444444444443
3482401840,s,Marisa,166,0
2272113257,s,Guile,237,184.33333333333334
1019258696,s,Guile,2264,0
2277042901,s,Luke,2891,0
3829632249,s,Luke,669,0
1509871904,s,Luke,1111,0
3887616321,s,Luke,940,0
