3224268209,g,Lily,181,0
1509542798,g,Ryu,106,41.64285714285714
1050311711,g,Ryu,2420,792.0
4115120363,g,Lily,926,0
2933535908,g,Guile,172,118.25
2400564733,g,Ken,428,0
3853659026,g,Dhalsim,486,136.6875
1116841237,g,Marisa,925,544.1176470588235
2696337611,g,Cammy,1732,747.9090909090909
2639362655,g,Edmond Honda,1045,0
3425942059,g,Kimberly,589,287.3170731707317
3637108179,g,Ken,1702,0
2595601325,g,Rashid,2339,1061.212962962963
1714092708,g,Kimberly,369,194.75
4247714011,g,Guile,919,0.0
3184942380,g,Dee Jay,1227,1227.0
3468650531,g,Zangief,153,0
2218286037,g,Dee Jay,423,0
3277056692,g,Ryu,4156,1982.0923076923077
2151317508,g,Marisa,635,0
2342322630,g,Rashid,751,0
3991835724,g,Ken,256,129.50588235294117
3129448293,g,Luke,1062,650.475
3151252941,g,Zangief,578,235.48148148148147
4003552365,g,Dee Jay,412,0
3841743551,g,Cammy,624,340.9484536082474
3111512695,g,Cammy,916,0
1448096531,g,Manon,365,190.0257731958763
1262355971,g,Guile,1034,634.1866666666666
3945606711,g,Guile,407,203.5
2414094005,g,Luke,512,190.17142857142858
2480954062,g,Luke,976,537.5072463768116
1198449706,g,Luke,263,162.02678571428572
3549100926,g,Jamie,322,161.0
3827535076,g,Jamie,258,0
3294601982,g,Manon,1286,321.5
2374569316,g,Manon,1397,789.6086956521739
2057740841,g,Zangief,1167,544.6
3351973873,g,Zangief,591,255.31199999999998
1588162097,g,Zangief,219,0
2914743954,g,JP,473,260.15000000000003
3503741623,g,Cammy,1251,574.9937888198757
3679985490,g,Cammy,1063,774.728813559322
3866386216,g,Ryu,304,146.57142857142858
1885364718,g,Ryu,1058,488.3076923076923
2269826573,g,Ryu,1189,0
3258982410,g,Luke,622,0
3935381396,g,Luke,2161,1200.5555555555557
2033977251,g,Luke,2194,0
2109367254,g,Luke,235,0
4130260643,g,Luke,559,0
1780793813,g,Luke,977,450.92307692307696
3503985347,g,Luke,273,156.975
3012077500,g,Luke,2030,0
4282056721,g,Luke,770,0
2504945470,g,Luke,214,0
2583309397,g,Luke,599,0
2686881657,g,Luke,857,0
2745618435,g,Luke,439,0
3977850300,g,Luke,4623,462.3
2192755484,g,Manon,1149,566.84
1637563488,g,Manon,429,0
1515685389,g,Zangief,769,357.0357142857143
3477957058,g,Zangief,723,0
1622224107,g,Zangief,824,0
4187331123,g,Zangief,1993,0
4015003384,g,Zangief,486,270.0
4180978796,g,Zangief,294,0
1368832028,g,Zangief,504,243.75700934579442
2337666403,g,Zangief,262,23.81818181818182
2520876622,g,Zangief,522,371.925
2658852238,g,Zangief,410,344.7727272727273
1920150073,g,JP,267,152.08860759493672
2252169543,g,JP,745,186.25
3476989253,g,Dhalsim,823,411.5
2977805650,g,Dhalsim,1199,0
3327401494,g,Cammy,485,60.625
3030429967,g,Cammy,394,200.8627450980392
1332932206,g,Cammy,1214,505.83333333333337
2238291243,g,Cammy,4159,0.0
3350832202,g,Cammy,200,110.00000000000001
3269206543,g,Cammy,757,313.61428571428576
1935247443,g,Cammy,608,0
3401059593,g,Ryu,738,217.05882352941177
2791206061,g,Ryu,1010,425.7843137254902
4120016695,g,Ryu,312,126.51968503937007
3856074308,g,Ryu,1024,629.3333333333334
1843672891,g,Ryu,479,275.7878787878788
4079299079,g,Ryu,1067,0
2671921933,g,Ken,521,298.43689320388347
3411161398,g,Ken,191,45.476190476190474
3144083481,g,Ken,653,298.17351598173514
1873422887,g,Ken,706,0
4001325533,g,Ken,661,0
3791774944,g,Cammy,2366,1183.0
2514875758,g,Ryu,103,15.846153846153847
2444798475,g,Ryu,616,0
1754091114,g,Ryu,829,456.3302752293578
4170691445,g,Ryu,179,89.5
1900231856,g,Ryu,855,376.97727272727275
1668463670,g,Ryu,175,58.33333333333333
3829199198,g,Ryu,586,450.7692307692308
4208706223,g,Ryu,258,0
1993773508,g,Ryu,145,0
3104442305,g,Ryu,1053,574.3636363636364
2568042093,g,Ryu,1019,0
3113353974,g,Ryu,865,0
4156469952,g,Ryu,520,295.86206896551727
1651352819,g,Ryu,1305,629.1964285714286
1386972747,g,Ryu,360,259.5348837209302
2808286476,g,Ryu,1068,690.2926829268293
2180625831,g,Ryu,209,0
1746065135,g,Ryu,448,0
2281953337,g,Dee Jay,352,352.0
2589201721,g,Dee Jay,1034,728.5
1936240288,g,Dee Jay,369,0
1295589328,g,Lily,1157,736.2727272727273
2639124016,g,Rashid,747,430.585152838428
1834829770,g,Blanka,269,244.54545454545453
2690454017,g,Blanka,597,0
3365032395,g,Juri,539,0
3521260629,g,Juri,505,228.40248962655602
2448645511,g,Juri,610,333.89473684210526
3078166381,g,Marisa,819,0
3063314246,g,Marisa,310,0
1807693314,g,Marisa,909,486.66461538461533
3035832327,g,Marisa,1652,0
1420543301,g,Guile,171,0
2078952757,g,Guile,602,309.3611111111111
1871911848,g,Guile,966,540.96
2755260419,g,Zangief,932,541.1612903225807
3667517373,g,Zangief,1193,0
2276254287,g,Zangief,691,345.5
2531573415,g,Zangief,563,137.78684210526316
2792133371,g,JP,840,500.0
4281312448,g,JP,687,361.11538461538464
1673379854,g,JP,537,324.5179856115108
2823779144,g,Dhalsim,991,513.8518518518518
3308199490,g,Cammy,922,0
3032035433,g,Cammy,369,128.75179856115108
3015445320,g,Cammy,349,193.543429844098
1768552591,g,Cammy,2205,1070.635838150289
2537622033,g,Cammy,1497,0
4266411854,g,Cammy,337,204.47191011235955
4293173525,g,Ryu,763,307.08008213552364
3076503835,g,Ryu,836,836.0
1965505213,g,Ken,567,255.40540540540542
3565709322,g,Ken,1036,292.78260869565213
1300687687,g,Ken,545,242.2222222222222
2799749588,g,Luke,138,0
3380205093,g,Luke,368,184.0
2036230592,g,Luke,369,0
1799135414,g,Luke,368,184.0
2967888515,g,Luke,348,0
1201102616,g,Luke,850,0
4000927170,g,Luke,426,0
1389004673,g,Luke,194,0
2248718842,g,Luke,515,248.74149659863946
4042629827,g,Luke,467,0
3342366667,g,Luke,2240,1200.8247422680413
3828728836,g,Luke,474,355.5
1670336867,g,Luke,112,62.78787878787878
2168824177,g,Luke,311,0
2630294432,g,Edmond Honda,225,134.1346153846154
1239967240,g,Edmond Honda,1021,0
2921628795,g,Edmond Honda,363,103.71428571428571
1745266702,g,Edmond Honda,231,99.0
1536577976,g,Edmond Honda,853,0
2871427357,g,Ken,2217,0
4101832445,g,Ken,826,484.20689655172407
2823282386,g,Ken,984,590.4
1779016725,g,Ken,106,42.400000000000006
3776846336,g,Ken,320,0
3012213532,g,Ken,147,0
2966481966,g,Ken,271,168.20689655172416
3713670397,g,Ken,702,435.7241379310345
4016637823,g,Ken,831,0
3127868630,g,Ken,2491,0
1876908321,g,Ken,903,0
3593825248,g,Ken,723,0
3578384278,g,Ken,1014,553.090909090909
3669459013,g,Ken,783,0
1075100004,g,Ken,229,0
1386580582,g,Blanka,376,188.0
3382313720,g,Juri,194,0
2423474023,g,Juri,109,51.63157894736842
2440562485,g,Juri,439,187.28668941979524
3731692538,g,Marisa,337,0
3107250402,g,Marisa,189,0
3664777364,g,Marisa,102,51.0
1603662298,g,Marisa,103,52.55102040816327
2440765811,g,Marisa,924,317.3333333333333
4237692760,g,Marisa,796,501.1851851851852
1176985005,g,Guile,859,66.07692307692308
1204544838,g,Guile,354,0
2906039544,g,Guile,149,106.42857142857143
3623267074,g,Luke,669,259.6119402985075
3026158162,g,Marisa,1812,906.0
2705909036,g,Marisa,910,0
2951441986,g,Marisa,1092,0
3467786142,g,Marisa,1514,0
1759140751,g,Marisa,349,87.25
2029184931,g,Marisa,414,0
2062125541,g,Marisa,265,37.857142857142854
3284288309,g,Marisa,385,192.5
1869007625,g,Marisa,1107,0
4092940723,g,Marisa,770,0
1100803077,g,Marisa,2494,138.55555555555554
4009368278,g,Marisa,659,0
3078322980,g,Marisa,365,0
1278040716,g,Marisa,117,87.75
3266762048,g,Marisa,156,0
1183866184,g,Ryu,709,0
4032622204,g,Ken,491,0
3958050622,g,Dee Jay,1151,0
3757309498,g,Lily,308,308.0
1562081310,g,Rashid,281,157.3166023166023
1524930229,g,Rashid,630,526.0824742268042
3746798920,g,Rashid,1237,675.672268907563
1572300820,g,Rashid,1430,661.8181818181819
2704527566,g,Blanka,736,736.0
2315391885,g,Juri,1215,505.2475247524752
1309546335,g,Juri,713,0
3152281740,g,Juri,476,249.0984455958549
2600957644,g,Marisa,243,121.5
1770854833,g,Marisa,156,98.28
2330254675,g,Marisa,389,169.28703703703704
3094970837,g,Marisa,607,321.7831325301205
1795710195,g,Marisa,2538,1269.0
2828028582,g,Dee Jay,823,0
3353230228,g,Dee Jay,1819,0
3641711785,g,Dee Jay,392,217.34653465346537
3993602057,g,Dee Jay,1835,0
2991418997,g,Dee Jay,1073,0
3031170239,g,Dee Jay,148,0
2399141034,g,Dee Jay,568,0
2533953749,g,Dee Jay,627,0
3180348769,g,Lily,572,0
1739500293,g,Lily,337,171.71389645776566
3314373778,g,Lily,552,303.6
3700287265,g,Rashid,1915,319.16666666666663
3083481746,g,Lily,761,410.94000000000005
1124029010,g,Lily,679,424.375
2080084207,g,Lily,1217,785.9791666666667
2315334917,g,Rashid,477,0
3115713171,g,Rashid,1762,704.8000000000001
3711214148,g,Rashid,458,180.67889908256882
3655998109,g,Blanka,1258,0
3810286498,g,Zangief,401,199.37359550561797
4148190617,g,Zangief,2460,0
1000082760,g,JP,2877,0
2985775835,g,JP,1550,536.5384615384615
1897627974,g,JP,1398,0
1640342591,g,Cammy,1364,0
3590508924,g,Cammy,464,233.00000000000003
3353175347,g,Cammy,1404,0
4046215796,g,Cammy,144,41.53846153846153
2300762600,g,Cammy,1274,0
4085533535,g,Ryu,3710,1349.0909090909092
1198128078,g,Edmond Honda,6735,3367.5
4292863954,g,Ryu,141,77.32258064516128
2831870441,g,Ryu,150,0
2712169661,g,Ken,1059,0
2729208902,g,Ken,927,537.66
1987247544,g,Ken,474,94.80000000000001
3639412943,g,Dee Jay,2704,0
1137443547,g,Dee Jay,789,385.86131386861314
3080213129,g,Dee Jay,733,0
3502572987,g,Lily,1754,0
2934120354,g,Lily,288,111.5187969924812
3770672943,g,Lily,517,184.64285714285714
1609450342,g,Rashid,130,70.0
3045675080,g,Rashid,865,553.6
2165735902,g,Rashid,2169,852.1071428571429
1194496624,g,Rashid,952,0
1319723889,g,Rashid,137,39.14285714285714
1678712237,g,Rashid,588,449.6470588235294
1034650830,g,Blanka,1966,1621.9499999999998
3162138555,g,Blanka,1507,0
3713581658,g,Juri,1363,0
3269723646,g,Luke,566,301.8666666666667
2084618546,g,Luke,216,90.39647577092511
2131682906,g,Luke,306,91.8
1592796964,g,Manon,2250,920.4545454545455
1997445547,g,Luke,363,172.93867924528303
2369618940,g,Luke,4234,0
1429295448,g,Luke,1383,276.6
1198932886,g,Luke,789,0
3876680314,g,Edmond Honda,394,0
1907925653,g,Edmond Honda,1518,0
3849750938,g,Edmond Honda,1350,450.0
2231309282,g,Jamie,885,460.93750000000006
2213439084,g,Kimberly,488,193.16666666666666
2839919291,g,Juri,699,444.8181818181818
1500796397,g,Kimberly,3271,1394.905785123967
1036121421,g,Kimberly,814,368.65045592705167
3802179948,g,Kimberly,1237,0
3227475392,g,Kimberly,387,193.5
2508818101,g,Chun-Li,1145,572.5
3095088916,g,Manon,785,0
4145464613,g,Kimberly,296,112.76190476190476
2259059854,g,Kimberly,1798,0
1880086632,g,Kimberly,269,138.13513513513513
1552395123,g,Kimberly,226,90.4
3246623507,g,Kimberly,497,0
4073563953,g,Kimberly,1329,886.0
2033686143,g,Kimberly,1440,0
1064557782,g,Kimberly,978,391.20000000000005
2840253843,g,Kimberly,600,171.42857142857142
4242140568,g,Chun-Li,1196,0
3815119555,g,Chun-Li,196,89.95169082125604
3235598799,g,Chun-Li,760,325.1169188445667
2579683705,g,Chun-Li,1128,650.7692307692307
4173333672,g,Manon,3063,0
1939134452,g,Manon,241,138.02727272727273
2332689803,g,Blanka,133,0
1697907866,g,Blanka,656,0
1054827553,g,Blanka,781,263.85135135135135
3259904690,g,Juri,255,0.0
1516533673,g,Juri,1667,764.0416666666666
3009412773,g,Juri,120,77.92207792207792
2998839067,g,Juri,5383,2883.75
1680266160,g,Marisa,478,0
2292768562,g,Marisa,736,372.6582278481013
1838175465,g,Marisa,655,0
1180050026,g,Guile,1009,882.875
4022279902,g,Guile,910,0
2348644610,g,Luke,583,406.33333333333337
3542867575,g,Luke,1092,0
3602881291,g,Luke,838,0
3221871779,g,Luke,3357,0
2460179923,g,Luke,974,619.8181818181818
1207837700,g,Edmond Honda,1087,800.9473684210526
2837891289,g,Chun-Li,1730,0
1877064106,g,Chun-Li,1061,0
1025642651,g,Manon,718,0
1964324483,g,Manon,1168,690.1818181818182
1133488545,g,Manon,277,69.25
2003184279,g,Manon,712,0
3376647896,g,Manon,556,0
1272900242,g,Zangief,411,0
1015483835,g,Zangief,316,170.15384615384613
2898175215,g,Zangief,1800,1080.0
1107980689,g,Zangief,277,110.80000000000001
1103598827,g,Zangief,684,428.1151079136691
1205694353,g,JP,1738,144.83333333333331
1132156393,g,JP,153,5.884615384615385
1904622448,g,Cammy,948,330.1270588235294
3610238917,g,Cammy,896,351.19597989949744
3732531284,g,Cammy,833,0
2422756219,g,Ken,304,153.4757281553398
4154901627,g,Ken,1061,0
3215987125,g,Ken,138,0.0
2613047424,g,Ken,123,0
3665695601,g,Dee Jay,821,447.8181818181818
1719988295,g,Dee Jay,1399,699.5
3152932437,g,Dee Jay,163,85.72592592592592
1288497585,g,Dee Jay,905,0
3641548931,g,Dee Jay,626,0
2492448604,g,Dee Jay,1210,0
1014115079,g,Dee Jay,832,332.8
1860535912,g,Dee Jay,183,137.25
3541659934,g,Dee Jay,604,302.0
2185987006,g,Dee Jay,1011,0
1579990035,g,Lily,385,0
2658486135,g,Lily,199,0.0
2533901942,g,Lily,611,291.6136363636364
1114913653,g,Chun-Li,1067,0
3624814222,g,Chun-Li,899,589.0
1211138198,g,Manon,4586,0
2730677213,g,Manon,905,0
4188521625,g,Manon,348,0
3664642076,g,Manon,184,0
2123301546,g,Zangief,108,57.0
2579496362,g,Zangief,263,0
2782411724,g,JP,934,0
2701856951,g,JP,620,372.0
3589339352,g,JP,2057,955.0357142857143
3681414300,g,Cammy,308,166.48648648648648
1455164504,g,Cammy,1421,947.3333333333333
1393221031,g,Cammy,4474,0
3294438838,g,Cammy,3036,0
1626512852,g,Ryu,192,118.85714285714286
3175059564,g,Ryu,553,553.0
1312568036,g,Ryu,2393,0
3654585896,g,Ryu,418,0
2845913057,g,Edmond Honda,817,102.125
1366861563,g,Edmond Honda,794,545.875
3282856965,g,Edmond Honda,1714,749.875
2778193034,g,Edmond Honda,462,0
1480159847,g,Edmond Honda,225,202.0408163265306
1099256945,g,Edmond Honda,1647,0
1329889578,g,Edmond Honda,203,0
1584639241,g,Edmond Honda,1097,438.8
2476470764,g,Edmond Honda,1239,0
2844040743,g,Edmond Honda,1193,536.85
3766733863,g,Edmond Honda,1802,948.4210526315788
3564643594,g,Edmond Honda,196,0
3511499824,g,Edmond Honda,154,0
2888805444,g,Edmond Honda,181,0
1109610713,g,Edmond Honda,134,0
3839151108,g,Edmond Honda,784,0
1256332444,g,Edmond Honda,599,435.6363636363636
1679949549,g,Cammy,515,231.0897435897436
1944266943,g,Random,503,0
1424978699,g,Cammy,1601,400.25
2782733478,g,Ryu,1072,750.4
3577445432,g,Ryu,820,0
1065235465,g,Ryu,175,0
4279828753,g,Ryu,1240,0
4185936364,g,Ryu,123,77.37096774193549
3828538167,g,Ryu,786,417.5625
2233715892,g,Ryu,1068,0
4134202489,g,Ryu,1721,795.5566037735849
3753366766,g,Ryu,427,0
2101064308,g,Ryu,671,364.9298245614035
2720315981,g,Ryu,147,0
3531442073,g,Ryu,307,0
3252399683,g,Ryu,126,50.400000000000006
1719047659,g,Ken,129,74.0
4258120681,g,Marisa,237,109.38461538461539
4210750866,g,Marisa,201,0
1410854333,g,Marisa,2872,0
4075789154,g,Marisa,997,0
2675833879,g,Marisa,3042,1921.2631578947367
4056228493,g,Luke,876,566.3030303030304
4130417349,g,Luke,322,156.23668639053253
3535713081,g,Luke,847,847.0
3983031170,g,Luke,1566,0
2087429504,g,Edmond Honda,651,337.55555555555554
2830473644,g,Jamie,579,251.09693877551018
2438760642,g,Chun-Li,965,583.0208333333333
3579267730,g,Chun-Li,1268,864.5454545454545
2249140521,g,Manon,302,195.41176470588238
1625178592,g,Manon,502,267.02127659574467
2052593229,g,Zangief,121,47.60655737704918
2522516971,g,Dhalsim,562,0
4204493434,g,Cammy,569,142.25
1593740975,g,Cammy,501,128.1627906976744
3413638950,g,Cammy,909,0
2698227957,g,Cammy,145,0
3583911779,g,Cammy,2478,0
4194053804,g,Cammy,3064,1279.6015325670498
4141220327,g,Cammy,563,0
2745602783,g,Cammy,757,288.38095238095235
1264159336,g,Cammy,2635,2635.0
3209676338,g,Cammy,383,0
3512462106,g,Cammy,143,0
3401560394,g,Cammy,577,0
1036261808,g,Cammy,1010,0
3915674314,g,Cammy,794,0
2874863529,g,Ryu,743,551.4088050314465
3244365333,g,Ken,168,61.09090909090909
3690168837,g,Ken,288,144.0
3021886878,g,Ken,804,230.77777777777777
4137421623,g,Ken,659,273.2439024390244
3795895960,g,Ken,520,258.7906976744186
2682251864,g,Dee Jay,104,0
3606339410,g,Dee Jay,262,144.43589743589746
2336850126,g,Dee Jay,456,240.4363636363636
3572771190,g,Dee Jay,967,564.0833333333334
2285089233,g,Dee Jay,844,255.75757575757575
4142757327,g,Luke,1900,593.75
2867810069,g,Luke,329,148.13612565445024
3788821993,g,Luke,511,0
3040601724,g,Luke,714,499.79999999999995
1043156584,g,Edmond Honda,114,0
1332542023,g,Jamie,1091,1091.0
2050200414,g,Jamie,180,0
4015684794,g,Jamie,1267,506.8
3882793633,g,Jamie,1125,552.2727272727273
3804359782,g,Kimberly,413,132.75
3890729870,g,Kimberly,644,0
2386030732,g,Kimberly,126,0
3085993647,g,Chun-Li,1501,863.8848920863309
1012034317,g,Lily,338,0
1468774834,g,Lily,859,490.85714285714283
1851493627,g,Rashid,2970,0
2197343587,g,Rashid,2853,855.9
2978439351,g,Blanka,1818,1253.793103448276
4096107266,g,Juri,395,182.0357941834452
3315464864,g,Juri,448,211.78181818181818
1456584744,g,Juri,1039,0
3803585195,g,Juri,181,108.6
3238063549,g,Juri,342,106.13793103448276
3173690755,g,Marisa,360,173.94957983193277
1499099577,g,Marisa,393,160.11111111111111
1198728307,g,Marisa,893,322.47222222222223
3181451534,g,Guile,182,86.10752688172043
3711414246,g,Guile,4549,1240.6363636363635
3190228666,g,Guile,227,0
2926483020,g,Ryu,390,0.0
3332520608,g,Ryu,378,378.0
3230896069,g,Ryu,2468,0
4133976412,g,Ryu,406,312.3076923076923
2005370692,g,Ryu,2273,945.1622718052738
3494385790,g,Ryu,1443,644.3885666942833
1984611007,g,Ryu,549,301.95000000000005
3390973974,g,Ryu,1603,1132.7866666666666
2897964923,g,Ryu,676,360.97087378640776
1419778868,g,Ryu,180,113.87755102040816
4175692307,g,Ryu,284,151.46666666666667
4180259640,g,Ryu,496,303.5223880597015
3517107488,g,Ryu,1297,0
4147292478,g,Ryu,3202,0.0
3370458583,g,Ryu,397,0
3193713634,g,Ken,2500,1071.4285714285713
2543358381,g,Ryu,746,339.84444444444443
1210081768,g,Ryu,636,393.7142857142857
2543439366,g,Luke,323,0
1977061982,g,Luke,273,136.5
2539244610,g,Luke,1517,1264.1666666666667
1845735982,g,Edmond Honda,1683,819.699481865285
2602542013,g,Edmond Honda,109,0
1934693689,g,Jamie,2672,0
2409742598,g,Jamie,821,0
1690359648,g,Kimberly,588,0
3335957897,g,Chun-Li,1152,557.4193548387098
2899436736,g,Chun-Li,1943,0
2138967914,g,Chun-Li,224,224.0
2898040043,g,Manon,275,152.77777777777777
1304623098,g,Manon,182,92.31884057971016
1794495165,g,Manon,994,0
4246608669,g,Zangief,820,393.59999999999997
2220913495,g,Zangief,622,239.23076923076925
3719395351,g,Zangief,124,0
3471038864,g,Zangief,2393,0
2484613807,g,JP,533,0.0
1125713820,g,Ryu,439,0
3175837489,g,Ryu,237,64.63636363636363
3435600858,g,Ryu,400,170.0
1143786068,g,Ken,323,187.45535714285717
3861231479,g,Ken,165,27.0985401459854
3587992807,g,Ken,1175,479.02511078286557
2274085241,g,Ken,269,0
4237268711,g,Ken,374,188.83333333333331
3554229665,g,Ken,119,0
1675896459,g,Ken,149,104.61702127659575
2953528355,g,Dee Jay,2103,1682.4
2584821449,g,Dee Jay,622,0
2547734772,g,Dee Jay,452,0
2194783649,g,Lily,357,204.0
2888438246,g,Lily,608,0
1147728392,g,Lily,538,0
1562972323,g,Lily,188,105.75
2703857550,g,Lily,659,571.1333333333333
3619737164,g,Lily,446,182.39402985074628
1089477086,g,Lily,157,0
1130090215,g,Lily,1373,0
1047983441,g,Lily,1844,0.0
2580485880,g,Lily,2985,0
3815128508,g,Lily,355,0
2689857036,g,Lily,534,0
2753931069,g,Lily,598,358.8
3412050156,g,Lily,829,0
2956234763,g,Lily,1075,0
2883294314,g,Lily,3774,1132.2
4128425529,g,Lily,361,0
3773377645,g,Lily,361,0
2416615465,g,Jamie,211,0
1410018601,g,Jamie,120,0
4163301720,g,Jamie,595,278.8089005235602
2833530938,g,Jamie,3621,1417.7460317460316
3964197315,g,Kimberly,711,0
2958443113,g,Kimberly,209,69.31658291457286
2065201760,g,Kimberly,1254,612.9417040358745
3088124532,g,Kimberly,930,437.875
2603272952,g,Kimberly,185,75.91981132075472
1928223908,g,Kimberly,851,0
2984943393,g,Kimberly,317,165.43771043771042
1797974985,g,Chun-Li,2063,770.8136769078295
2812556353,g,Chun-Li,441,0
1853082379,g,Chun-Li,3127,0
3919983013,g,Guile,226,146.9
3002404517,g,Guile,1865,1332.142857142857
3824943821,g,Guile,1601,954.9824561403508
3185729498,g,Dee Jay,106,0
1448276938,g,Dee Jay,185,0
2601852483,g,Dee Jay,2330,1398.0
1158087656,g,Dee Jay,3382,2029.1999999999998
3085286661,g,Dee Jay,173,0
1812674031,g,Dee Jay,462,235.71428571428572
3265199600,g,JP,240,155.55555555555554
1111273449,g,Guile,653,349.82142857142856
3783045514,g,Juri,694,278.5131578947369
3128674427,g,Ken,571,0
1605454648,g,Dee Jay,672,432.00000000000006
3710725961,g,Lily,187,0
1221920209,g,Blanka,194,108.41176470588236
2966385487,g,Ken,3337,0
2254818154,g,Rashid,1628,0
1660421346,g,Guile,1485,0.0
3920861202,g,JP,1625,735.1190476190476
4253449635,g,JP,129,0
1589401117,g,Juri,1059,0
2488972755,g,Dhalsim,943,0.0
1357510932,g,Blanka,814,0
2200106462,g,Luke,226,0
3915625279,g,Ken,205,66.32352941176471
3480881720,g,Luke,1435,717.5
3091215006,g,Guile,2064,0
1158671236,g,Dee Jay,666,95.14285714285714
3280900757,g,Dee Jay,314,251.20000000000002
3523437977,g,Ryu,581,229.08
1445171420,g,Zangief,2457,1253.5714285714287
2318353390,g,Ken,417,0
2912280451,g,Manon,1274,0
3236236832,g,Edmond Honda,245,49.0
2216932640,g,Cammy,171,57.0
1157096937,g,Cammy,3329,0
3252015290,g,Ryu,560,0
3777112318,g,Ryu,856,362.08624229979466
2076383349,g,Ken,572,0
2492188050,g,Ken,929,0
3724220370,g,Ken,159,0
1943240558,g,Dee Jay,201,150.75
1884362284,g,Blanka,398,0
1234558272,g,Juri,1292,975.5918367346939
3253713323,g,Marisa,311,121.484375
2419404108,g,Guile,450,260.5263157894737
3534775495,g,Luke,149,78.75714285714285
1149968060,g,Luke,854,531.5104895104895
4049430775,g,Luke,791,791.0
3243320751,g,Edmond Honda,167,97.7560975609756
3865591299,g,Jamie,799,266.3333333333333
3666462631,g,Chun-Li,4491,4491.0
1305140073,g,Kimberly,726,0
2257773102,g,Lily,4187,0
2664813012,g,Chun-Li,2632,1052.8
3773965098,g,Manon,174,116.43609022556392
4116619421,g,Manon,1153,793.8688524590164
1190588282,g,Manon,522,0
1671994465,g,Zangief,170,85.0
3540558608,g,Zangief,189,0
3263473297,g,Zangief,309,0
2872383485,g,Zangief,337,0
1662450163,g,Zangief,456,222.4390243902439
2448915449,g,Zangief,431,0.0
3130810113,g,Dhalsim,366,0
1910180047,g,Dhalsim,1214,0
1426404156,g,Cammy,953,953.0
1404181705,g,Cammy,484,206.2405498281787
2713871643,g,Ryu,290,168.46473029045646
2899305530,g,Ryu,1006,670.6666666666666
3381884217,g,Ryu,351,152.4943820224719
4044165361,g,Ryu,1204,172.0
1629509881,g,Ryu,607,240.50943396226415
2867481495,g,Ken,643,247.30769230769232
1748267861,g,Ken,331,155.675799086758
1358181188,g,Ken,1904,0
3100319147,g,Ken,226,0
1950793936,g,Ken,461,235.20408163265307
3116651017,g,Ken,134,43.20218579234973
2760230944,g,Dee Jay,347,0
2774051892,g,Lily,265,0
2782002780,g,Lily,802,0
1473446241,g,Juri,126,47.25
1449708623,g,Manon,2910,1837.8947368421052
1024570856,g,Zangief,566,377.3333333333333
2302473051,g,Zangief,946,354.75
2106312865,g,Zangief,742,0
1736419203,g,Zangief,1054,614.8333333333334
2981371266,g,Zangief,191,95.5
2992254526,g,Zangief,442,340.0
2518022586,g,Zangief,1076,0
1571049548,g,JP,656,314.7027027027027
3157544945,g,JP,479,68.42857142857143
1319950805,g,Dhalsim,449,0
1918714669,g,Dhalsim,121,0
1794846932,g,Cammy,2259,854.5280898876404
3965369691,g,Cammy,1161,105.54545454545455
4181644268,g,Cammy,525,0
3506887634,g,Cammy,472,0.0
1953481399,g,Ken,305,0
3294344638,g,Ken,752,304.6896551724138
1201808709,g,Ken,327,109.0
2610321751,g,Ken,225,41.860465116279066
3551789640,g,Ken,133,14.777777777777777
3191530150,g,Ken,3877,0
1311019070,g,Ken,718,143.6
2336899942,g,Ken,618,277.5762711864407
1411976263,g,Ken,297,49.5
1054661875,g,Ken,876,0
1205017534,g,Ken,1333,533.2
4194283238,g,Ken,560,0
1120053189,g,Ken,953,0.0
2673782750,g,Zangief,189,0
4107786227,g,Zangief,1903,0
2602043806,g,Zangief,196,0
3763947658,g,Jamie,705,0
2292385303,g,Zangief,225,0
3857346266,g,Zangief,228,0
2458522355,g,Zangief,148,64.34782608695652
4207111335,g,Zangief,1273,830.2173913043479
1363631833,g,Zangief,1868,0
1464545195,g,Zangief,331,0
2012625770,g,Zangief,376,156.66666666666669
4103350912,g,Zangief,543,0
1075491757,g,Zangief,836,227.99999999999997
2550544436,g,JP,493,0
2626669293,g,JP,500,0
2719140225,g,JP,434,0
1428857707,g,JP,583,0
2338442926,g,Ryu,1694,1053.027027027027
1376271863,g,Ryu,182,113.75
1673721128,g,Ken,1151,853.3275862068966
2688032116,g,Ken,103,0
1955039547,g,Rashid,340,113.33333333333333
3034398303,g,Rashid,481,427.55555555555554
3958703249,g,Juri,714,238.0
4047720755,g,Marisa,211,0
3608077787,g,Marisa,2049,0
2691399800,g,Luke,212,133.4814814814815
1791991061,g,Luke,148,0
3223607989,g,Luke,286,143.0
2552530962,g,Luke,342,0
1923216662,g,Luke,1525,503.0927835051546
1489442959,g,Edmond Honda,717,398.33333333333337
1388628353,g,Kimberly,874,374.57142857142856
1509779175,g,Chun-Li,923,0
3624449032,g,Guile,357,183.15652173913045
4283200967,g,Guile,460,115.0
3225729321,g,Luke,515,257.5
1542843799,g,Luke,561,280.5
2862193890,g,Edmond Honda,1130,552.7173913043479
1571816797,g,Edmond Honda,364,0
3965326121,g,Jamie,769,256.3333333333333
2369381477,g,Jamie,423,376.0
3699219685,g,Chun-Li,1964,1178.3999999999999
3764802636,g,Zangief,439,201.20833333333331
2645824432,g,Dhalsim,1571,1134.611111111111
3770904638,g,Cammy,994,0
1605229829,g,Cammy,533,306.47499999999997
1452137782,g,Cammy,490,266.23333333333335
1674819328,g,Cammy,1020,0
3034437485,g,Ryu,1849,913.6235294117647
1065344632,g,Ryu,473,238.27819548872182
2948165060,g,Cammy,178,0
2512486873,g,Cammy,190,0
3711438315,g,Cammy,386,193.0
2394330316,g,Cammy,954,0
2820673055,g,Cammy,2168,0
2083854462,g,Cammy,136,0
3853720798,g,Cammy,2685,0
3429850661,g,Cammy,1150,0
4270623175,g,Cammy,122,0
3842383390,g,Cammy,2171,0
2072831616,g,Cammy,2087,0.0
3134061630,g,Cammy,380,190.0
3683007100,g,Cammy,1767,1078.1694915254238
4199594572,g,Cammy,280,189.0909090909091
3121469605,g,Cammy,1512,0
2762497200,g,Cammy,1204,0
2457564394,g,Dee Jay,296,84.57142857142857
2656142112,g,Dee Jay,500,0
3527977035,g,Dee Jay,2395,0
3586403809,g,Dee Jay,1202,0
1837789006,g,Dee Jay,535,0
3286553608,g,Dee Jay,421,185.73529411764704
1421353560,g,Dee Jay,1238,0
2457663216,g,Dee Jay,388,0
2083204563,g,Lily,674,0
4113530339,g,Lily,1957,0
3880079622,g,Lily,2231,0
3463669853,g,Lily,1886,943.0
3528219575,g,Lily,359,178.08661417322836
3468258340,g,Lily,173,119.76923076923076
2793161391,g,Lily,758,0
1167409344,g,Dee Jay,589,0
3244565159,g,Lily,1675,0
1084843667,g,Blanka,2373,1513.8103448275863
3795709347,g,Juri,882,0
1495937111,g,Juri,429,0
1724071870,g,Juri,189,113.39999999999999
3314964990,g,Marisa,833,357.0
2057231318,g,Marisa,792,0
2301174228,g,Marisa,927,0
3589127348,g,Marisa,600,367.34693877551024
2071293270,g,Marisa,1097,0
2584679812,g,Guile,2432,674.2178217821782
3535211767,g,Guile,1675,1159.6153846153845
2212449362,g,Luke,731,0
2442925187,g,Guile,426,0
1097437968,g,Guile,1147,0
1441562618,g,Edmond Honda,264,156.0
2977346854,g,Edmond Honda,635,381.0
3797086430,g,Edmond Honda,996,664.0
1052911008,g,Jamie,893,0
1979670147,g,Jamie,559,0
2823178210,g,Jamie,488,161.94690265486727
3440510025,g,Jamie,1039,569.7741935483871
4058058696,g,Random,2205,1119.7265625
3057528810,g,Kimberly,487,0
2760397402,g,Kimberly,2043,0
1303182281,g,Kimberly,138,76.63465553235908
2397184372,g,Chun-Li,5546,0
1364782779,g,Chun-Li,649,230.29032258064518
3384918766,g,Manon,689,524.952380952381
2607077804,g,Manon,4726,2835.6
2894693651,g,Manon,630,148.23529411764704
4044802933,g,Zangief,261,93.6923076923077
3581734674,g,Edmond Honda,153,36.42857142857142
1148975123,g,Edmond Honda,420,233.33333333333334
3652534645,g,Edmond Honda,1516,808.5333333333333
3396345468,g,Jamie,312,0
2950580570,g,Jamie,779,0
2462336340,g,Kimberly,404,219.56521739130434
2872704374,g,Kimberly,1325,0
2365404747,g,Chun-Li,967,0
1071686497,g,Manon,1013,0
1252596190,g,Manon,1452,0
1489449890,g,Manon,118,0
2289777713,g,Manon,452,0
2940599938,g,Manon,326,144.88888888888889
1390327082,g,Manon,1053,538.1999999999999
3080871888,g,Manon,2119,0
3066965955,g,Zangief,123,60.44571428571429
1862118580,g,Zangief,501,0
3098938199,g,Ken,816,0
1896928826,g,Ken,512,194.20689655172413
2676404943,g,Ken,246,0
2250209232,g,Ken,3299,1736.3157894736842
1827081195,g,Ken,314,119.89090909090909
3310585310,g,Ken,501,223.0
3580697735,g,Ken,113,0.0
2725807130,g,Ken,562,222.5742574257426
2114851906,g,Dee Jay,417,233.7324840764331
2516156975,g,Dee Jay,1298,530.169014084507
1059021004,g,Rashid,785,297.6098901098901
2777735178,g,Blanka,153,136.0
3206538311,g,Juri,387,0
3809877095,g,Juri,933,320.5398773006135
3570789627,g,Juri,661,285.4318181818182
4139871243,g,Juri,453,207.0857142857143
2074948733,g,Juri,290,0
1700235188,g,Marisa,1106,0.0
3571301939,g,Luke,212,0
2534782366,g,Luke,240,0
2725715157,g,Luke,620,0
3151531508,g,Luke,318,0
1870249564,g,Luke,1045,577.7235772357724
2812696029,g,Luke,647,0
3489248405,g,Luke,1991,1991.0
2201128562,g,Luke,1462,365.5
2845138011,g,Luke,407,93.92307692307693
1995762611,g,Luke,164,98.39999999999999
1601473870,g,Luke,635,0
2267053952,g,Luke,3532,0
1463140712,g,Luke,841,662.3805309734513
1096509488,g,Luke,338,0
1353502436,g,Luke,470,0
4185374943,g,Luke,215,0
4128404086,g,Luke,2097,808.21875
3914138034,g,Blanka,1464,954.7826086956522
3928230548,g,Juri,2226,0
3245359483,g,Marisa,1113,0
4162708822,g,Marisa,1229,867.529411764706
4008751304,g,Marisa,491,283.08469055374593
2020646958,g,Marisa,681,0
1984250256,g,Guile,499,311.875
1910582701,g,Guile,556,333.59999999999997
1428102482,g,Luke,246,0
1439358025,g,Edmond Honda,789,0
2751428411,g,Edmond Honda,176,140.8
1779358242,g,Jamie,610,542.2222222222222
2920909185,g,Chun-Li,504,0
2528748669,g,Manon,771,409.2962962962963
2591305568,g,Cammy,520,246.43006263048017
4190375389,g,Cammy,204,108.67289719626167
1460669483,g,Cammy,1577,619.7548638132296
4215265882,g,Ryu,945,0
2640741422,g,Ryu,567,278.6120689655172
2912073334,g,Ryu,105,72.6923076923077
3801520580,g,Ryu,808,0
2212966515,g,Ryu,338,0
1406463101,g,Ryu,390,0
2817188034,g,Ryu,1122,0
2225356083,g,Ryu,335,0.0
4040382718,g,Ryu,402,287.14285714285717
3108559000,g,Ken,547,229.38709677419357
4127671163,g,Ken,265,63.96551724137931
2284629436,g,Ken,128,0.0
4005485841,g,Ken,179,153.42857142857142
2458582190,g,Juri,819,0.0
4165147761,g,Marisa,1246,705.2830188679245
1923990506,g,Marisa,726,0
1322365394,g,Guile,584,432.59259259259255
1164007530,g,Guile,988,768.4444444444445
1194373888,g,Jamie,429,153.21428571428572
3379480485,g,Jamie,228,113.00869565217391
3709226461,g,Jamie,781,0
2927184904,g,Kimberly,212,132.33540372670808
3382399173,g,Chun-Li,285,0
3905914870,g,Manon,579,216.044776119403
1199316837,g,Manon,1727,1727.0
2214836670,g,Zangief,871,332.16101694915255
4141761275,g,Zangief,272,146.71515151515152
3940853936,g,Zangief,413,0
2908985193,g,Zangief,135,90.0
1889708397,g,Dhalsim,2216,1181.8666666666666
3813955588,g,Cammy,563,0
3184843814,g,Cammy,1556,0
1112495250,g,Ryu,1864,798.8571428571428
1044412567,g,Ryu,5765,0
3786171097,g,Ryu,597,245.51493848857643
2932105111,g,Ryu,191,0
3444048201,g,Ryu,592,592.0
1775672832,g,Ryu,1494,0
1886400729,g,Ryu,292,0.0
2642896443,g,Ryu,1721,0
3182428212,g,Ryu,148,0
2292012299,g,Ryu,1671,698.1575342465753
4236271147,g,Ken,1176,1008.0
2360815758,g,Ken,711,302.0760667903525
1168528289,g,Ken,1733,1170.9459459459458
3122685922,g,Ken,770,336.875
3765998029,g,Ken,428,221.00755667506294
2964827152,g,Dhalsim,532,312.94117647058823
3932210406,g,Dhalsim,635,370.4166666666667
2785045447,g,Cammy,1487,0
3757465048,g,Ryu,421,212.36283185840708
3492346099,g,Ryu,359,0
4022397586,g,Ryu,2794,1289.5384615384617
2212816768,g,Ryu,205,100.37931034482759
2457072124,g,Ryu,101,45.29526462395543
2505540709,g,Ryu,453,0
2110839142,g,Ryu,3168,1737.2903225806451
1570135361,g,Ken,405,197.5
3633262053,g,Ken,782,0
1642096967,g,Ken,201,97.65182186234817
3985260091,g,Ken,2292,936.5980066445183
4247006043,g,Ken,343,187.1586956521739
3437612966,g,Luke,206,0
1927915218,g,Luke,187,121.0
3353174876,g,Luke,1003,455.9090909090909
1853228789,g,Luke,584,246.98333333333332
3522422060,g,Luke,181,0
3899547546,g,Luke,1221,0
1332867432,g,Jamie,877,0
3915801514,g,Jamie,120,0
3666700965,g,Jamie,875,295.18072289156623
1661038459,g,Kimberly,587,0
2665308740,g,Kimberly,570,312.28723404255317
1425252550,g,Kimberly,499,71.28571428571428
1439887646,g,Chun-Li,1590,700.5038759689922
2968017076,g,Chun-Li,2597,979.9389788293898
2828786259,g,Chun-Li,783,292.1641791044776
3274977049,g,Chun-Li,624,0
2137579138,g,Manon,1102,0.0
3015281720,g,Manon,1629,0
4232333889,g,Manon,109,0
3697526765,g,Manon,616,0
4010812762,g,Manon,440,0
2425511261,g,Manon,1046,560.3571428571429
1892096486,g,Manon,947,0
3739693186,g,Manon,1186,462.82926829268297
1248224329,g,Manon,309,185.4
3031715389,g,Manon,555,260.51020408163265
3037462900,g,Manon,266,0
2973133463,g,Manon,1647,606.096
1675318173,g,Manon,944,0
2146585617,g,Manon,532,0
1140686907,g,Zangief,653,0
1158182964,g,Zangief,606,242.4
3874516786,g,Rashid,590,0
1975015246,g,Rashid,1879,1228.576923076923
2346923479,g,Blanka,1315,0
1318223369,g,Blanka,2441,1394.857142857143
1063780157,g,Juri,560,267.2727272727273
1389230752,g,Juri,319,0
2904471487,g,Guile,286,0
1162827558,g,Luke,158,0
1117990598,g,Luke,507,286.9138840070299
2362195405,g,Luke,1786,903.1477272727274
3929688984,g,Edmond Honda,905,0
4144858299,g,Edmond Honda,234,0
3018523503,g,Jamie,1317,1077.5454545454545
4235356211,g,Jamie,523,241.16111111111113
3600411018,g,Chun-Li,579,0
3364368750,g,Zangief,101,0
3128763887,g,Zangief,130,0
4106178172,g,Zangief,408,0
3933361618,g,Ken,486,202.94505494505495
4240431443,g,Ken,1799,839.5333333333333
4000492602,g,Ken,1250,0
1251080495,g,Ken,788,374.158273381295
4130259558,g,Ken,2094,932.484375
1804747454,g,Ken,103,62.57009345794392
2015100248,g,Ken,1128,0
1548086981,g,Ken,2176,0.0
1330263197,g,Ken,2863,1408.6163410301954
1626265841,g,Ken,911,0
3613612152,g,Ken,761,480.0153846153846
1812435648,g,Dee Jay,899,0
3014471296,g,Dee Jay,2389,0
3845315744,g,Dee Jay,271,0
2677003403,g,Dee Jay,679,317.26200873362444
1378930156,g,Dee Jay,182,0
2428191156,g,Dee Jay,835,0
3490317646,g,Dee Jay,710,0
2786567464,g,Juri,879,506.0909090909091
2025270785,g,Juri,1003,410.7523809523809
3151953265,g,Juri,480,201.7391304347826
4105257558,g,Juri,1147,0
3893420242,g,Marisa,2085,893.5714285714286
2536111412,g,Marisa,189,0.0
2652554687,g,Marisa,1774,624.9318181818182
1057854341,g,Marisa,372,197.4814814814815
2568355081,g,Marisa,372,172.05
1293423373,g,Guile,2169,0
4134124211,g,Guile,128,0
3412764028,g,Guile,305,305.0
3643011824,g,Guile,1116,558.0
4050552364,g,Guile,198,144.0
1289488706,g,Guile,462,123.2
4119270072,g,Lily,151,0
3354996852,g,Rashid,2651,728.5190839694657
2800928422,g,Blanka,1714,720.7880794701987
1466547419,g,Juri,3181,0
4179132715,g,Juri,816,323.3207547169811
3224352642,g,Juri,504,0
2985831226,g,Juri,3096,1773.0396475770926
1341889036,g,Juri,291,195.10227272727272
3901514169,g,Juri,615,283.4347826086956
2046784016,g,Juri,575,322.00000000000006
3031825541,g,Marisa,1136,679.7377049180328
2083573167,g,Marisa,862,0
2583555850,g,Marisa,481,0
4115758435,g,Guile,174,61.13513513513514
3678382859,g,Guile,1109,644.7674418604652
1206116040,g,Guile,112,0
3044801454,g,Luke,424,282.66666666666663
3531251784,g,Lily,383,0
3830574378,g,Blanka,849,360.34382871536525
2546254474,g,Blanka,279,0
3089879201,g,Marisa,304,144.68148148148148
2332362484,g,Marisa,260,0
2789079748,g,Marisa,709,522.9364640883978
1090033291,g,Marisa,953,0
1602329795,g,Marisa,1567,0
3348643285,g,Marisa,278,143.83011583011583
2809316540,g,Ken,549,549.0
1193128823,g,Ken,1335,739.0178571428572
2724568775,g,Ken,1479,624.9795918367347
2190285687,g,Ken,308,0
2415906332,g,Ken,682,280.8235294117647
1473448548,g,Ken,272,0
2902589428,g,Ken,1616,538.6666666666666
1442593784,g,Ken,285,0.0
1495845041,g,Ken,1143,457.20000000000005
1318545179,g,Ken,1994,0
2866457136,g,Ken,943,188.60000000000002
1458146251,g,Ken,165,55.0
1887407700,g,Ken,576,336.0
2405164032,g,Ken,4078,1568.4615384615386
4113778775,g,Ken,2686,732.5454545454545
2734522408,g,Ken,2892,1055.8095238095239
3550290362,g,Ken,765,331.8072289156627
1625620805,g,Ken,1687,680.071875
3871046383,g,Manon,638,374.29333333333335
2882649379,g,Zangief,103,39.38235294117647
2655079750,g,JP,883,420.4761904761904
2189579066,g,Dhalsim,136,0
3083880623,g,Cammy,804,268.0
3239820351,g,Ryu,435,0
4142513176,g,Ryu,700,509.0909090909091
3817436538,g,Ryu,1206,652.2244897959184
2651291061,g,Ryu,3903,2755.058823529412
1327219028,g,Ryu,2387,1147.0
1676351797,g,Ken,1821,1214.0
2620838887,g,Ken,116,98.6
3388124766,g,Ken,274,114.45569620253164
1730531704,g,Ken,3083,2055.333333333333
2839043030,g,Dee Jay,139,82.2780269058296
1395412590,g,Dee Jay,1142,548.16
2714190239,g,Dee Jay,772,391.76119402985074
2092404167,g,Rashid,1074,485.85714285714283
3395869297,g,Guile,1407,0
2866124060,g,Guile,644,0
3998652021,g,Guile,616,0
4116283756,g,Guile,523,261.5
2990955193,g,Guile,232,154.66666666666666
1564599406,g,Guile,1002,0
3195203159,g,Guile,174,87.0
1078390568,g,Juri,184,61.33333333333333
3796585715,g,Marisa,729,450.4012738853503
3747536772,g,Marisa,484,199.42592592592592
3021623614,g,Marisa,192,120.0
2548383962,g,Marisa,359,0
3192042817,g,Marisa,628,283.84180790960454
3557416578,g,Marisa,220,106.5625
3095284826,g,Marisa,322,42.199430199430196
2721655893,g,Marisa,170,0
4161452490,g,Luke,203,112.77777777777779
4085128780,g,Ryu,1016,501.9881656804734
3842035668,g,Luke,207,0
1903942138,g,Luke,472,240.97423887587823
1322704484,g,Edmond Honda,803,452.97435897435895
2228206796,g,Edmond Honda,289,0
4179456424,g,Kimberly,1587,982.4285714285714
1973546891,g,Chun-Li,145,44.88095238095238
2993059286,g,Chun-Li,322,155.75
1116674529,g,Manon,384,303.1578947368421
4072600751,g,Luke,126,85.8103448275862
1558227624,g,Jamie,216,0
2302771099,g,Manon,1228,669.8181818181818
3583813398,g,Zangief,229,86.86206896551724
2267643953,g,Zangief,367,160.85138539042822
2874718902,g,Ryu,1031,1031.0
3124675239,g,Ryu,1336,459.69892473118284
4267278498,g,Ryu,653,312.89583333333337
3721485027,g,Ryu,762,0
3476363977,g,Ryu,373,135.63636363636363
2103601613,g,Ryu,466,210.17653390742734
2550970086,g,Ken,430,227.64705882352942
1675736200,g,Ken,1587,0
4091496804,g,Ken,849,485.1428571428571
1241010675,g,Ken,267,0
1986301489,g,Ken,916,484.1714285714286
3840520365,g,JP,709,451.1818181818182
1299724910,g,Cammy,108,45.0
3106437522,g,Cammy,808,661.0909090909091
1346313602,g,Ryu,102,0
3177198879,g,Dee Jay,335,98.52941176470588
3866407514,g,Guile,343,0
1575196146,g,Guile,1800,900.0
1398262415,g,Guile,1952,0
4178936791,g,Guile,154,92.39999999999999
1497374094,g,Guile,226,125.55555555555556
3176182462,g,Guile,385,0
4158062386,g,Guile,1404,421.2
2257114199,g,Guile,350,0
3978351444,g,Jamie,239,93.89285714285714
4073194675,g,Jamie,2276,1225.5384615384614
1043245938,g,Guile,1111,0
1833047789,g,Guile,710,304.2857142857143
1308518221,g,Marisa,946,283.8
1986083203,g,Marisa,1235,726.4705882352941
1122614812,g,Marisa,226,97.49019607843138
2614258653,g,Marisa,1773,0.0
4269120719,g,Marisa,290,97.73835920177383
3694807527,g,Marisa,868,0
4097362495,g,Ken,714,621.8709677419355
2709274931,g,Ken,418,236.60377358490567
4051931834,g,Ken,521,320.61538461538464
1707950492,g,Ken,375,0
2057945364,g,Ken,494,214.67015706806282
3006800702,g,Ken,1318,514.6123595505618
1424152791,g,Ken,667,344.843537414966
2971938509,g,Dee Jay,476,0
1168983376,g,Dee Jay,556,0
4214572711,g,Manon,674,481.42857142857144
3378165835,g,Manon,136,104.61538461538463
2815660857,g,Manon,1871,1012.1803278688526
3044468629,g,Manon,279,0
1235949963,g,Manon,416,0
3245297287,g,Manon,594,0.0
2076751519,g,Manon,141,34.18181818181818
3510942004,g,Manon,345,115.0
1626448821,g,Luke,777,666.0
1862281049,g,Rashid,464,0.0
1941648529,g,Rashid,406,232.0
1945946656,g,Luke,959,623.35
2275327075,g,Ken,2151,0
2012162213,g,Dhalsim,1829,895.8367346938775
1692395596,g,Ryu,2493,0
3809830565,g,JP,452,208.0
2835601454,g,Ryu,2903,1094.4376430205948
1718855735,g,Dhalsim,2338,0
3276336544,g,Edmond Honda,1281,0
2519997495,g,Marisa,414,0
1142854099,g,Marisa,1054,0
3298125352,g,Ken,1021,281.1449275362319
1076062239,g,Ryu,883,0
1712088452,g,JP,565,298.49056603773585
2171138234,g,Ryu,404,155.3846153846154
3071342753,g,Cammy,792,396.0
1455171383,g,JP,362,181.0
3522729511,g,Luke,2055,1307.7272727272727
1885699933,g,Manon,171,0
2964731519,g,Manon,650,203.125
1229320789,g,Zangief,3589,3589.0
2108313880,g,Zangief,411,0
3059444100,g,JP,424,278.94736842105266
2550515233,g,JP,217,120.07333333333334
2762745839,g,Dhalsim,1220,1055.1351351351352
3352037664,g,Dhalsim,1607,1607.0
4140533148,g,Cammy,468,0
2274938608,g,Cammy,114,53.2
1272884957,g,Cammy,322,164.01498127340824
4289620767,g,Cammy,745,0
2431504437,g,Cammy,443,200.4047619047619
1091699283,g,Ryu,477,113.57142857142857
3617960408,g,Ryu,1827,0
1703180958,g,Ryu,254,134.47058823529412
2379487747,g,Ryu,920,460.0
1836458351,g,Ryu,334,250.5
2881128101,g,Luke,261,0
2816247435,g,Luke,155,0
2551051104,g,Luke,611,395.5606936416185
2728550980,g,Luke,1532,0
1073649008,g,Luke,254,148.6829268292683
2747364074,g,Luke,1254,0
3257379698,g,Luke,1619,971.4
2964656025,g,Luke,348,116.0
3761573739,g,Luke,1536,0.0
1027767444,g,Luke,2311,0
1780853901,g,Luke,540,324.0
3104906310,g,Luke,212,60.57142857142857
2077958983,g,Luke,117,0
3245609524,g,Luke,598,0.0
4150204368,g,Luke,3871,0
4189154207,g,Luke,559,220.6578947368421
2658394463,g,Dhalsim,592,0
2922660785,g,Dhalsim,421,273.65000000000003
1923570032,g,Cammy,1369,771.0459770114942
3771935797,g,Cammy,1702,834.313725490196
2804006698,g,Cammy,111,0
2702574958,g,Cammy,965,471.5960451977401
2340721445,g,Ryu,1284,0
3590565591,g,Ryu,701,302.70454545454544
2977551754,g,Ryu,394,0
1362027453,g,Ryu,1802,0
1979081442,g,Ken,1122,751.74
3184399652,g,Ken,712,0
3128827858,g,Ken,100,0
2866617415,g,Ken,569,273.12
1821165069,g,Dee Jay,555,192.1153846153846
2779770236,g,Ryu,282,0.0
3148828465,g,Ken,198,0
1038186191,g,Ken,1888,0
1963166509,g,Ken,257,152.59375
2290678773,g,Cammy,1060,767.5862068965517
4202314494,g,Ken,577,270.46875
4050073447,g,Ken,597,348.25
2065986691,g,Dee Jay,880,0
1369619464,g,Dee Jay,341,155.0
2668173999,g,Lily,1773,620.55
1846448861,g,Lily,2218,0
2102763924,g,Lily,2529,2117.3023255813955
3127249629,g,Lily,101,0
2082315632,g,Rashid,1317,0
3058082194,g,Rashid,364,208.0
2705607079,g,Juri,447,0
3744940266,g,Juri,1144,0
3192302510,g,Ryu,1849,0
2956651474,g,Ryu,263,0
2506487928,g,Ryu,2889,1519.3999999999999
3832268949,g,Ryu,2358,1022.137339055794
2607044639,g,Ryu,440,0
2834936932,g,Ryu,1821,766.5542857142857
2730799173,g,Ryu,2472,1348.3636363636363
2908067407,g,Ryu,2384,953.6
3713473382,g,Ryu,554,0
1732814945,g,Ryu,442,215.24479166666669
1096190660,g,Ryu,353,201.7142857142857
1333740256,g,Ryu,711,83.6470588235294
1239747303,g,Ryu,2148,1030.4594594594594
1781927943,g,Ryu,287,146.15740740740742
1006933936,g,Ryu,292,120.82758620689656
2592616834,g,Ryu,608,320.8170212765957
1735461578,g,Ryu,514,440.57142857142856
4223792398,g,Dhalsim,399,0
3953165029,g,Cammy,2500,1000.0
1993830786,g,Ryu,278,97.0377358490566
1657746807,g,Ryu,866,449.037037037037
3647017883,g,Ryu,1201,1110.925
3556402606,g,Ryu,810,736.3636363636364
3999694625,g,Ken,1725,0
2792807509,g,Ken,972,464.8695652173913
1338959948,g,Ken,270,128.22742474916387
4200271679,g,Ken,185,104.49074074074073
3075987798,g,Ken,867,372.1461716937355
1459378861,g,Dee Jay,242,123.46938775510205
2787613024,g,Rashid,972,486.0
3870843133,g,Rashid,1806,845.3617021276596
4115223296,g,Rashid,862,523.3571428571428
2142086691,g,Rashid,1050,0
1828315260,g,Rashid,2152,0
3716944051,g,Ryu,1583,427.83783783783787
3925820618,g,Ryu,124,0
2411920949,g,Ryu,161,69.0
3629089101,g,Ryu,2404,0
1616763162,g,Ken,974,0.0
1008930700,g,Ken,419,204.00611888111888
2667379353,g,Ken,366,166.85294117647058
3439954194,g,Ken,463,0
2918130993,g,Ken,2130,590.4950495049505
2489424419,g,Ken,539,0
1509866310,g,Ken,223,122.8502994011976
2056896211,g,Ken,202,0
2299711375,g,Ken,408,0
2572634526,g,Dee Jay,1152,0
3679948249,g,Dee Jay,174,0
4195038115,g,Lily,407,214.9325842696629
4206129496,g,Ken,1246,505.0159292035398
3425276610,g,Ken,519,0
2497715214,g,Dee Jay,105,0
1230959882,g,Dee Jay,625,0
1308366047,g,Dee Jay,495,0
2768786964,g,Dee Jay,730,340.1136363636363
2540566024,g,Dee Jay,183,36.6
2224997113,g,Dee Jay,597,0
4073734962,g,Dee Jay,469,247.17567567567565
2550269690,g,Dee Jay,661,137.70833333333334
1967307993,g,Lily,845,0
3854226997,g,Lily,635,0
2081352474,g,Lily,1456,0
3322228381,g,Lily,876,0
3464746163,g,Rashid,1577,0
1659048157,g,Rashid,567,332.37931034482756
4048941905,g,Dhalsim,210,0
1960402885,g,Guile,326,0
3008189633,g,Guile,938,393.96
2772112219,g,Guile,190,0
1731682164,g,Guile,110,0
2680607024,g,Luke,202,87.82608695652173
2031022228,g,Luke,218,98.56382978723404
3859838121,g,Luke,2762,0
2730993433,g,Luke,595,0
1703907996,g,Luke,157,76.67441860465117
3062716146,g,Luke,305,203.33333333333331
2678913022,g,Luke,364,182.0
1011984217,g,Edmond Honda,381,246.94444444444443
4094460913,g,Edmond Honda,425,154.54545454545456
2875713375,g,Edmond Honda,748,0
2601061694,g,Edmond Honda,1712,0
3871277829,g,Edmond Honda,696,0
1709087892,g,Edmond Honda,431,132.74463937621832
1092462994,g,Marisa,101,0
1036466425,g,Luke,492,0
1964747435,g,Luke,944,639.0153846153846
2130901880,g,Luke,2679,1485.0978260869565
4174981260,g,Edmond Honda,192,0
2496379780,g,Kimberly,2481,0
1794823323,g,Kimberly,152,70.57142857142857
3299299413,g,Kimberly,958,0
1581389187,g,Zangief,341,145.34426229508196
2168634430,g,JP,3184,0
3100416036,g,JP,463,271.41379310344826
2052917724,g,Dhalsim,1495,0
2390558296,g,Cammy,248,130.52631578947367
2598403761,g,Cammy,1721,1135.8600000000001
1668409946,g,Ryu,2129,0
1543344078,g,Edmond Honda,210,110.18518518518519
1423147411,g,Chun-Li,323,0
3667223691,g,Chun-Li,564,188.0
1330794383,g,Manon,266,0
4103796221,g,Manon,448,320.0
3886116974,g,Zangief,272,204.0
3855059620,g,Zangief,489,203.75
1410751315,g,Zangief,513,0
4257058626,g,JP,460,0
2106699505,g,Cammy,262,105.78403755868544
2410472624,g,Ken,339,0
2801246965,g,Ken,1378,413.4
4033488199,g,Ken,262,0
1888520002,g,Ken,682,0
1338169209,g,Dee Jay,599,235.96969696969697
1322195598,g,Dhalsim,713,0
1663096288,g,Cammy,190,0
3829752252,g,Cammy,229,0
3181682085,g,Cammy,219,89.83252427184466
1038424813,g,Ryu,811,364.95
1326115664,g,Ryu,483,216.51724137931035
2159736087,g,Ken,208,0
3565652873,g,Ken,285,0
2636850979,g,Ken,1877,915.0375
1736698198,g,Ken,316,159.9369527145359
3545808871,g,Ken,311,0
1819400154,g,Ken,227,45.400000000000006
3976558849,g,Ken,241,0
3596788716,g,Ken,208,0
3777356006,g,Dee Jay,284,182.84931506849315
1636016404,g,Dee Jay,1428,0
2984004649,g,Dee Jay,940,0
1941794024,g,Lily,245,0
3857049760,g,Ryu,938,0
1642180435,g,Ryu,1479,565.5
1477385666,g,Ryu,862,368.6306695464363
1436405674,g,Ryu,301,252.5874125874126
2023768512,g,Ryu,919,495.7763157894737
2029618527,g,Ryu,741,318.35555555555555
3147067896,g,Ken,681,340.5
3412429700,g,Ken,739,280.23241590214064
2751027168,g,Ken,2590,1036.0
2310759662,g,Ken,547,258.4908536585366
4220287304,g,Ken,376,207.07246376811594
2973863727,g,Ken,631,0
3605890091,g,Ken,5144,3328.470588235294
4124097597,g,Ken,515,147.14285714285714
2474507143,g,Dee Jay,2090,0
4057312235,g,Dee Jay,2969,0
2572565922,g,Lily,227,108.1796875
2526665447,g,Lily,183,183.0
2789534124,g,Rashid,485,319.89361702127655
3756810245,g,JP,744,0
2158833373,g,Dhalsim,2250,0
3699553203,g,Dhalsim,2874,1437.0
3352443807,g,Dhalsim,308,0
2214868340,g,Cammy,352,261.7435897435897
1633811265,g,Cammy,432,0
1187378984,g,Cammy,240,122.35294117647058
2805154566,g,Cammy,1885,0
2746857405,g,Cammy,129,0
3549841974,g,Cammy,648,0
1820590682,g,Cammy,368,88.32
2941476982,g,Ryu,146,69.1578947368421
3508711416,g,Ryu,2162,864.8000000000001
1350708977,g,Ryu,173,64.25714285714285
2349605417,g,Ken,717,383.7464788732394
3026489460,g,Ken,2717,1045.609329446064
1630594472,g,Ken,742,206.11111111111111
4030867359,g,Ryu,937,937.0
2904674551,g,Ken,934,320.76767676767673
2316343726,g,Ken,832,366.38532110091745
3291270127,g,Ken,1302,578.9525691699605
4014504123,g,Ken,2637,1155.3411371237457
1155229194,g,Ken,4686,2343.0
3798545788,g,Ken,1245,542.7709359605911
1384054085,g,Ken,880,360.0
4238304847,g,Ken,444,197.33333333333331
4207824251,g,Dee Jay,130,99.53125
2591860304,g,Dee Jay,148,66.02395209580838
2058000819,g,Rashid,804,683.4
1974974340,g,Rashid,687,269.22972972972974
2457611038,g,Blanka,1417,0.0
2124765219,g,Juri,207,135.34615384615384
2494836371,g,Juri,2626,1313.0
2977694973,g,Juri,1427,203.85714285714283
2547012106,g,Cammy,812,812.0
2086894526,g,Cammy,1251,645.6774193548387
3649144158,g,Cammy,117,71.5
2550304206,g,Cammy,1662,997.1999999999999
3829861872,g,Ryu,154,78.70422535211267
3787138465,g,Ryu,1222,698.2857142857142
3439814203,g,Ryu,750,419.11764705882354
1353997295,g,Ryu,1497,0
1521990204,g,Ken,1045,442.9139072847682
3089230090,g,Ken,385,117.85714285714286
3554256257,g,Ken,567,232.37704918032787
3089613194,g,Dee Jay,178,85.1304347826087
1537866062,g,Lily,160,0
4011612433,g,Juri,3487,0
1368517576,g,Juri,263,152.046875
2899258866,g,Juri,372,0
2187261551,g,Marisa,256,0
3108544260,g,Ken,630,289.0
2252137962,g,Ken,443,222.6243654822335
2969198763,g,Lily,498,0
3736034872,g,Blanka,565,0
1607058632,g,Juri,271,144.953488372093
1218999462,g,Juri,1643,674.6306483300589
1344885192,g,Juri,1278,661.2046332046332
3633896992,g,Juri,649,129.8
3640704250,g,Marisa,1482,676.9629629629629
4275384526,g,Guile,992,0
2056601064,g,Guile,1468,1468.0
4202273350,g,Luke,1544,694.8000000000001
3162900399,g,Luke,868,0
1497364165,g,Luke,109,54.5
2846495579,g,Edmond Honda,155,0
1239424390,g,Edmond Honda,732,288.67605633802816
2195353633,g,Jamie,739,546.2173913043478
4256743656,g,Manon,290,0
2903683900,g,Manon,210,0.0
2136066265,g,Manon,3887,1794.0
1850713178,g,Zangief,762,360.9473684210526
4062976402,g,Zangief,1372,0
3696572750,g,Zangief,447,186.25
1939952260,g,Zangief,339,196.4659090909091
3418409896,g,Zangief,1157,564.390243902439
2430883620,g,Zangief,3023,0
2414367458,g,JP,404,0
1338712503,g,JP,3054,872.5714285714286
1467042903,g,JP,1045,544.7340425531916
1895127545,g,Cammy,470,293.75
2669058799,g,Cammy,757,374.8252427184466
2755174460,g,Luke,1063,573.153605015674
1747612365,g,JP,532,0
2181665979,g,Cammy,628,234.279792746114
4090500070,g,Cammy,1528,640.3047619047619
2210138248,g,Cammy,931,0
1979925210,g,Cammy,1228,513.6041308089501
2907650900,g,Cammy,2938,1093.2093023255813
3172129453,g,Ryu,118,53.16483516483517
1888446784,g,Ryu,462,173.25
1644452325,g,Ryu,1729,0
2185187685,g,Rashid,987,166.63636363636363
3545405559,g,Rashid,831,282.2264150943396
1956008551,g,Rashid,234,53.18181818181818
2831064197,g,Rashid,552,276.0
2436804225,g,Rashid,370,246.66666666666666
1084736540,g,Rashid,1429,0.0
1053503376,g,Rashid,1290,0.0
1091433323,g,Rashid,486,241.83173076923077
2227191432,g,Rashid,708,0
1454114170,g,Rashid,256,62.270270270270274
1987551629,g,Rashid,354,0.0
3906043221,g,Rashid,1234,284.7692307692308
3018592476,g,Rashid,1579,0
3021948175,g,Rashid,286,147.93103448275863
1801697944,g,Rashid,1115,131.1764705882353
3985114196,g,Rashid,3144,0
1492466762,g,Rashid,594,198.0
2290538616,g,Rashid,418,234.26373626373626
3076315283,g,Rashid,518,0.0
1539926446,g,Rashid,2911,2095.92
1946396301,g,Blanka,233,128.616
3134663377,g,Guile,1313,0
1646986188,g,Edmond Honda,1337,0
3415644595,g,Chun-Li,2266,1203.8125
3712026469,g,Zangief,861,451.0
1934160036,g,JP,401,323.02777777777777
1112677763,g,Cammy,609,312.9583333333333
2375320891,g,Ryu,250,0
2063402696,g,Ryu,3056,1797.6470588235295
3548231181,g,Ken,600,0
3587367451,g,Ken,2176,0
3053552437,g,Ken,430,173.82978723404256
2418427808,g,Juri,378,189.0
3051035083,g,Marisa,1688,1055.0
3068911264,g,Guile,234,211.71428571428572
2241753568,g,Guile,122,0
3985856352,g,Guile,3272,0
2883708774,g,Luke,119,64.45833333333333
2258621450,g,Manon,157,0
1710030507,g,Ken,1245,585.8823529411765
3484876264,g,Blanka,1208,885.8666666666666
1982606974,g,Juri,1027,415.6904761904762
3511977055,g,Marisa,194,143.93548387096774
3017921677,g,Luke,2214,1099.6688741721855
2618819595,g,Edmond Honda,2106,0
2434794827,g,Edmond Honda,221,0
2064497395,g,Jamie,220,0
1837459007,g,Zangief,265,168.4368530020704
2698812456,g,Zangief,1859,929.5
1257894764,g,Zangief,734,546.595744680851
1554063609,g,Zangief,280,0
2845219070,g,Zangief,210,106.61538461538461
2710499172,g,Zangief,226,0
1388430484,g,JP,222,148.0
2060969489,g,JP,1450,1054.5454545454545
1909244528,g,JP,532,266.0
1956666138,g,JP,237,0
4288518485,g,JP,152,0
1364538789,g,Manon,422,0
1186657023,g,Manon,847,0
4073048092,g,Chun-Li,583,388.66666666666663
3068983552,g,Jamie,274,139.79591836734693
2857094621,g,Jamie,1592,0
2772816521,g,Edmond Honda,442,187.0
2265184908,g,Zangief,608,268.0
3855473459,g,Zangief,173,80.2090909090909
2160774304,g,Zangief,367,310.53846153846155
3685060083,g,Dhalsim,1327,644.0994152046783
3535813967,g,Cammy,459,228.81899109792286
4062137090,g,Ryu,3383,0
2243311360,g,Ken,631,283.26625386996903
2897951973,g,Edmond Honda,889,0.0
1282933108,g,Edmond Honda,403,277.0625
2576119320,g,Jamie,3237,0.0
2401206594,g,Ken,888,0
3919174144,g,Cammy,728,145.6
1428952519,g,Ryu,1609,0
3388176864,g,Marisa,1209,0
2908604501,g,JP,1809,452.25
4210161810,g,Marisa,694,305.59659090909093
1478345099,g,Ken,875,476.62601626016254
3574716831,g,Manon,189,0.0
3699502570,g,Manon,744,326.0
1508694921,g,Ken,311,0
2088224081,g,Jamie,251,167.33333333333331
1971236854,g,Juri,1978,0
2637440558,g,Ken,275,138.28796561604585
1464282651,g,Manon,844,0
1190913100,g,Rashid,1046,509.81512605042013
3179289005,g,Edmond Honda,456,0.0
3999516172,g,Cammy,401,206.50299401197603
2685982976,g,Jamie,265,49.6875
1615671848,g,Cammy,684,304.0
1464155331,g,Edmond Honda,439,253.26923076923075
3829777333,g,Zangief,1130,443.92857142857144
3002392558,g,Dee Jay,716,0
1500021452,g,Blanka,125,82.03125
1406723768,g,Marisa,196,81.87341772151899
1314204365,g,Juri,1603,106.86666666666666
1570837710,g,Ken,1111,370.3333333333333
2420361600,g,Ryu,531,388.0384615384615
2394532471,g,Ryu,2010,985.2941176470588
1444048562,g,Ryu,884,380.45569620253167
1149154266,g,Ryu,1045,576.0897435897436
3633919810,g,Ryu,4025,2190.0735294117644
3458760919,g,Ryu,819,307.125
2343094105,g,Ryu,859,0
2721455622,g,Ken,207,0
2714816628,g,Ken,462,229.7094972067039
2433037006,g,Ken,455,175.75107296137338
3573650919,g,Ken,830,0
4196234193,g,Ken,896,406.97435897435895
1778102401,g,Ken,690,379.50000000000006
2718808034,g,Ken,776,0
2250819505,g,Ken,1883,735.8184615384615
3067609319,g,Ken,435,232.0
3696678922,g,Ken,1240,452.29508196721315
3926619483,g,Dee Jay,1575,0
1021617465,g,Ken,281,155.6891891891892
2387169211,g,Ken,158,0
2572069723,g,Ken,1235,507.9435483870968
4092987058,g,Dee Jay,1406,480.0975609756098
1543394611,g,Dee Jay,410,263.419689119171
3332968804,g,Rashid,2444,2444.0
1644167154,g,Blanka,211,0
2936304451,g,Juri,1075,886.1486486486486
3078794773,g,Juri,188,108.98550724637681
1797504404,g,Juri,525,286.3636363636363
4278474822,g,Juri,1318,0
2598360452,g,Marisa,457,219.77862595419847
1734845773,g,Marisa,367,136.72549019607843
1077569663,g,Marisa,6423,0
3172881345,g,Guile,255,0
2828409577,g,Guile,537,335.625
2204724294,g,Luke,2444,0
2208449318,g,Luke,1191,0
2586868633,g,Luke,400,180.0
3203189867,g,Juri,263,0.0
3985245725,g,Marisa,453,157.56521739130434
2226576547,g,Marisa,533,0
4238419167,g,Marisa,240,0
3098933815,g,Marisa,957,0.0
3883936546,g,Marisa,161,0
3472324420,g,Marisa,122,44.94736842105263
4048133271,g,Marisa,1007,0
4199030275,g,Marisa,288,136.85950413223142
3905265477,g,Marisa,1642,0
1268043503,g,Marisa,3269,0
1587295466,g,Marisa,426,183.95454545454547
1338529753,g,Marisa,1139,0
1561486380,g,Marisa,239,111.53333333333333
2491888349,g,Guile,1247,0
3976788133,g,Luke,1979,908.7244897959184
3147865945,g,Luke,3158,0
1414313824,g,Luke,795,0
1783012893,g,Luke,258,258.0
1445502004,g,Luke,1610,647.156862745098
1469811676,g,Luke,269,132.140350877193
1085180894,g,Jamie,738,237.3467336683417
2299220363,g,Kimberly,390,0
1282379653,g,Chun-Li,866,570.7727272727273
3716255657,g,Manon,1154,432.75
1431300043,g,Manon,505,0
3022912212,g,Manon,1925,837.5284738041003
1965733241,g,Zangief,204,0
2106370329,g,Zangief,866,460.30630630630634
3436557151,g,Zangief,888,463.30434782608694
3357083577,g,Blanka,124,96.44444444444444
3474868763,g,Juri,270,150.14018691588785
1590399838,g,Juri,650,316.6666666666667
2041059721,g,Juri,959,512.3424657534247
3407171729,g,Juri,1189,516.9565217391304
3928146990,g,Juri,183,102.67873303167421
4127544341,g,Juri,160,0
2730570439,g,Juri,589,0
3086527986,g,Juri,305,90.37037037037037
4223502184,g,Juri,1917,1533.6000000000001
3929430900,g,Marisa,202,0
1768020570,g,Marisa,1274,0
2383319883,g,Marisa,3003,1911.0
4052428449,g,Marisa,228,162.85714285714286
1305635962,g,Marisa,120,76.72131147540983
2022406957,g,Guile,632,0
1723906577,g,Guile,259,156.29310344827587
3893983633,g,Guile,582,349.2
1361346800,g,Kimberly,234,78.0
1025676140,g,Kimberly,365,0
1996341482,g,Kimberly,1546,843.2727272727273
1025766453,g,Kimberly,789,0
1539416560,g,Chun-Li,1473,552.375
2689363194,g,Chun-Li,677,347.64864864864865
1457584995,g,Chun-Li,1371,0
1478172325,g,Manon,1322,440.66666666666663
4191123480,g,Manon,1018,649.7872340425532
4291937003,g,Zangief,419,215.66176470588232
2069207602,g,Zangief,441,0
3559269119,g,Zangief,1393,586.5263157894736
2537952825,g,Zangief,323,323.0
2733361225,g,Zangief,250,97.82608695652175
4141142178,g,Zangief,418,168.66666666666666
2469012145,g,Zangief,351,157.95000000000002
3408629204,g,JP,1483,0
3114908143,g,Dee Jay,631,147.46195652173913
1613672921,g,Dee Jay,157,0
2533227477,g,Lily,350,233.33333333333331
1310273265,g,Lily,524,274.59615384615387
1036910480,g,Lily,751,0.0
1690941209,g,Blanka,331,191.03428571428572
1834107850,g,Blanka,467,0
1539856455,g,Juri,455,0
3030499409,g,Juri,478,159.33333333333331
2661077189,g,Juri,229,0
2720009149,g,Juri,388,0
3130104941,g,Juri,255,0
1920584428,g,Juri,110,0
1111996934,g,Juri,368,184.0
2208129692,g,Juri,1898,0
1717510523,g,Marisa,2008,0
2997309241,g,Marisa,357,0
3627254408,g,Zangief,839,0
3929567709,g,Zangief,856,428.0
4061020905,g,Zangief,2726,0
2429102995,g,Zangief,392,277.6666666666667
4122168641,g,Zangief,464,248.57142857142856
2147600485,g,JP,474,269.6896551724138
3618994675,g,JP,154,0
3741639210,g,JP,3172,2147.2000000000003
1088910592,g,Cammy,253,118.06666666666666
4131337617,g,Cammy,1058,472.5733333333333
2995069343,g,Cammy,4679,1668.8433333333335
3201917785,g,Cammy,275,0
1995058815,g,Cammy,1750,0
1177529657,g,Cammy,1184,330.4186046511628
3847557906,g,Cammy,176,0
1943873077,g,Ryu,982,491.0
1388877466,g,Ryu,2808,2106.0
4022048969,g,Edmond Honda,405,202.5
2847003285,g,Edmond Honda,1897,948.5
3808974964,g,Edmond Honda,322,251.3170731707317
1108491167,g,Edmond Honda,892,0
3488930837,g,Edmond Honda,569,0
3491626339,g,Jamie,3209,1466.478494623656
1451041821,g,Jamie,531,305.325
4199930415,g,Jamie,442,0
1428338755,g,Jamie,1055,563.8793103448276
1842310857,g,Jamie,692,0
2019294892,g,Jamie,1880,1067.027027027027
3508696373,g,Jamie,1697,0
2305300691,g,Kimberly,2219,0
3767676385,g,Chun-Li,3901,0
1268886496,g,Chun-Li,768,322.2857142857143
3243182610,g,Chun-Li,415,198.60714285714286
2671038672,g,Manon,677,0
2713035666,g,Cammy,1251,417.0
1367229145,g,Ryu,352,175.1737089201878
2739547834,g,Ryu,170,85.0
2532096544,g,Ryu,638,356.09302325581393
1169099085,g,Ryu,343,0
4177195241,g,Ryu,448,271.1578947368421
1051397813,g,Ken,168,62.64406779661017
1250938921,g,Ken,1082,692.48
2575527450,g,Ken,2178,0
1191692680,g,Ken,981,428.7704081632653
2155957071,g,Ken,445,213.0
1613847603,g,Ken,368,182.88484848484848
1442449878,g,Ken,374,169.75886524822695
3867983124,g,Ken,1344,718.8837209302325
1728245823,g,Dee Jay,1128,0
1200172409,g,Dee Jay,127,0
1908132903,g,Lily,576,349.48314606741576
1334146958,g,Rashid,614,266.95652173913044
2006358737,g,Random,6027,0
3555980601,g,Kimberly,283,0
2126294262,g,Chun-Li,455,358.48484848484844
4280586321,g,Manon,716,448.83582089552243
1353982069,g,Manon,170,99.84126984126985
1026889640,g,Zangief,2116,0.0
3347889177,g,JP,345,174.43820224719101
2761155333,g,JP,400,184.17266187050362
2285741282,g,Random,553,243.48507462686567
1851666241,g,Kimberly,1482,1363.44
2073919782,g,Dhalsim,1156,800.3076923076923
3360099304,g,Dhalsim,2226,0
1660695459,g,Dhalsim,128,69.56521739130434
3664998748,g,Cammy,4038,0
3480369618,g,Cammy,549,0
3751005589,g,Ryu,1226,0
3067702300,g,Ryu,101,50.02803738317757
2134708418,g,Ryu,134,67.0
2033809853,g,Ryu,656,0
1519595101,g,Ryu,188,0
1649012345,g,Ryu,307,126.34657039711192
4021659023,g,Ryu,678,354.17910447761193
2322379902,g,Ryu,115,69.0
2101919905,g,Ryu,245,0
3783332125,g,Ryu,293,0
3865027215,g,Ryu,909,0.0
3483911554,g,Ryu,532,247.0
4143968674,g,Ryu,578,0
1169067392,g,Ken,1101,0
3905830645,g,Ken,549,0
1450907617,g,Ken,728,299.9739413680782
1304053337,g,Ken,1014,392.1546961325967
1880194398,g,Ken,785,299.5394736842105
3401866107,g,Edmond Honda,148,96.0
4167130485,g,Edmond Honda,226,0
3616998055,g,Edmond Honda,1376,660.48
1469512427,g,Jamie,1320,0
1626573919,g,Jamie,205,126.33720930232558
3112056098,g,Jamie,1596,0
2134335267,g,Jamie,323,123.25
1091942896,g,Chun-Li,156,0
3754957095,g,Chun-Li,1322,0
4214789842,g,Chun-Li,257,0
2308411214,g,Chun-Li,689,306.22222222222223
4224185140,g,Chun-Li,2836,1304.9079754601228
1513882315,g,Manon,1256,865.2444444444444
2076508989,g,Manon,222,113.61176470588234
2485360503,g,Manon,1318,482.8506919155135
3897378117,g,Manon,491,0.0
1854220029,g,Blanka,1312,726.6461538461539
3974663390,g,Juri,860,0
3219941553,g,Juri,426,0
2690140168,g,Juri,1040,456.0849772382398
1345797077,g,Juri,425,203.2608695652174
1045413554,g,Marisa,338,180.7906976744186
3951898791,g,Marisa,922,184.4
3752401559,g,Marisa,2238,0
3133969724,g,Marisa,124,100.38095238095238
2488829772,g,Marisa,1843,0
3621010974,g,Guile,631,412.5769230769231
2325990851,g,Guile,339,0
1572978983,g,Guile,208,115.2
3500354311,g,Guile,612,306.0
1875411363,g,Guile,1556,637.3975903614457
1750826924,g,Guile,2028,803.2987012987013
4099720773,g,Rashid,2511,1674.0
3212350802,g,Guile,2583,968.625
1976753477,g,Luke,2060,0
1341135303,g,Luke,585,351.0
4239393348,g,Ken,939,0
1632942236,g,Ken,617,246.8
4110940712,g,Ken,676,0
3933608121,g,Ken,273,170.625
3467985260,g,Ken,425,206.06060606060606
3378155086,g,Ken,2284,916.6052631578948
3803084915,g,Ken,661,0
2268230951,g,Ken,770,0
2208368581,g,Ken,677,0.0
1741037596,g,Ken,1352,678.804979253112
1942202479,g,Ken,151,75.5
3314922033,g,Ken,573,245.57142857142856
1879094951,g,Ken,1602,511.2765957446809
3411032984,g,Ken,1070,557.6056338028169
2381435431,g,Dee Jay,231,0
2634651452,g,Dee Jay,254,0
2533935456,g,Manon,130,0
2225686121,g,Zangief,170,0
1098169405,g,Zangief,1119,0
1995881977,g,JP,2008,0
2321902741,g,Dhalsim,1796,0.0
2346185710,g,Cammy,838,0
1392886415,g,Cammy,457,226.1114982578397
4117953994,g,Cammy,1241,0
1258435373,g,Ryu,1260,0
2160150139,g,Dee Jay,241,150.625
4013237245,g,Blanka,217,217.0
2331341382,g,Blanka,349,0
3557920620,g,Juri,979,571.0833333333334
1673463540,g,Juri,1086,438.77089783281735
2714840787,g,Juri,180,101.88679245283019
3257531034,g,Marisa,574,280.47727272727275
1186357400,g,Marisa,355,142.4127906976744
4104812406,g,Dee Jay,698,0
2365639919,g,Blanka,3656,1983.8759689922479
3346439627,g,Juri,412,225.93548387096772
4176178283,g,Juri,679,306.18457943925233
2740176224,g,Juri,2001,1015.0000000000001
2565048034,g,Juri,1473,368.25
3687188654,g,Juri,1035,442.6991150442478
2819224800,g,Marisa,436,0
2898303355,g,Guile,595,0
2479468758,g,Luke,4285,0
1163647776,g,Jamie,202,14.428571428571427
3386427105,g,Jamie,970,0
1933192736,g,Jamie,1997,0
2660519559,g,Jamie,1857,663.2142857142858
1333477753,g,Jamie,1130,470.83333333333337
4269778762,g,Jamie,2415,0
2190765422,g,Jamie,221,97.24
2646508569,g,Juri,251,0
2180426954,g,Juri,1823,0
3727207848,g,Juri,3062,874.8571428571428
2554959634,g,Juri,1967,0
1736031232,g,Juri,498,284.57142857142856
1612062637,g,Juri,872,0
2088434916,g,Juri,3774,343.0909090909091
2501134675,g,Juri,693,319.06451612903226
1207671972,g,Jamie,425,0
2180492754,g,Cammy,910,560.0
2568698996,g,Jamie,113,58.0
3926481431,g,Jamie,632,0
2073885585,g,Jamie,469,0.0
1497077560,g,Jamie,943,0
2553377772,g,Jamie,356,0
3536444944,g,Jamie,215,102.61363636363637
1134543225,g,Jamie,394,0
2198111459,g,Jamie,4849,1140.9411764705883
1962611382,g,Jamie,380,0
1067295177,g,Jamie,2279,693.608695652174
2944100795,g,Jamie,371,0
3439330632,g,Chun-Li,115,0
2869824691,g,Manon,174,0
3156832186,g,Manon,811,528.9130434782609
2870567793,g,Zangief,615,333.433734939759
3785235406,g,Zangief,554,453.2727272727273
1562721717,g,Zangief,2111,0
3654234642,g,JP,262,0
1123653793,g,JP,108,67.5
2095022667,g,JP,1262,0
3943580620,g,JP,1489,965.8378378378379
2043043485,g,Cammy,792,565.7142857142858
3359266935,g,Cammy,531,235.39175257731958
3330596101,g,Cammy,328,328.0
2900548465,g,Cammy,1476,0
2790166711,g,Cammy,153,0
1545098854,g,Cammy,2280,1632.972972972973
1598861416,g,Cammy,530,237.53048780487805
3752551692,g,Ryu,1432,877.6774193548388
2944067230,g,Ken,130,0
2475785468,g,Dee Jay,438,137.41176470588235
1712085969,g,Dee Jay,971,544.3484848484848
4249755049,g,Dee Jay,473,179.8732394366197
4016231034,g,Dee Jay,443,195.0163043478261
3823609415,g,Dee Jay,119,61.78846153846154
2095857108,g,Dee Jay,1131,0
1861022202,g,Dee Jay,1798,0
2223684516,g,Manon,631,245.2227488151659
2394182016,g,Zangief,571,318.69767441860466
2819485542,g,Zangief,334,162.7179487179487
2744752043,g,Cammy,778,451.4320987654321
1298864827,g,Cammy,561,305.00970873786406
3880561375,g,Cammy,697,409.72297297297297
3521212820,g,Cammy,212,0
2125098365,g,Ryu,668,0.0
3953473273,g,Ken,1069,527.2377717391304
3061393874,g,Ken,796,356.5895953757226
3263913403,g,Ken,1098,535.4204946996467
3657634292,g,Ken,125,0
3393668634,g,Ken,2079,820.448275862069
3611980959,g,Ken,2332,636.0
1623616289,g,Ken,233,116.5
4018538927,g,Dee Jay,606,0
3245322305,g,Dee Jay,227,78.95652173913044
3025702349,g,Manon,157,157.0
1054317445,g,Manon,2849,881.8333333333334
1807016813,g,Manon,1409,554.3606557377049
2116170457,g,Manon,757,0
3975066504,g,Manon,341,0.0
4190634355,g,Manon,771,0
2738685497,g,Manon,107,0
1129993467,g,Manon,419,260.18548387096774
2804379531,g,Manon,452,180.8
4013787558,g,Manon,1406,0
4190612241,g,Manon,349,0
3295689742,g,Manon,1714,467.45454545454544
4240947293,g,Manon,662,189.14285714285714
3947792176,g,Manon,597,0
2580241365,g,Manon,812,0
3372579224,g,Manon,955,347.2727272727273
2762996252,g,Zangief,1295,0
2146568115,g,Zangief,157,0
2983525899,g,Zangief,108,0
1002553357,g,Zangief,1307,0
2828835897,g,Zangief,332,0
3263951779,g,Zangief,1136,0
3010476206,g,Zangief,215,0
3839200455,g,Zangief,960,0
1237655992,g,Ken,1214,0
2224235280,g,Ken,1043,339.28915662650604
1945265600,g,Ken,268,134.0
2712368365,g,Dee Jay,160,94.11764705882354
2849871719,g,Dee Jay,1755,1096.875
2667734871,g,Dee Jay,2360,0
2854899899,g,Dee Jay,303,0
1646130191,g,Lily,646,259.88505747126436
3753999833,g,Lily,517,258.5
2388822221,g,Lily,1416,944.0
1499939485,g,Lily,597,207.65217391304347
2568144961,g,Rashid,2007,0
3346821919,g,Rashid,610,366.0
3807716109,g,Rashid,840,0
1832970740,g,Ken,918,361.54455445544556
1314514276,g,Ken,192,94.2754491017964
3636488874,g,Ken,1300,539.3617021276596
2660945878,g,Ken,455,0
2152661976,g,Ken,1131,452.40000000000003
3431297209,g,Ken,225,0
2595931142,g,Ken,422,250.78857142857143
4121708893,g,Ken,3302,0
1732739773,g,Ken,1251,625.5
2448949845,g,Ken,2664,1509.6
1440364182,g,Ken,600,0
3356532435,g,Ken,272,0
2365646630,g,Ken,901,750.8333333333334
2647490747,g,Ken,208,58.426966292134836
1172719855,g,Ken,446,346.0344827586207
1626284973,g,Ken,1073,536.5
2744694118,g,Guile,710,256.1855670103093
3413010696,g,Guile,1416,0
1365148868,g,Guile,548,0
2336439680,g,Guile,119,69.41666666666667
1516917335,g,Luke,286,136.7826086956522
1068654166,g,Luke,641,302.9115853658536
3453574813,g,Edmond Honda,525,0.0
1289097214,g,Jamie,440,0
2546832953,g,Jamie,1092,537.8507462686567
1688879982,g,Jamie,399,214.2777777777778
2387040465,g,Marisa,1038,0
2990795800,g,Jamie,814,367.235632183908
2728589881,g,Kimberly,1003,464.9761904761905
2994340703,g,Chun-Li,413,0
2758051949,g,Chun-Li,1254,0
3249532237,g,Manon,2693,1864.3846153846152
3439349374,g,JP,1341,0
1550846224,g,JP,1070,428.0
3232108947,g,JP,160,0
1795170426,g,Dhalsim,2698,0
2408783180,g,Dhalsim,204,0
3803064037,g,Dhalsim,543,0
4239098535,g,Dhalsim,6662,0.0
3696495161,g,Dhalsim,908,483.48051948051943
2791506544,g,Dhalsim,2874,1500.8666666666668
3219276149,g,Cammy,609,347.18691588785043
1619010954,g,Cammy,259,91.41176470588236
2335672115,g,Cammy,199,0
1603213777,g,Cammy,566,399.5294117647059
1789893263,g,Cammy,589,335.12068965517244
3054060245,g,Marisa,356,356.0
1783525815,g,Marisa,180,0
2116956795,g,Marisa,1075,0
3350907714,g,Marisa,2338,850.1818181818182
4146994348,g,Marisa,352,352.0
4021602288,g,Marisa,533,290.7272727272727
1894236261,g,Marisa,1560,0
3799785496,g,Marisa,435,0
3732330347,g,Marisa,887,0
3444695181,g,Marisa,2003,0
3035215921,g,Marisa,1730,0
1357837127,g,Marisa,536,536.0
3368619592,g,Marisa,1948,0
2557031871,g,Marisa,238,100.96969696969697
3929480573,g,Ryu,522,256.0127388535032
4287892065,g,Ryu,590,261.45098039215685
1421884876,g,Ryu,864,0
4213160647,g,Ryu,1867,764.4409448818898
1669073426,g,Ryu,817,0
2666752411,g,Ryu,1047,0.0
2901774184,g,Ryu,989,405.4521072796935
2026378768,g,Ryu,2479,0.0
3761259675,g,Ryu,1119,472.078125
2799600295,g,Ryu,463,277.8
1784678970,g,Ryu,1092,565.9270072992701
2117565577,g,Ryu,463,120.5068493150685
3802522598,g,Ryu,204,82.51685393258427
2382542525,g,Ryu,693,288.288
1952728049,g,Ryu,340,196.33802816901408
2181463440,g,Ryu,170,129.5731707317073
2054696136,g,Ken,778,233.39999999999998
1521855476,g,Ken,341,172.87906976744188
3580538133,g,Ken,622,399.8571428571429
3511122247,g,Ken,254,103.90909090909092
2426196677,g,Dee Jay,357,0
3314537167,g,Lily,241,0
3882254078,g,Rashid,967,519.0112994350283
1002290994,g,Blanka,874,0
1315972950,g,Juri,806,0
3326229585,g,Juri,516,222.5402843601896
2547300403,g,Ken,162,75.6
1615338122,g,Ken,1220,571.063829787234
3764101118,g,Ken,898,550.3870967741935
1098886713,g,Ken,281,187.33333333333331
1628286065,g,Ken,923,464.91851851851845
2222490244,g,Dee Jay,330,0
3086146289,g,Dee Jay,264,0
1076388035,g,Dee Jay,1943,0
3807099472,g,Dee Jay,133,76.57575757575758
4104872719,g,Dee Jay,800,0
2659208059,g,Dee Jay,385,0
3075440187,g,Dee Jay,535,267.5
2790136537,g,Lily,1132,476.2378854625551
1632780809,g,Lily,619,450.1818181818182
3892213674,g,Lily,489,0
2643386610,g,Rashid,289,150.69285714285715
1331500555,g,Rashid,1023,474.3
4110862884,g,Rashid,1015,145.0
4294460716,g,Edmond Honda,2379,0
1688352022,g,Edmond Honda,110,0
3256173010,g,Edmond Honda,815,458.4375
3659961318,g,Edmond Honda,242,0
2529376739,g,Edmond Honda,1144,0
2995296852,g,Jamie,907,403.1111111111111
1947117855,g,Jamie,2108,766.5454545454546
2106326834,g,Jamie,358,0
3777804640,g,Jamie,550,294.92753623188406
2817282108,g,Random,949,0
1106652903,g,Kimberly,910,0
1670452723,g,Ken,2345,836.201550387597
4082589504,g,Ken,298,0
2517203043,g,Ken,1427,759.6978417266188
2031454154,g,Ryu,1065,419.05434782608694
4136575692,g,Ryu,1086,470.6
2297397796,g,JP,222,40.36363636363637
2605696611,g,JP,1679,559.6666666666666
4278189455,g,JP,1389,0
2722761108,g,JP,795,0
1846867701,g,JP,4867,0
3168536754,g,Zangief,379,0
2776217952,g,Zangief,1557,992.5875
3641254602,g,Manon,1156,1156.0
3955925090,g,Manon,753,376.5
1096792363,g,Ken,1165,499.2857142857143
1120389726,g,Ken,987,0
2354936467,g,Ken,975,93.75
3116634966,g,Ken,1617,1167.8333333333333
1815047920,g,Ken,550,258.64864864864865
3646742804,g,Zangief,536,150.75
4120519688,g,Zangief,2842,0.0
2850895156,g,Zangief,838,366.625
2448295415,g,Zangief,331,0
2501919413,g,Kimberly,1736,868.0
2817402087,g,Kimberly,539,89.83333333333333
2809364440,g,Kimberly,361,216.6
1046270949,g,Chun-Li,1128,0
2831754586,g,Chun-Li,626,0
3972978761,g,Zangief,233,0
2631857838,g,Manon,1424,686.7517730496454
2593090274,g,Blanka,799,399.5
2404707109,g,Blanka,1235,673.6363636363636
4040071436,g,Rashid,682,0
3199449886,g,Rashid,842,0
3138574785,g,Lily,687,549.6
3574962895,g,Lily,1012,651.5616438356165
1264897225,g,Lily,1058,621.0
2721296856,g,Lily,1537,0
2295372579,g,Lily,264,0.0
3465485426,g,Juri,857,422.06606606606607
2883114220,g,Juri,220,82.5
1740341885,g,Juri,498,55.33333333333333
3331229820,g,JP,682,323.05263157894734
2568091421,g,Juri,306,0
1246936221,g,Juri,467,0.0
2268434765,g,Ryu,580,0
3708707765,g,Ryu,1065,0
2716557663,g,Ryu,812,0
1624830304,g,Ryu,1476,0
3273269250,g,Marisa,793,403.6057347670251
2857917619,g,Cammy,1219,514.9932584269663
4205246330,g,Manon,367,0
3813502874,g,Zangief,468,0
3416559619,g,Manon,1485,0
1574903271,g,Ryu,294,147.0
2278326200,g,Cammy,211,0
1263562869,g,JP,149,51.87407407407407
3967770427,g,Marisa,665,272.5409836065574
3589548166,g,Jamie,297,143.28947368421052
3028727182,g,Ken,353,144.82051282051282
1419934625,g,Rashid,634,317.0
2314449742,g,Manon,233,0
3107007252,g,Ken,3151,787.75
3150295523,g,Cammy,232,0
3949610497,g,Chun-Li,378,185.68421052631578
2472596654,g,Marisa,809,809.0
3836333747,g,Ken,133,0
2607271324,g,Marisa,535,0
2801797366,g,Chun-Li,335,203.78338278931753
3556818618,g,Chun-Li,444,0
1440032767,g,Chun-Li,206,0
2145112725,g,Chun-Li,334,184.8473282442748
1853435522,g,Chun-Li,1099,0
1070685574,g,Chun-Li,803,0
2827133793,g,Chun-Li,412,0
3514063951,g,Chun-Li,1321,440.3333333333333
4242060905,g,Chun-Li,705,320.45454545454544
1274769496,g,Chun-Li,266,61.38461538461539
3061790170,g,Chun-Li,1166,0
1639493434,g,Chun-Li,2717,0
3490827793,g,Chun-Li,1648,873.9393939393939
3840385718,g,Chun-Li,294,0
3609249743,g,Chun-Li,1329,904.8510638297872
1955676059,g,Manon,1237,1237.0
1492626292,g,Manon,257,0
3489674638,g,Manon,627,348.33333333333337
3784632637,g,Manon,221,0
1866418213,g,Manon,744,446.4
1134731623,g,Manon,1333,0
2305721484,g,Manon,396,83.36842105263158
1083516056,g,Manon,957,0
1590517069,g,Manon,256,0
3591380859,g,Manon,703,306.76363636363635
1573571422,g,Manon,1448,0
1661888715,g,Chun-Li,448,0
1720751490,g,Chun-Li,361,120.33333333333333
1602983891,g,Chun-Li,1122,510.0
2870301071,g,Chun-Li,927,0
3997390144,g,Chun-Li,175,106.94444444444446
1189801839,g,Luke,470,244.53874538745384
2194220755,g,Luke,446,207.07142857142858
3926945783,g,Luke,877,372.9257375381485
1227143806,g,Luke,749,388.9038461538462
2607476070,g,Chun-Li,1279,627.6574074074074
3698104148,g,Chun-Li,279,0
3919532851,g,Chun-Li,776,439.73333333333335
2103084440,g,Chun-Li,329,0
4045188303,g,Manon,566,0
2416127674,g,Manon,1749,874.5
3449961074,g,Manon,543,0
1188696214,g,Zangief,267,0
1603012599,g,Zangief,855,0.0
3613284112,g,Zangief,168,68.10810810810811
3691262908,g,Zangief,794,390.796875
3844221525,g,Zangief,1140,623.4375
2391937744,g,Zangief,806,338.75362318840575
2445491600,g,Zangief,1954,0
4121816492,g,Zangief,703,111.0
4071179604,g,Zangief,248,47.69230769230769
3019843807,g,Zangief,1270,466.8535825545171
3302163692,g,JP,202,84.64761904761905
1878778232,g,JP,756,329.71532846715326
4261034550,g,Marisa,139,73.58823529411765
1098689583,g,Marisa,1178,353.4
2326510114,g,Marisa,213,109.09756097560975
1434034054,g,Guile,534,208.95652173913044
4001413094,g,Guile,1439,865.4855072463769
2175902811,g,Edmond Honda,145,81.5625
1990672610,g,Edmond Honda,1085,614.8333333333334
3783567089,g,Edmond Honda,187,136.45945945945945
3080243506,g,Kimberly,443,0
1234628585,g,Kimberly,134,60.67924528301887
2230756061,g,Kimberly,237,0
2837822969,g,Kimberly,277,106.73394495412845
2584594438,g,Chun-Li,1035,377.1610169491525
1022819944,g,Manon,296,232.57142857142856
2326483451,g,Edmond Honda,412,0
2340648942,g,Edmond Honda,6213,0
3988714005,g,Edmond Honda,562,234.16666666666669
2615226462,g,Edmond Honda,644,0
1107807880,g,Jamie,2514,931.1111111111111
3813504954,g,Jamie,877,0
2563765524,g,Jamie,859,691.2265625
2395756631,g,Kimberly,162,0
2226805246,g,Kimberly,729,226.24137931034483
3926494361,g,Manon,1594,461.42105263157896
3574183119,g,Manon,1106,737.3333333333333
4098009248,g,Dee Jay,1644,968.3835616438356
2880623616,g,Zangief,114,63.0873786407767
2988571619,g,Zangief,119,31.875
1809625910,g,Zangief,1179,589.5
2623618898,g,Zangief,298,0
1418380061,g,JP,170,0
3111082561,g,Cammy,103,41.02164502164502
2085213273,g,Cammy,1134,477.06206896551726
1447576308,g,Marisa,489,0
2030366111,g,Marisa,303,119.7906976744186
2271932783,g,Guile,572,0
4008599851,g,Luke,174,101.67469879518073
1046354535,g,Luke,808,199.6235294117647
1128058861,g,Luke,255,81.30434782608695
3235547409,g,Luke,228,0
1931087007,g,Luke,185,0
1180022668,g,Luke,463,0
2957489383,g,Luke,267,89.0
3675122896,g,Luke,213,0
3835132353,g,Luke,337,211.82857142857142
2923303487,g,Edmond Honda,511,0
1947366875,g,Edmond Honda,614,0
1230689314,g,Edmond Honda,499,153.53846153846155
3899950214,g,Ken,1438,746.1320754716982
3941151370,g,Ken,853,483.02409638554224
3651566088,g,Ken,662,0
2165290188,g,Dee Jay,1915,147.30769230769232
2301795110,g,Dee Jay,303,153.924
3682370758,g,Lily,1285,0
1403492144,g,Lily,1930,0
1232883652,g,Blanka,2213,1050.2372881355932
2970605064,g,Juri,1055,389.34523809523813
2451219979,g,Juri,708,300.78431372549016
1311688900,g,Juri,246,123.0
2643916770,g,Juri,206,193.88235294117646
3637583006,g,Juri,776,517.3333333333333
1283594945,g,Juri,1190,0
3828620250,g,Juri,590,475.27777777777777
1155158786,g,Marisa,1639,0
3786411491,g,Marisa,2426,1641.1176470588236
2898779574,g,Marisa,538,257.20175438596493
1540207220,g,Marisa,1854,843.4180327868853
3247748946,g,Marisa,704,0
3062761281,g,Marisa,822,282.5625
1089525354,g,Marisa,349,0
2472507603,g,Marisa,495,0
2699789286,g,Marisa,165,94.28571428571428
2355523704,g,Marisa,209,116.5221238938053
1637678808,g,Marisa,1047,395.09433962264154
2026686222,g,Marisa,2898,0
1803744957,g,Marisa,3386,2539.5
2753997568,g,Marisa,428,232.77192982456143
3838562405,g,Marisa,606,268.2295081967213
2473599798,g,Chun-Li,174,61.008298755186715
3524716554,g,Manon,214,0
2266376191,g,Zangief,149,96.99999999999999
3526798078,g,Zangief,140,0
3166368876,g,Zangief,691,387.9298245614035
1478018143,g,Zangief,1411,434.1538461538462
4003697546,g,Zangief,724,362.0
2647414852,g,JP,1741,1123.225806451613
3122949889,g,JP,1250,820.3125
1801636014,g,JP,1668,714.8571428571428
2504291661,g,Dhalsim,774,0
4292190941,g,Cammy,466,71.6923076923077
2951459097,g,Cammy,2629,1452.8684210526317
2727374970,g,Cammy,658,219.33333333333331
2729734450,g,Cammy,139,0
1834435717,g,Cammy,307,185.33179723502306
2245660000,g,Ryu,301,0
3758788478,g,Ryu,652,315.568
1422112086,g,Ryu,2991,1121.625
1507943861,g,Cammy,1792,0
2364275527,g,Ryu,968,0.0
4127585335,g,Ryu,164,123.0
1901746393,g,Ryu,316,234.45161290322582
1968775989,g,Ryu,1675,819.1605839416059
1854720642,g,Ken,1145,616.5384615384615
1321480510,g,Ken,195,65.0
3794770977,g,Ken,276,152.1021897810219
2182539267,g,Ken,337,174.2443181818182
4062209424,g,Ken,223,147.40677966101694
1844016700,g,Dee Jay,616,310.77477477477476
2613636754,g,Dee Jay,632,307.4594594594595
2429296862,g,Dee Jay,102,0
3577016237,g,Dee Jay,1189,589.85546875
3057034909,g,Dee Jay,1890,0
2080697844,g,Lily,1402,1023.6825396825396
2560731396,g,Rashid,533,0
3801299108,g,Ken,256,0
3058298021,g,Ken,325,216.66666666666666
3144004285,g,Ken,533,157.74887892376682
1594678890,g,Ken,175,105.83832335329342
3539814063,g,Ken,2014,746.9139072847682
1385311419,g,Ken,113,0
1851979681,g,Dee Jay,544,0
2142412095,g,Dee Jay,359,179.5
3656434513,g,Dee Jay,756,368.36942675159236
1597334772,g,Dee Jay,214,112.83636363636363
3940712374,g,Dee Jay,200,72.72727272727273
2208547089,g,Dee Jay,2068,0
1190590794,g,Manon,580,0
2158268503,g,Manon,1979,282.7142857142857
3422352869,g,Manon,249,0
3135986413,g,Manon,389,0.0
3478120598,g,Manon,159,0
3931484443,g,Manon,213,0
4176114397,g,Manon,234,0
3931414745,g,Manon,722,0
2278889889,g,Manon,737,0
4206944073,g,Manon,629,0
2342112821,g,Manon,1067,1067.0
1263426119,g,Manon,104,32.0
1321432452,g,Manon,565,0
1346651168,g,Manon,485,388.0
3758602711,g,Manon,295,0
3266508294,g,Rashid,509,395.8888888888889
3004612810,g,Rashid,106,66.25
2035450693,g,Rashid,734,629.1428571428571
3882409234,g,Rashid,162,91.64365256124722
2586138819,g,Rashid,1470,0
2107540340,g,Rashid,935,254.99999999999997
1334384466,g,Blanka,801,712.0
2431889229,g,Blanka,694,0
1260393543,g,Blanka,397,0
1271759187,g,Blanka,1601,0
4288506086,g,Blanka,538,0
2849117323,g,Blanka,192,0
3809443156,g,Blanka,1231,0
3047979261,g,Blanka,368,76.05333333333333
4244470581,g,Juri,707,353.5
1553307768,g,Juri,200,0
2599971638,g,Juri,794,589.8285714285714
2817169498,g,Juri,1118,487.7549019607843
2937143922,g,Juri,340,0.0
3897504598,g,Ken,162,0
3648260105,g,Ken,264,162.46153846153848
4207390300,g,Ken,534,247.36764705882354
3781172043,g,Dee Jay,552,254.76923076923077
3001006334,g,Dee Jay,156,0
2097799549,g,Dee Jay,4076,0
1191874936,g,Lily,819,0
3043787563,g,Lily,561,280.5
1178146208,g,Lily,789,0
2381425449,g,Blanka,902,406.91729323308266
3882695172,g,Juri,110,0
2822273111,g,Juri,289,0.0
1744151562,g,Juri,178,37.473684210526315
2191811105,g,Juri,198,0
2191768171,g,Juri,808,598.5185185185185
2523192341,g,Juri,941,373.4126984126984
4248865396,g,Kimberly,1298,1298.0
3674029789,g,Chun-Li,1071,222.91390728476821
2577284235,g,Zangief,1379,0
3215834686,g,Zangief,704,352.0
1936713789,g,Zangief,872,481.10344827586204
3307681890,g,Zangief,222,120.59259259259258
2655926356,g,Cammy,645,260.0
1317350447,g,Cammy,196,0
4017607698,g,Cammy,2579,606.8235294117648
3513088543,g,Cammy,2404,1527.069182389937
3747550054,g,Cammy,1444,0
4115567852,g,Ryu,1599,0
4037005399,g,Ryu,220,110.0
2135962375,g,Ryu,432,172.8
1090246523,g,Ryu,1244,0
2375236378,g,Ryu,313,0
2608249932,g,Ryu,1283,580.2331460674158
1329968769,g,Zangief,328,159.75862068965517
1655749923,g,Zangief,670,0
4203175381,g,Zangief,102,65.28
4069123405,g,JP,1078,0
2618785266,g,JP,274,0
4126358188,g,JP,372,166.81614349775785
4250129536,g,Dhalsim,1470,882.0
3388484328,g,Cammy,107,32.72941176470589
1219584179,g,Cammy,631,336.5333333333333
1367805082,g,Cammy,417,183.22727272727272
1631453203,g,Cammy,417,0
1021050605,g,Cammy,539,375.6666666666667
1485720657,g,Cammy,166,0
3832376759,g,Ryu,661,0
3989325562,g,Ryu,885,0
3081998062,g,Ken,124,62.38993710691824
1803301554,g,Ken,343,178.29603729603733
4225192525,g,Lily,235,0
3513228933,g,Rashid,923,76.91666666666666
2081915507,g,Rashid,194,111.92307692307692
3848184353,g,Rashid,2971,540.1818181818182
1751152627,g,Blanka,149,0
2494179216,g,Juri,973,538.0645161290323
1430671693,g,Juri,379,0
4258057839,g,Juri,332,117.12222222222223
4219806575,g,Juri,1042,434.1666666666667
2809078339,g,Juri,173,111.21428571428572
1703532887,g,Juri,812,238.82352941176472
1046731449,g,Juri,215,62.89115646258503
4123406257,g,Juri,111,0
3090285067,g,Juri,431,179.58333333333334
1891609261,g,Juri,753,125.5
3624401624,g,Marisa,551,0
2184109522,g,Marisa,187,103.8888888888889
2427719819,g,Marisa,6088,0
2683631356,g,Luke,412,0
1526197473,g,Luke,530,382.77777777777777
2869507617,g,Luke,363,64.05882352941177
2791250700,g,Edmond Honda,1116,507.27272727272725
1331237930,g,Edmond Honda,3402,2001.1764705882354
1815468484,g,Edmond Honda,2222,1481.3333333333333
1760276151,g,Jamie,1137,385.3430962343096
3610808359,g,Jamie,1415,1415.0
3121695304,g,Chun-Li,1729,1014.8478260869566
1994917639,g,Chun-Li,3634,1468.6076696165192
3390820606,g,Manon,191,0
2857466190,g,Manon,2435,1718.8235294117649
3309437272,g,Manon,567,0
3977603291,g,Manon,391,159.8427672955975
1227889534,g,Zangief,478,307.28571428571433
2455270259,g,JP,216,126.00000000000001
4158336319,g,JP,2141,818.6176470588234
1476636493,g,JP,2297,1180.5810055865923
4169637890,g,Cammy,1560,700.4081632653061
1077738937,g,Cammy,180,95.45454545454545
1321899562,g,Cammy,381,279.4
1511162780,g,Cammy,129,69.21951219512195
3090160717,g,Cammy,598,332.22222222222223
4151125347,g,Ryu,382,218.28571428571428
2349993776,g,Ryu,275,85.9375
2061774730,g,Ken,141,74.89180327868851
3980030892,g,Ken,550,61.11111111111111
3770140940,g,Ken,852,497.00000000000006
2275548472,g,Ken,1314,669.3962264150944
2504757930,g,Ken,282,0
3378799080,g,Dee Jay,203,0
3275369470,g,Dee Jay,509,391.53846153846155
1109592461,g,Cammy,2134,0
3182529252,g,Cammy,296,143.51515151515153
4244359856,g,Ryu,950,405.33333333333337
3008685739,g,Ryu,174,0
4034266657,g,Ryu,1268,861.5897435897436
2099507132,g,Ryu,2262,0
1796501407,g,Ryu,2291,0
3831826106,g,Ryu,514,342.66666666666663
2091362305,g,Ken,502,220.50467289719626
1282134337,g,Ken,1691,572.4192546583851
4167202660,g,Ken,439,267.9342723004695
1635803089,g,Ken,256,0
2777407162,g,Ken,1116,372.0
1505495919,g,Ken,509,199.47297297297297
3310199988,g,Ken,757,420.5555555555556
3245153466,g,Dee Jay,578,170.0
3895988256,g,Rashid,255,0
2955818838,g,Ryu,288,0
2875834745,g,Ryu,622,0
1366348638,g,Ken,207,0
2854694160,g,Ken,696,208.14953271028037
1402245022,g,Dee Jay,389,108.05555555555556
1798886839,g,Manon,574,0
