3217818587,d,Lily,4757,2908.5657142857144
3565661600,d,Cammy,1248,988.0
4261266101,d,Zangief,1560,751.5625
2819860711,d,Lily,3255,0
1420627281,d,Kimberly,4193,0
2985525830,d,Blanka,1713,1018.5405405405406
1303438683,d,JP,941,508.57099236641216
1310003767,d,Zangief,1207,0
1076131125,d,Guile,5467,2284.7164179104475
1956715211,d,Edmond Honda,2064,1213.2972972972973
1250799257,d,JP,783,467.34031413612564
2894274936,d,Dee Jay,1584,1108.8
2789974027,d,Dee Jay,1369,750.7419354838709
2845055258,d,Zangief,461,461.0
1253273646,d,Manon,1691,860.5088757396451
3041373057,d,Chun-Li,1462,830.1617391304347
1567646890,d,Luke,167,72.03921568627452
3058798181,d,Ryu,3359,1433.9055404178018
2467730747,d,Cammy,3664,0
1716301081,d,Cammy,1472,776.8888888888889
3503304390,d,Luke,2701,1529.274322169059
3517434793,d,Ryu,2192,1022.2432113341205
3433743560,d,Jamie,3788,3788.0
2436410537,d,Ken,2814,1307.9154929577464
3438596113,d,Edmond Honda,1656,796.7010309278351
1436580980,d,Cammy,532,410.08333333333337
3308943585,d,Cammy,690,395.79754601226995
2676523322,d,Marisa,1299,0
3805504695,d,Guile,3101,1752.7391304347825
3489659992,d,Jamie,123,0
3112726164,d,Juri,1223,723.0314465408804
3717801706,d,Guile,1210,863.0147058823529
1704305011,d,Manon,5842,2818.9968253968254
3581785487,d,Manon,1511,1005.8431952662721
3501957019,d,Ken,2575,1303.6033353186422
1588405094,d,Ken,5098,2305.3254564983886
1059683663,d,Ken,2222,1121.2553846153846
1710437841,d,Ken,3502,1682.7792207792209
3585569905,d,Ken,1308,693.6178937558249
1528641951,d,Dee Jay,835,514.046875
1282443112,d,Lily,4121,0
3637190249,d,Blanka,806,505.6157407407407
1114172626,d,Jamie,1712,870.2666666666667
3024635945,d,Ken,840,627.5581395348837
2917232659,d,Ken,2278,1077.5483061480552
3903414686,d,Guile,1369,710.6830601092896
4149474446,d,Guile,1827,0
2101219551,d,Random,3041,0
2107369926,d,Luke,1863,1113.958762886598
1073016291,d,Luke,3632,1650.41145440844
3709791743,d,Juri,3055,1480.2577319587629
2646858821,d,Juri,1378,693.956834532374
4208675858,d,Marisa,329,219.33333333333331
3164400097,d,Marisa,2820,1843.8461538461538
1426467091,d,Marisa,588,322.1917808219178
2120857854,d,Guile,1663,776.6886395511922
3951198316,d,Luke,1097,866.0526315789474
1549978430,d,Jamie,1881,988.979381443299
4200693994,d,Jamie,983,510.0972972972973
3870118623,d,Kimberly,2248,0
2704496468,d,Chun-Li,4213,2387.366666666667
2529089657,d,Manon,1074,426.97820401046204
1085989199,d,JP,568,232.9208633093525
3824059805,d,Ryu,3942,2094.1875
2511021082,d,Ryu,176,86.12765957446808
2182165092,d,Ryu,373,239.7857142857143
3964314770,d,Ryu,1431,664.7742537313433
1495727441,d,Ken,1216,694.8571428571428
3883375312,d,Jamie,600,286.95652173913044
3790888696,d,Jamie,1365,689.6842105263158
3533191548,d,Jamie,892,387.82608695652175
2015421138,d,Jamie,3059,1019.6666666666666
2329310299,d,Jamie,865,0
3387369504,d,Jamie,1615,822.7358490566038
1310420230,d,Jamie,736,346.3529411764706
1387511509,d,Jamie,477,245.37037037037035
1661113549,d,Jamie,523,220.21052631578945
1038630714,d,Marisa,1293,738.8571428571428
2567832858,d,Random,1476,0
1303513404,d,Random,2253,1126.5
4026426004,d,Random,4058,0
2017433749,d,Random,245,36.469465648854964
2690611250,d,Random,1791,617.5862068965517
2420237218,d,Luke,5807,3553.5373134328356
2041094234,d,Luke,1198,1022.1467889908257
3696468254,d,Luke,326,211.07913669064746
2050206948,d,Kimberly,2153,1227.5877192982457
2341002235,d,Kimberly,9841,0
3743626283,d,JP,2413,1178.3326848249028
4285849573,d,Ryu,1506,0
3538836585,d,Dhalsim,5083,2362.673773987207
1614067225,d,Cammy,2168,1014.3853211009175
1050685831,d,Cammy,1230,700.5298013245033
4098424810,d,Ryu,562,378.7391304347826
1615487130,d,Cammy,1869,878.944099378882
1654554508,d,Cammy,675,0
1256966880,d,Ryu,2223,1146.234375
4158666287,d,Ryu,1685,812.0734744707347
1636282083,d,Ken,3932,2145.436507936508
2688336336,d,Dee Jay,927,543.1490683229814
2548962889,d,Dee Jay,563,302.0975609756098
4072942690,d,Dee Jay,801,410.59663865546213
2410064901,d,Marisa,1170,390.0
3679463991,d,Marisa,368,0
1336185524,d,Marisa,189,111.0618556701031
1279254009,d,Marisa,1355,677.5
1286152685,d,Marisa,2368,1216.0
1720627946,d,Marisa,1452,0
1517548657,d,Marisa,2728,1843.2432432432431
2258060829,d,Marisa,583,0
2199805338,d,Marisa,381,161.44067796610167
3798542305,d,Marisa,812,487.2
1082266190,d,Marisa,875,437.5
2209717055,d,Marisa,2563,2563.0
1000799488,d,Marisa,1832,1099.2
2404905180,d,Marisa,493,0
1265684363,d,Ryu,1128,0
1754151683,d,Ryu,115,54.79411764705882
2069196505,d,Ryu,149,95.93150684931507
2112105297,d,Ryu,237,155.60151802656546
3864175170,d,Ryu,2584,1421.6181229773463
3601166942,d,Ryu,1580,961.7391304347826
3391978450,d,Ryu,299,0
1871759650,d,Ryu,700,350.0
3533738615,d,Ryu,2949,1105.875
2960489678,d,Ryu,488,0
1416815293,d,Ryu,4087,1915.78125
2249566307,d,Ryu,1102,554.1972920696325
1547103297,d,Ken,1945,897.6923076923077
4248580495,d,Ken,2205,915.2830188679246
3153794093,d,Ken,248,103.33333333333334
2996644257,d,Ken,2735,1567.4269005847952
2918991841,d,Ken,361,267.37290322580645
2438771478,d,Cammy,1085,281.2962962962963
3429050452,d,Cammy,2953,1433.469034608379
4225087512,d,Cammy,1108,732.6120218579234
3866555896,d,Cammy,533,389.23026315789474
4041036099,d,Cammy,365,0
3630736146,d,Cammy,741,400.40582959641256
3320594326,d,Cammy,897,490.66666666666674
2463782007,d,Cammy,1563,712.9001721170396
3936390446,d,Cammy,383,0
3752368305,d,Cammy,2336,778.6666666666666
1338838603,d,Cammy,4784,1913.6000000000001
2760541946,d,Cammy,3398,1766.96
4039842456,d,Cammy,2399,1266.4248927038627
2280645406,d,Cammy,2196,0
2367861518,d,Ryu,2201,0
1187505645,d,Ryu,3161,1702.076923076923
3359859671,d,Ryu,329,187.27692307692308
3374234964,d,Ryu,2974,2230.5
4047835847,d,Ryu,1842,1438.2739726027398
2118980759,d,Cammy,2519,1511.3999999999999
4047028186,d,Cammy,341,186.58490566037736
3148862147,d,Cammy,314,0
1643990639,d,Cammy,114,105.0
4185330235,d,Cammy,1015,617.8260869565217
2293096685,d,Cammy,1680,811.3310580204778
1603963883,d,Cammy,759,425.6270718232044
3363612422,d,Cammy,2146,1480.0
3998101591,d,Cammy,1072,1030.7692307692307
1494019964,d,Cammy,331,0
2376390581,d,Cammy,1245,655.2631578947368
3437722160,d,Cammy,593,0
3544003057,d,Cammy,1992,0
1535058078,d,Cammy,2663,1065.2
3023710708,d,Cammy,2507,1392.7777777777778
2227046926,d,Chun-Li,865,489.0198863636363
4197450884,d,Zangief,3141,1976.6637931034481
3925389186,d,Cammy,1581,765.3342696629214
2730698359,d,Cammy,1458,595.4304635761589
3648921879,d,Ken,2938,1679.9945799457994
3054351704,d,Ken,2352,1069.4010152284263
1718818371,d,Ken,848,568.1045751633986
2032971567,d,Ken,733,443.8884462151395
3471568735,d,Rashid,1116,506.7826086956522
3019878498,d,Blanka,1440,743.1608391608393
1077243516,d,Juri,1491,465.9375
4068617214,d,Juri,950,698.0662983425415
1577606115,d,Juri,2427,0
4076758585,d,Marisa,1666,785.1264367816092
3811808425,d,Marisa,857,439.96836982968375
3980235329,d,Luke,3535,1652.9132901134524
2304109482,d,Edmond Honda,1796,898.0
3074499237,d,Jamie,2661,1162.7899159663866
3905581503,d,Ken,1150,677.6785714285714
2708433929,d,Ken,2491,1106.3180515759311
3092987011,d,Dee Jay,856,0
2855750933,d,Dee Jay,5330,0
3337117625,d,Rashid,334,305.9635036496351
2148340253,d,Blanka,718,456.9090909090909
3692699536,d,Blanka,2304,0
1790904881,d,Blanka,250,169.11764705882354
2208321410,d,Blanka,1150,609.2261904761905
1786825905,d,Blanka,2169,1141.578947368421
1796454736,d,Blanka,3474,1899.4207792207792
1236603694,d,Juri,1517,781.1043046357617
3047534708,d,Juri,1653,623.1204188481676
3774566598,d,Juri,1542,1321.7142857142856
4149998022,d,Guile,1723,1174.7727272727273
1128645247,d,Luke,1580,852.2047244094489
2048091725,d,Luke,404,232.33699633699632
3385754195,d,Jamie,1740,870.0
1900567994,d,Kimberly,3721,0.0
1269340686,d,Kimberly,1710,830.0970873786408
3450840242,d,Kimberly,958,619.8823529411765
1164766059,d,Luke,1209,596.2191780821918
3440554755,d,Kimberly,732,0
1798430444,d,Kimberly,1803,1109.5384615384617
2166579186,d,Chun-Li,827,520.7037037037037
3504682061,d,Chun-Li,1292,614.992
3047009790,d,Manon,3283,1410.3028169014085
4236306728,d,Manon,133,92.52173913043478
1008948401,d,Manon,5518,4013.090909090909
2828009575,d,Manon,3698,2151.5636363636363
2072102368,d,Zangief,645,0
1082302911,d,Manon,3425,0
3089206554,d,Manon,3240,0
2192015680,d,Zangief,109,66.88636363636364
1969018128,d,Zangief,3409,1298.6666666666665
1028431621,d,Juri,1663,883.46875
3969267130,d,Jamie,2160,1119.0950226244345
1320101281,d,Zangief,1883,868.2624179943767
2717237927,d,Cammy,7247,3213.934284641382
4269223065,d,Ryu,1514,970.5128205128206
3000298031,d,Ryu,4193,1847.7627118644068
3660669491,d,Ken,2713,1211.1607142857144
2880619246,d,Ken,821,420.8220502901354
2416309173,d,Blanka,1538,774.9612403100775
2472165545,d,Juri,963,649.2134831460673
4062002973,d,Kimberly,1349,704.0833333333333
4214219784,d,Lily,979,454.5357142857143
3390616532,d,Blanka,2082,906.6774193548387
1605691229,d,Ken,2520,2321.0526315789475
2296382243,d,JP,886,591.9563318777292
3775897795,d,Juri,4401,1873.28166797797
4250285338,d,Luke,3184,1570.1917808219177
3943748709,d,Jamie,2021,960.3333333333334
2246058626,d,Luke,3763,2546.6767676767677
1939986402,d,Kimberly,1121,0
3564095652,d,Kimberly,1164,0
3494191534,d,Kimberly,305,183.5648148148148
1625401182,d,Chun-Li,2630,1283.3676975945016
1998870083,d,Manon,769,450.1463414634146
2120813130,d,Zangief,283,179.68253968253967
2333133029,d,JP,404,246.8888888888889
4092402873,d,JP,107,0
2015360760,d,Ryu,1046,635.0714285714286
1826491743,d,Ryu,2179,1508.5384615384614
2875970122,d,Ryu,1716,779.359781121751
3100725061,d,Ken,1825,963.3171912832929
3185129942,d,Ken,1891,1050.5555555555557
3950751287,d,Ken,2897,1353.9503916449087
2833750389,d,Dee Jay,2960,2368.0
2418558351,d,Cammy,628,0
3535652729,d,Cammy,2095,1077.2739018087855
2028678087,d,Cammy,1533,919.8
2688767755,d,Cammy,1692,857.4221422142214
4110413413,d,Ryu,2461,975.9797822706066
3348488370,d,Ken,817,466.1089743589743
2043165012,d,Ken,1987,1319.3680000000002
2797964621,d,Ken,3490,1512.4112525117214
3334053136,d,Dee Jay,2942,1534.9565217391305
2680788391,d,Dee Jay,4408,2416.5068870523414
3147997584,d,Rashid,1111,589.1067615658362
1555959669,d,Blanka,771,509.0576923076923
2631654076,d,Juri,825,584.5588235294117
3352472293,d,Juri,1531,744.7758037225042
3740615811,d,Marisa,1951,1008.7334669338677
2637940312,d,Ryu,1531,852.0477582846005
3056123439,d,Ryu,771,478.55172413793105
4030602288,d,Ryu,2442,0
3699265101,d,Ken,477,238.5
3593643871,d,Ken,3050,1657.4101796407185
1693973567,d,Ken,2490,1302.4615384615386
2111182091,d,Lily,1925,1487.5
4168706030,d,Juri,706,0
2801702166,d,Marisa,2335,1209.1964285714287
1380388137,d,Guile,2166,1463.2021276595744
2401510993,d,Jamie,2890,1356.17316017316
3562937163,d,Kimberly,541,541.0
1761239550,d,Manon,3104,1475.1683168316831
2628353202,d,Zangief,4724,2868.142857142857
3443923336,d,Cammy,1652,800.0443622920518
3040026475,d,Ryu,486,318.9375
2895454942,d,Ryu,1758,847.2289156626506
3420939390,d,Ryu,4147,1804.9119170984457
1783937141,d,Ryu,6260,2993.913043478261
2381298185,d,Ken,2326,1143.3436619718311
1533779975,d,Dee Jay,1177,577.8
1462935937,d,Dee Jay,1262,725.5400696864112
3356566655,d,Dee Jay,1731,0
3533356165,d,Dee Jay,876,488.21656050955414
1118011135,d,Rashid,2286,1342.5714285714287
2020295256,d,Rashid,2385,0.0
3663548491,d,Rashid,577,320.55555555555554
3679373899,d,Rashid,6758,0
2432875556,d,Rashid,405,0
2580960776,d,Rashid,1265,0
3272774059,d,Juri,910,560.0
1414715165,d,Juri,2711,1266.7838660578386
3909407991,d,Marisa,1247,630.3516483516484
3324590374,d,Guile,1893,1090.8813559322034
2531768634,d,Luke,1447,809.0752688172042
1139502386,d,Edmond Honda,3445,1507.1875
3659395848,d,Edmond Honda,1700,890.4761904761905
2892965030,d,Jamie,2896,1224.0287769784172
3930230671,d,Jamie,3935,1967.5
2320394497,d,Jamie,184,0
1452119979,d,Kimberly,1481,755.7605495583906
3624163986,d,Kimberly,745,518.2608695652174
1983256686,d,Kimberly,290,175.3488372093023
3710156295,d,Kimberly,4935,0
2284234588,d,Chun-Li,1067,453.47499999999997
2226877425,d,Chun-Li,1537,723.5876623376623
1171699813,d,Chun-Li,275,104.23387096774194
2682727628,d,Chun-Li,889,646.5454545454546
2979987128,d,Manon,1823,1069.1856540084389
3334662250,d,Zangief,6028,0
1932215528,d,Cammy,5507,2643.0553250345783
1556365466,d,Ken,3393,1841.2251184834124
3300274329,d,Dee Jay,3188,1464.8334817453251
1719547442,d,Juri,765,433.86428571428576
2677562213,d,Juri,3176,0
3801331065,d,Marisa,3163,1442.4958540630182
3921618071,d,Guile,1853,803.2436472346786
3026174006,d,Guile,4091,2327.637931034483
1792254514,d,Luke,3454,1718.8920187793428
4057302404,d,Chun-Li,3878,2616.2583732057415
1016357908,d,Ryu,3034,1490.5288590604027
1875410564,d,Edmond Honda,464,286.7336377473364
3854277945,d,Jamie,862,649.7164179104477
2750422870,d,Chun-Li,884,501.69870129870134
4094354507,d,Cammy,1367,621.3636363636364
2331896602,d,Ken,3615,1712.3684210526314
1391680928,d,Lily,693,339.70588235294116
2967559610,d,Rashid,2548,1239.6390041493776
2262714268,d,JP,2467,1084.0736342042755
1264360589,d,Ken,331,110.33333333333333
2854761525,d,Dee Jay,509,298.37931034482756
1013461778,d,Dee Jay,595,161.4572864321608
3502723138,d,Dee Jay,1475,1309.0625
3299633517,d,Dee Jay,2363,1158.1742489270387
1358689281,d,Dee Jay,472,320.96000000000004
3723472738,d,Lily,5182,3124.668656716418
1476420898,d,Lily,2731,2184.8
4036141093,d,Lily,711,0
1616065403,d,Rashid,360,224.41558441558442
3306118744,d,Rashid,1160,232.0
3546070376,d,Rashid,3026,1793.185185185185
3009193597,d,Blanka,4091,0
1425503192,d,Blanka,1495,975.0
2580136928,d,Blanka,135,72.9
3850993807,d,Manon,3566,1614.0423634336678
2332650173,d,Cammy,965,544.5760233918129
4120925491,d,Ryu,7225,3885.386690647482
3482103317,d,Ken,910,479.4495412844037
2346670404,d,Rashid,2267,1373.939393939394
3020531372,d,Juri,1149,661.7658227848101
4251877098,d,Chun-Li,1214,0
1547841855,d,Ryu,844,474.0856423173804
3838007061,d,Marisa,2611,1530.5862068965516
1254950209,d,Ken,1503,772.032786885246
1997625247,d,Ken,2092,1019.1028571428571
1639553088,d,Rashid,3429,1281.8691588785045
3583582711,d,Blanka,420,261.0
1810449149,d,Marisa,1182,792.4772727272726
3466146242,d,Marisa,630,496.3636363636363
1454958517,d,Marisa,1619,1089.5157232704403
1401358014,d,Marisa,1060,608.5185185185185
3644307978,d,Luke,220,97.77777777777777
1243534724,d,Zangief,323,215.33333333333331
3867320305,d,Zangief,2245,1092.1189458689457
3883583947,d,Zangief,1238,845.8385093167701
2219037789,d,Zangief,120,40.0
3052749838,d,Zangief,2001,1159.3537604456824
1726013196,d,Zangief,894,0
1543073531,d,Zangief,1836,1114.7142857142856
2126534588,d,Zangief,1383,705.2749003984063
1962679887,d,Zangief,801,544.4296875
2790934425,d,Ken,2494,1257.047448522829
1495535699,d,Dee Jay,1060,654.1714285714286
2098016159,d,Juri,1089,0
2738685085,d,Juri,1904,915.3359893758301
1743769334,d,Juri,2402,1160.1788908765652
3993974657,d,Juri,3453,2471.621052631579
2026225843,d,Marisa,1051,537.3355855855856
4140981550,d,Guile,1846,427.2401746724891
3726290970,d,Luke,470,277.72727272727275
3988435343,d,Luke,1160,618.3972125435539
3493797562,d,Edmond Honda,507,0
2182218131,d,Edmond Honda,1368,826.88
3687657145,d,Edmond Honda,961,0
1389660661,d,Jamie,516,442.2857142857143
2132765579,d,Jamie,4049,0
2805993075,d,Kimberly,1106,0
2022162340,d,Zangief,329,271.6829268292683
1546447527,d,JP,303,230.4507042253521
1425182758,d,Blanka,1229,612.4652317880794
1602661897,d,Juri,889,419.25679012345677
1801394161,d,Kimberly,757,478.49876543209876
1715651417,d,Chun-Li,653,344.6870026525199
3802227807,d,Cammy,2351,0
1376906524,d,Ken,2967,1316.3989681857265
1984294723,d,Marisa,743,447.7051282051282
1305739264,d,JP,1688,805.1126279863481
2620549180,d,JP,976,976.0
3344703159,d,Ryu,1115,577.9795918367347
2696933473,d,Dee Jay,3349,1841.95
1342495843,d,Lily,776,485.0
3729860303,d,Blanka,449,270.0067567567567
2689920328,d,Kimberly,166,124.5
1054426361,d,Dee Jay,5110,0
2659104561,d,Lily,2447,1530.1994609164421
2860432944,d,Rashid,1044,821.604501607717
4110901186,d,Blanka,6123,2769.278322925959
4234185166,d,Juri,1021,517.2765486725664
1644966400,d,Marisa,1338,690.7207792207793
1672958593,d,Dhalsim,1571,0
3178263489,d,Ken,1198,681.5754923413566
1776314306,d,Luke,2959,2004.4838709677417
1802110847,d,Luke,1023,729.1595744680851
2736165275,d,Luke,1824,931.996186844614
2318259029,d,Manon,1979,1068.3097345132742
3368035516,d,Dhalsim,1142,775.4023231256599
2351958053,d,Dee Jay,764,267.4
1144366343,d,Rashid,3061,0
2199727005,d,Rashid,2255,1268.4375
2362971166,d,Juri,1401,750.1976351351352
4282152025,d,Jamie,1906,976.3429179978701
1650489695,d,Jamie,1314,599.6778523489933
3506793002,d,Jamie,1247,0
2569110871,d,Kimberly,1781,1644.0
1020932761,d,Kimberly,1919,1372.1881720430108
3799925075,d,Kimberly,800,675.3246753246752
4013538193,d,Kimberly,2341,1705.5857142857142
4145020084,d,Kimberly,1028,492.1276595744681
1874239656,d,Zangief,5285,3963.75
1640824005,d,JP,2570,1376.7857142857142
2869935576,d,Cammy,4561,2192.7884615384614
1160619502,d,Ryu,277,152.14532019704436
1870424349,d,Ryu,1266,775.3821138211382
2607866749,d,Ken,3741,1736.892857142857
2878688627,d,Ken,1042,522.2864197530864
4180818447,d,Ken,1238,587.5524115755627
4071060323,d,Ken,1363,648.4174757281554
3998063821,d,Dee Jay,1174,0
2354064490,d,Rashid,1633,747.2212121212121
3869578203,d,Rashid,1645,834.2081850533807
3647871596,d,Blanka,700,267.6470588235294
1663718124,d,Juri,777,0
2088330297,d,Marisa,1131,524.4026162790698
2991334678,d,Guile,1051,0
1827761829,d,Zangief,1848,888.4615384615385
2684738232,d,Zangief,3100,1759.7744360902257
2367948026,d,Zangief,835,449.6153846153846
1792628720,d,Zangief,1208,889.5272727272727
3229733861,d,Zangief,280,150.3078982597055
3044560200,d,Zangief,875,566.1764705882354
2613921689,d,JP,186,138.28943338437978
2200412337,d,JP,1362,642.7415730337078
3195077433,d,JP,107,70.26497695852534
4215324365,d,JP,2129,0
3903323053,d,JP,259,0
3368602410,d,JP,2374,1780.5
1956244680,d,JP,1533,766.5
3850378536,d,JP,1924,1179.225806451613
1913890345,d,JP,1615,869.6153846153845
1044840300,d,JP,1070,725.8479532163742
2400153518,d,JP,983,465.9480122324159
2819724550,d,Cammy,1545,0.0
3030708728,d,Ken,187,148.79569892473117
4117773570,d,Ken,2299,1258.1141732283465
4145233459,d,Lily,3681,2607.375
2459298625,d,Rashid,1225,737.4257425742574
3583928824,d,Guile,2902,1446.866096866097
3414182186,d,Guile,1685,819.0972222222222
3066369997,d,Luke,709,422.3005464480874
1827346865,d,Edmond Honda,3739,2142.573033707865
1325492320,d,Edmond Honda,6767,3721.8500000000004
2982264183,d,Jamie,3220,2289.777777777778
1921245380,d,Chun-Li,2147,1145.0666666666666
4049893875,d,Zangief,2068,976.3870967741937
3354801198,d,Zangief,808,331.4871794871795
2626543766,d,Zangief,545,0
4292056444,d,Ryu,2873,2338.4883720930234
2723835645,d,Ryu,2654,1574.4067796610168
2695265693,d,Ken,863,456.68482490272373
4097038986,d,Blanka,3456,0
3341949363,d,Blanka,509,0
1966933765,d,Blanka,711,0.0
2982449608,d,Blanka,2407,2045.95
2829740589,d,Blanka,1154,0
1379810075,d,Blanka,6037,0
3898712038,d,Blanka,2081,0
4235712758,d,Blanka,1442,1442.0
3711819755,d,Blanka,960,594.2857142857143
3710447302,d,Blanka,2091,1357.7922077922078
3241090431,d,Blanka,813,433.31398416886543
2552838370,d,Blanka,1140,0
3353072761,d,Blanka,171,48.857142857142854
3328461210,d,Blanka,805,402.5
1936963989,d,Kimberly,1008,460.55172413793105
1528646525,d,Kimberly,513,384.75
3821034608,d,Kimberly,1784,0
1580415180,d,Kimberly,1106,663.6
1018675873,d,Kimberly,1316,871.4054054054054
3381335821,d,Kimberly,385,0
4030996295,d,Kimberly,3813,0
1901251840,d,Kimberly,837,461.35294117647055
2871971963,d,Kimberly,153,84.18660287081339
1688366334,d,Kimberly,624,364.62650602409644
1883096560,d,Kimberly,719,455.79464285714283
4052095753,d,Kimberly,1931,1404.3636363636365
2115920663,d,Kimberly,1072,531.2566371681415
1792113562,d,Chun-Li,1162,584.7483870967742
3109276181,d,Chun-Li,851,458.6811926605505
1752091205,d,Chun-Li,916,492.52261306532665
1283314529,d,Chun-Li,1945,1141.0666666666666
3844312775,d,Chun-Li,741,159.0628272251309
3264280286,d,Chun-Li,1622,968.2346938775511
1047465038,d,Chun-Li,398,210.98795180722894
2728971165,d,Chun-Li,2588,1498.3157894736842
1644537789,d,Chun-Li,1951,0
2620730674,d,Chun-Li,123,0
1559535328,d,Dee Jay,1745,1019.734375
2355938891,d,Manon,5311,3540.6666666666665
1968861404,d,Manon,1273,563.2743362831859
2721426315,d,Manon,343,0
1393775310,d,Manon,2272,2272.0
2351427998,d,Manon,3553,1900.4418604651162
3948468623,d,Manon,2258,1220.9925925925927
1751154075,d,Lily,301,152.54298642533936
1679221427,d,Lily,2192,0
3001951217,d,Lily,873,563.3645320197044
1672345620,d,Lily,1133,570.8576923076923
3485232620,d,Lily,1372,656.1739130434783
2014947733,d,Lily,511,325.5929203539823
3994619895,d,Lily,2090,1161.111111111111
3286865720,d,Lily,1298,0
1986661765,d,Rashid,483,0
2429787923,d,Rashid,2336,1320.776371308017
2498349634,d,Rashid,1773,995.2730061349693
3033922446,d,Rashid,2835,0
2163709684,d,Rashid,1888,963.1419423692635
1876638328,d,Rashid,1442,824.0
2351480546,d,Rashid,905,614.1071428571429
2215061240,d,Rashid,337,245.9189189189189
3976905061,d,Rashid,390,260.0
3478980627,d,Dee Jay,932,543.4185303514377
2085568355,d,Ryu,3156,1551.886524822695
1239534625,d,Juri,1510,815.5152671755726
3524395193,d,JP,3016,1466.111111111111
3681733727,d,JP,3123,1497.4541015625
1205371015,d,JP,646,469.1190476190476
1954579973,d,Juri,2595,1216.247553816047
3381969401,d,Jamie,1678,829.3563218390805
3983923903,d,Chun-Li,578,368.70023980815347
1218522747,d,Juri,583,218.625
2794026772,d,JP,4664,2363.372197309417
3342525588,d,Rashid,1537,1021.5426829268293
1551205783,d,Juri,1922,1167.7974683544305
1703325295,d,Guile,6596,3420.6262230919765
1791560845,d,Luke,1176,670.7109974424553
3911776679,d,Edmond Honda,3001,1559.258834765998
1583757705,d,Kimberly,1016,548.4601769911504
1443453586,d,Jamie,2234,0
3780542973,d,Jamie,555,350.8148148148148
3051368703,d,Jamie,1740,531.1578947368421
3508708959,d,Jamie,296,202.2552204176334
2126344333,d,Jamie,1231,906.1527777777778
2713308302,d,Jamie,2360,1796.4179104477612
2407179567,d,Jamie,247,152.30922242314648
1252137256,d,Edmond Honda,967,0
3359750612,d,JP,1322,771.1666666666667
2733206974,d,JP,451,0
3161077083,d,JP,2171,1076.5289256198348
4056591338,d,Zangief,2486,1481.2953367875648
3243861355,d,Zangief,782,479.2200557103064
2658925173,d,Zangief,2484,1060.5842696629213
3492569455,d,Marisa,3262,1894.0645161290324
2886811466,d,Luke,4172,2547.1157894736843
3152531370,d,Edmond Honda,3825,0
2872675462,d,Jamie,880,462.66094420600854
1274090848,d,Dee Jay,1829,661.5531914893618
3522234037,d,Kimberly,1717,825.9298496778812
2434396370,d,Juri,158,112.39837398373984
1385359768,d,Ryu,678,471.3991416309012
3248449072,d,Ken,1461,846.8847457627118
1871005138,d,Zangief,978,451.2028985507246
4263766626,d,Marisa,2444,0
1591875722,d,JP,2973,1907.2075471698113
1266447854,d,Ken,2827,1353.0448065173116
2961933091,d,Dee Jay,5214,3024.12
2670085686,d,Juri,1642,1164.3272727272727
1690243610,d,JP,4549,1941.2929936305734
3694836506,d,Ryu,2222,1155.44
2760391780,d,Edmond Honda,158,0
1815091275,d,Guile,838,402.9321533923304
1264374786,d,Dhalsim,976,0
1940887249,d,Rashid,3645,2019.1726618705036
1399312860,d,Blanka,3036,1821.6
1395794417,d,Ken,1396,0
3779453184,d,Chun-Li,3604,1957.7283950617282
2646900398,d,Blanka,1110,0
2106612002,d,Ryu,1772,196.88888888888889
1749222291,d,Edmond Honda,4270,0
3527590050,d,Edmond Honda,309,0
2516789675,d,Chun-Li,402,258.0740740740741
3967749676,d,Zangief,2114,1371.4240506329115
4261883588,d,Juri,4885,2344.7999999999997
2531580596,d,Zangief,1101,592.5871559633027
2888366446,d,Marisa,2094,1062.8157099697885
3073824229,d,Marisa,741,285.0
3799707429,d,Luke,2448,1134.8119361554477
1628685865,d,Luke,356,214.25925925925927
4095180971,d,Luke,1524,785.2317073170732
1643064688,d,Luke,5532,0
1952958394,d,Luke,2747,1273.0
2407514958,d,Luke,1424,718.957654723127
4057653956,d,Luke,2395,0.0
3646051647,d,Luke,1018,925.4545454545454
1620407010,d,Luke,1932,1250.1176470588236
2002437309,d,Luke,1394,987.4166666666667
2616742274,d,Luke,1677,914.0405405405405
2051797394,d,Luke,686,407.0542168674699
4273322485,d,Luke,1772,886.0
2483525622,d,Luke,1400,933.3333333333333
2030681313,d,Edmond Honda,1694,875.4923547400613
2619169467,d,Edmond Honda,2017,1254.0932642487046
2122146760,d,Jamie,2129,1152.32125
2698069278,d,Kimberly,2909,1395.820600858369
3705372784,d,Kimberly,1930,1093.6666666666667
2124379250,d,Kimberly,5145,2786.066037735849
1492921762,d,Kimberly,1508,0
1834229784,d,Manon,2095,907.8333333333334
1106974586,d,Manon,1318,0
2038758566,d,Zangief,1456,886.1869158878505
2125037381,d,Zangief,2567,1606.9837398373984
4075965421,d,JP,1300,0
1343995926,d,Dhalsim,3093,1828.7080291970804
3378369823,d,Cammy,2040,0
2751953249,d,Ken,1936,1018.26028320971
2813999912,d,Dee Jay,1072,0
1536435510,d,Dee Jay,1164,0
2923945611,d,Rashid,663,351.962962962963
2231916861,d,Marisa,1808,1010.3529411764706
1438400015,d,Jamie,1210,620.921052631579
3422672718,d,Jamie,2714,1271.5592592592593
3345849928,d,Kimberly,2595,1347.0229007633586
1956143490,d,Manon,3001,1474.2776699029125
2423633194,d,Zangief,1526,776.0528771384136
3619800390,d,Ryu,1422,717.4219354838709
3556503371,d,Ryu,3115,0
1158613739,d,Ryu,3400,0
1743085125,d,Ken,2351,1042.8560311284045
1468431002,d,Dee Jay,849,501.1718061674009
3578971427,d,Juri,1822,0
1680465281,d,Marisa,4298,2561.8620689655177
1011046061,d,Edmond Honda,2261,1938.0
3965678042,d,Edmond Honda,583,194.33333333333331
3293339701,d,Edmond Honda,137,73.93650793650794
1395386322,d,Kimberly,2779,2646.6666666666665
1911615731,d,Kimberly,892,0
4260909887,d,Chun-Li,1683,838.8454258675079
2576511907,d,Chun-Li,496,310.0
1784474434,d,Zangief,1947,1947.0
3495602836,d,Zangief,3057,1488.969827586207
3070234122,d,Zangief,3336,1523.2018038331455
1395437168,d,Zangief,624,520.0
1414429434,d,Zangief,1429,1071.75
1263564749,d,Zangief,2125,1051.2101534828807
2566730070,d,Zangief,1353,668.088809946714
3985837494,d,Zangief,902,457.3881019830028
1363947402,d,Zangief,918,510.0
2870768666,d,Zangief,4006,1804.6831683168318
1309319595,d,JP,746,219.41176470588235
2266545376,d,JP,397,248.125
3158141893,d,JP,401,259.47058823529414
3496582055,d,JP,727,0
2999421410,d,JP,3988,0
3506378464,d,Manon,1496,748.0
2008209871,d,Manon,1489,1063.5714285714287
3448422365,d,Manon,1944,914.8235294117646
3937008485,d,Manon,484,0
4233471119,d,Manon,1520,0
1825310518,d,Chun-Li,1606,929.4297872340425
3368155110,d,Manon,1655,862.0477137176938
4105018647,d,Manon,2331,0
3311879357,d,Manon,1026,467.04116222760285
2443074839,d,Manon,1844,978.5980198019803
1388071752,d,Manon,685,482.6136363636364
2696758940,d,Manon,350,0
3783953678,d,Manon,1162,599.3740458015268
2536705525,d,Manon,1317,329.25
2090510595,d,Manon,1098,0
1741984544,d,Manon,519,313.61374407582935
3562111574,d,Manon,1619,0
3512868613,d,Zangief,4000,2514.285714285714
1705673839,d,Edmond Honda,1754,1052.3999999999999
3126646393,d,Edmond Honda,1147,382.3333333333333
3192376010,d,Edmond Honda,380,0
1095012977,d,Edmond Honda,2794,1676.3999999999999
2029749907,d,Edmond Honda,3374,0
2682604003,d,Edmond Honda,470,0
2809204101,d,Edmond Honda,300,0
1065428176,d,Edmond Honda,212,0
1121650544,d,Edmond Honda,698,332.38095238095235
2618506670,d,Edmond Honda,1403,0
2849651426,d,Edmond Honda,1527,0
3594238430,d,Edmond Honda,1915,0
3230057728,d,Edmond Honda,698,418.8
4237417335,d,Edmond Honda,572,0
2453216686,d,Edmond Honda,2339,0
2798481735,d,Jamie,2494,1103.4833759590792
3282535552,d,Manon,3799,1703.386430678466
3335497162,d,Manon,1179,496.4210526315789
3316964152,d,JP,3486,2048.194552529183
3795210747,d,Dhalsim,2108,2108.0
3274856063,d,Ryu,334,258.52232746955343
4162586733,d,Ken,838,580.9447852760736
1157640724,d,Dee Jay,1711,966.0421348314607
2905842258,d,Rashid,826,447.41666666666663
3233373738,d,Marisa,1594,803.0608365019012
2023003580,d,Marisa,1521,849.0609981515711
1612037010,d,Edmond Honda,1724,989.7037037037037
2851716461,d,Jamie,1654,0
4207763059,d,Manon,3025,1702.027027027027
2028441356,d,Zangief,715,345.6491712707182
3580828732,d,Cammy,694,360.5836298932384
1317742536,d,Juri,1751,1112.6145833333333
3896239787,d,Marisa,3877,1828.4123456790123
1383435358,d,Ryu,2569,0
2616072124,d,Ryu,4673,2336.5
1411875626,d,Ryu,3512,2016.148148148148
3620115258,d,Ryu,756,454.40425531914894
2641998921,d,Ryu,2434,1097.8394863563403
3343270153,d,Ryu,5947,4395.608695652174
1736322252,d,Ryu,1163,593.2237903225807
3378331197,d,Ryu,3484,2029.3402061855672
3126791265,d,Ryu,1715,834.6648301193756
2518489076,d,Ryu,2373,1554.4390243902437
1385856237,d,Ryu,2471,2085.909090909091
2596547436,d,Ryu,5563,2346.299319727891
2618857839,d,Ryu,1655,976.4241001564944
4097609420,d,Ryu,7090,3133.4867032503166
3234939992,d,Ryu,1471,966.3503649635036
2410461218,d,Ryu,2921,1982.9552845528453
2630535451,d,Ryu,4253,0
1552992505,d,Ryu,896,426.9176470588235
2378751306,d,Juri,3495,1957.517006802721
2031361209,d,Marisa,3598,1697.7575757575758
2772162115,d,Luke,4791,2464.9347826086955
3499891355,d,Chun-Li,1284,0.0
3824897153,d,Chun-Li,425,255.0
2002761320,d,JP,2543,1717.3506493506493
1016365295,d,Ken,549,317.688
4030151337,d,Ken,1620,748.4599589322382
4213079567,d,Ken,194,107.77777777777779
1018974339,d,Rashid,3218,1287.2
4195698891,d,Juri,3083,1641.8343195266275
4189031648,d,Marisa,1366,734.225
2198186630,d,Marisa,1868,904.693042291951
1218744371,d,Luke,1047,544.44
3886593843,d,Luke,2123,991.4517766497462
1747098188,d,Luke,2252,0
3089669269,d,Edmond Honda,2327,0
1547715234,d,Jamie,1920,0
3440588271,d,Chun-Li,2265,1049.2064516129033
1376476471,d,Chun-Li,1444,708.0258064516129
1693838336,d,Chun-Li,361,254.82352941176472
3474224350,d,Chun-Li,1726,1082.7701863354037
1273464059,d,Chun-Li,957,568.3025210084033
1483537524,d,Chun-Li,2128,912.0
3131510810,d,Chun-Li,978,405.8367346938776
3832022760,d,Chun-Li,1748,865.1717171717172
3967562192,d,Chun-Li,1469,1006.5370370370371
3115362208,d,Manon,1001,520.2937853107344
3874409929,d,Manon,1938,0
1641801746,d,Manon,749,499.3333333333333
1336346010,d,Manon,743,393.7264957264957
2436699650,d,Manon,1560,0.0
3326772921,d,Manon,1689,848.3561643835616
3101348986,d,Manon,527,388.8896551724138
1544896935,d,Manon,571,272.22093023255815
1832456622,d,Manon,687,452.48192771084337
1598474736,d,Ken,962,384.8
3771875425,d,Ken,104,0
3549094726,d,Ken,3268,0
4246948413,d,Ken,746,447.59999999999997
3315062445,d,Ken,423,230.72727272727272
3180233864,d,Ken,1734,1040.3999999999999
1071988693,d,Ken,793,515.45
1791286498,d,Ken,373,0
3568036506,d,Ken,267,0
2416671722,d,Ken,4143,1035.75
3572372160,d,Ken,955,573.0
1942895158,d,Ken,890,0
3157540202,d,Ken,334,233.79999999999998
3011007390,d,Ken,1812,604.0
2728517842,d,Ken,1021,581.732558139535
3231824621,d,Blanka,3055,872.8571428571428
1218661936,d,Blanka,759,531.3
2071299940,d,Blanka,1481,0
1861484378,d,Blanka,1461,786.6923076923076
3866006690,d,Blanka,490,298.165548098434
1548832691,d,Blanka,3663,0
2170335741,d,Blanka,192,115.19999999999999
3889748369,d,Blanka,815,0
1787840734,d,Blanka,3044,0
3369599956,d,Blanka,656,562.2857142857142
1198746498,d,Blanka,239,149.375
2820296743,d,Blanka,1019,0
1816701785,d,Blanka,1076,453.05263157894734
3315785712,d,Blanka,2526,1928.1301775147929
1226143415,d,Blanka,1270,0
1862026216,d,Blanka,356,0
2471711924,d,Blanka,2221,1071.1205673758864
1584999369,d,Blanka,290,0
2392332462,d,Blanka,934,622.6666666666666
1990908274,d,Marisa,2400,2025.0
4207491291,d,Guile,4337,2734.7194444444444
2436916782,d,Luke,2230,1165.9714285714288
2499775195,d,Kimberly,2331,1062.6617647058824
1446031917,d,Kimberly,2362,1157.1654894046417
1875503328,d,Manon,1411,748.0000000000001
1317084906,d,Zangief,930,548.7837837837837
3734931946,d,Ken,1418,911.3895870736086
3482855187,d,Blanka,877,435.8531187122736
1153572491,d,Juri,1177,591.7513812154697
1003816950,d,Guile,3816,2597.4453781512607
2257586660,d,Jamie,3591,2250.818181818182
1537983443,d,Manon,2960,1458.9726775956285
1574465156,d,JP,644,509.64028776978415
1561430537,d,Cammy,1306,741.4270833333334
2362341878,d,Cammy,2255,1077.705047318612
2390069480,d,Ryu,2207,1139.879120879121
1026901402,d,Ryu,819,458.5419161676647
3240420443,d,Cammy,1284,733.7142857142857
1834449801,d,Cammy,737,408.59016393442624
3778027344,d,Cammy,638,0
1438385289,d,Cammy,3756,1717.5678391959798
1700188839,d,Cammy,1890,0
3392772201,d,Cammy,1275,0
1727731040,d,Cammy,116,0
1367664617,d,Cammy,2563,1475.6666666666667
1422646788,d,Cammy,2846,1620.7289293849658
3078838755,d,Cammy,239,173.8181818181818
1404369928,d,Cammy,2035,610.5
3695998861,d,Cammy,869,0
1922762921,d,Cammy,1229,0
4206952993,d,Cammy,507,0.0
3549492855,d,Cammy,126,104.08695652173913
3909286598,d,Cammy,107,9.727272727272728
2086450128,d,Guile,3767,1669.9913357400724
3602470173,d,Guile,2035,1130.5555555555557
1570758802,d,Guile,5843,3141.713567839196
4221478896,d,Luke,1422,735.5172413793103
1510025447,d,Luke,3263,1450.2222222222222
3467885731,d,Luke,2330,1227.1333333333332
3815524825,d,Edmond Honda,2122,0
1880923720,d,Edmond Honda,764,379.88950276243094
3558475837,d,Jamie,3815,1799.156626506024
1815126348,d,Kimberly,2190,1271.0804020100502
3870248022,d,Chun-Li,1338,664.7115384615385
1268043260,d,Chun-Li,1705,911.9767441860464
2274852273,d,Chun-Li,946,524.8356164383562
1494406615,d,Chun-Li,287,139.23112128146454
1123970261,d,Manon,1562,828.0739726027397
1681236314,d,Manon,1499,0
1487078302,d,Manon,2360,1399.0419161676648
1544409948,d,Edmond Honda,938,0
3218235493,d,Edmond Honda,4371,3278.25
1395774669,d,Edmond Honda,2039,0
1052787210,d,Edmond Honda,569,396.9767441860465
1534804187,d,Edmond Honda,2544,1090.948905109489
4025313071,d,Edmond Honda,580,409.4117647058824
2695235405,d,Edmond Honda,826,413.0
4115829712,d,Edmond Honda,980,458.72340425531917
3554527758,d,Edmond Honda,506,313.5158501440922
1690567463,d,Edmond Honda,1147,0
3988980290,d,Edmond Honda,2781,2781.0
3515627168,d,Edmond Honda,1411,0
1551627194,d,Edmond Honda,315,203.82352941176472
4094092309,d,Edmond Honda,2912,0
1300427786,d,Rashid,2855,832.7083333333334
3010337531,d,Edmond Honda,1237,530.1428571428571
2305802174,d,Edmond Honda,1656,1159.1999999999998
2645510792,d,Ken,2985,1458.4573829531814
2057829145,d,Lily,1479,900.0493421052631
2888083744,d,Guile,843,593.6237942122186
3783955472,d,Luke,1949,1332.2278481012659
2265039261,d,Kimberly,3987,2550.9241706161133
3059673838,d,Chun-Li,2721,0
1940510391,d,JP,2810,1295.7640750670241
1335344057,d,Cammy,1703,935.9742063492064
1069575318,d,Cammy,1872,909.2571428571429
2623296421,d,Ryu,3772,1937.9082568807341
3401120581,d,Ken,1603,973.2499999999999
2616132292,d,Dee Jay,3353,2564.0588235294117
1074891700,d,Jamie,1088,0
2990776795,d,Manon,3004,1406.619627966645
2949027854,d,Manon,1668,816.488188976378
3029692177,d,Zangief,1439,971.9561403508771
2985522272,d,JP,1826,960.6940298507463
1887116796,d,Cammy,2792,1478.1176470588236
3299410289,d,Ryu,2171,1205.3587024329381
3682361135,d,Ryu,5092,2313.7333333333336
3598942203,d,JP,720,280.0
2641768313,d,Dhalsim,712,435.4085213032581
1658160635,d,Cammy,693,0
2900043931,d,Ryu,1815,915.8256880733944
1133899243,d,Ken,1451,0
1003321127,d,Ken,214,189.11627906976744
2516271480,d,Ken,1904,927.5112540192927
1400457618,d,Ken,594,323.5609756097561
1932273484,d,Rashid,250,134.3582887700535
2468503123,d,Rashid,1865,907.9605263157895
2038532710,d,Marisa,1761,956.7637795275591
2103480571,d,Guile,2155,956.6743471582181
3584999521,d,Luke,1413,1060.7859237536657
3002831028,d,Luke,687,0
3896145158,d,Jamie,1009,468.6612021857924
3429735598,d,Kimberly,1139,505.47337278106505
1242482163,d,Chun-Li,2168,1043.55223880597
1002299935,d,Juri,1441,749.2242524916944
4214023703,d,Marisa,2187,1356.493670886076
3081162043,d,Luke,2357,1166.5588464536243
2295971773,d,Edmond Honda,511,302.58230958230956
3003899740,d,Jamie,1227,659.8018867924528
1879563807,d,Jamie,1373,764.7462365591398
4051990511,d,Kimberly,624,208.0
3297460748,d,Kimberly,5695,3656.681654676259
3868887877,d,Chun-Li,1812,1139.8064516129032
3084862853,d,Chun-Li,1050,834.2465753424657
3943373794,d,Chun-Li,1801,879.1492329149232
1981522533,d,Chun-Li,201,134.90296495956875
3998192219,d,Manon,1225,575.7404520654716
2600221365,d,Zangief,3165,2110.0
2470298551,d,Zangief,2694,1468.4276729559747
2586934774,d,JP,4098,1834.6694560669457
1393416751,d,Cammy,1752,1362.6666666666667
4025658533,d,Edmond Honda,1944,1531.6363636363635
1690572788,d,Chun-Li,1575,866.3473423980222
4075010202,d,JP,492,251.42857142857144
1628615090,d,Manon,3014,1837.104761904762
1383018657,d,JP,727,448.31666666666666
2048482965,d,Juri,1612,908.2537313432836
1911390535,d,Marisa,1853,854.8674596431606
2436960368,d,Manon,1244,497.6
4146927854,d,Zangief,3816,2538.2443438914024
3008753954,d,Zangief,1203,717.866485013624
3411296308,d,Ken,726,392.320819112628
1912535319,d,Dee Jay,403,249.17350157728708
2476934298,d,Dee Jay,4427,2875.0057471264367
1218563380,d,Rashid,2982,0
1790772557,d,Blanka,2970,1663.2
2465315616,d,Juri,4112,2310.828169014085
2914833815,d,Marisa,2148,1657.8523489932886
1491683119,d,Marisa,951,481.1832669322709
4108938705,d,Marisa,1601,847.9370370370372
4013221299,d,Guile,2370,0
2124467436,d,Jamie,5051,2693.866666666667
3290374430,d,Chun-Li,1379,715.75
1903734702,d,JP,706,0
2362198217,d,JP,4004,2189.4212765957445
3302390938,d,JP,457,274.56854838709677
2866497608,d,Cammy,1863,928.208480565371
3022126645,d,JP,3234,0
3695859669,d,JP,1390,0
2251894910,d,JP,2048,1490.3286384976525
2031179189,d,Dhalsim,840,397.89473684210526
2656739916,d,Dhalsim,1868,893.8895705521472
2267388322,d,Dhalsim,106,0
1659870720,d,Cammy,5138,0
1762985909,d,Cammy,2948,0
3266291711,d,Cammy,1347,0
1759469742,d,Cammy,3492,1572.0213523131672
3600651146,d,Ryu,1080,530.8252427184466
3247090305,d,Ryu,2729,0
3483706381,d,Ryu,4102,1903.9163346613545
4200810827,d,Ryu,1250,664.4981412639406
3368056495,d,Ryu,336,174.67782426778243
2960893723,d,Ryu,1487,0
2397812200,d,Ryu,3359,839.75
3410740211,d,Luke,1878,952.0158415841585
4290349469,d,Ryu,1441,722.1913145539905
1798158451,d,Ken,1046,630.4175084175084
2284309960,d,Dee Jay,3513,1709.2399103139014
2552187809,d,Dee Jay,163,93.69848156182212
1483702110,d,Rashid,1551,901.7441860465117
2148097331,d,Juri,163,138.3030303030303
2200547999,d,Marisa,2409,995.72
1268910596,d,Marisa,359,0
2944809365,d,Marisa,1525,697.7124183006536
3298996275,d,Guile,1383,838.8688524590164
3321830804,d,Zangief,1475,0.0
1756208921,d,Zangief,527,175.66666666666666
2215227003,d,Zangief,130,94.54545454545455
3895025923,d,Zangief,427,53.375
1701449892,d,Zangief,597,391.78125
1933391378,d,Zangief,4363,2184.8926905132193
1573940607,d,Zangief,2146,953.7777777777777
2188469824,d,Ryu,2164,1442.6666666666665
2203567236,d,Zangief,1740,0
2937940325,d,Zangief,1243,633.9300000000001
1165406511,d,Zangief,669,330.78333333333336
2456694570,d,Zangief,661,251.18
2925178414,d,Zangief,1162,0
3181368892,d,Zangief,2051,0
1586932115,d,Zangief,385,385.0
2136669929,d,Zangief,302,130.05839416058393
3922687290,d,Dee Jay,818,329.1951219512195
3141302908,d,Dee Jay,3027,0
3787761620,d,Dee Jay,1040,536.0650406504066
2439704443,d,Lily,895,859.1999999999999
1947551437,d,Rashid,1362,624.6114649681529
1608757993,d,Blanka,1417,873.1783783783784
2981315006,d,Juri,726,417.75418994413405
1159252612,d,Juri,5615,2966.4150943396226
1013364233,d,Marisa,1218,626.0747663551401
2863608170,d,Marisa,2985,1295.0951903807616
2266363065,d,Marisa,1098,658.8
3097177432,d,Guile,1659,829.5
4142709006,d,Guile,149,111.75
3068414361,d,Guile,2720,1537.391304347826
1873318990,d,Luke,2444,1013.3658536585365
4200598168,d,Luke,1323,0
3134743491,d,Luke,2112,1188.0
3009121231,d,Luke,1222,741.438202247191
2112981956,d,Ryu,496,310.53913043478263
4217806916,d,Ryu,3043,1311.2113821138212
3729108945,d,Ryu,119,0
1277090206,d,Ryu,320,221.4448669201521
1718458418,d,Ryu,2357,1220.5892857142858
2305300634,d,Ryu,1424,0
2881582774,d,Ryu,1428,0
1499503311,d,Ryu,211,92.63414634146342
2309953089,d,Ryu,569,328.4251781472684
1074030267,d,Ryu,606,303.0
3577612158,d,Ryu,1948,1198.769230769231
1476549283,d,Ryu,4836,0
2010082873,d,Juri,2270,1047.9232804232804
3604525397,d,Juri,543,400.02071005917156
3017411672,d,Juri,1376,970.4421052631578
2889136330,d,Juri,511,294.6871165644172
3546037211,d,Marisa,1658,906.3022508038584
3520494495,d,Marisa,905,787.6851851851852
1481143360,d,Marisa,1910,1273.3333333333333
1477570024,d,Marisa,1636,0
3552608094,d,Marisa,1583,1013.12
3495899177,d,Marisa,728,0
1955343128,d,Marisa,2335,778.3333333333333
1279920667,d,Marisa,1438,691.2274678111588
3944417751,d,Marisa,1694,1001.8279569892474
3387138959,d,Luke,521,454.99095022624437
1194882386,d,Luke,419,0
3127011961,d,Marisa,431,216.31015037593983
2647106522,d,Marisa,404,253.4386617100372
2463467180,d,Marisa,840,416.08521970705726
3726116759,d,Manon,3090,1972.340425531915
4176773214,d,Zangief,3262,1712.2790697674418
2107737390,d,Zangief,918,415.17587939698495
1452610074,d,Cammy,1505,798.1060606060605
1986346648,d,Ryu,3971,1873.3483263598328
1783874852,d,Ken,1796,836.2464183381089
3681956750,d,Ken,4939,3426.578947368421
3690157296,d,Lily,1627,752.7325301204819
3373682393,d,Juri,1093,568.8713450292398
1727624908,d,Juri,590,361.5548780487805
1107129557,d,Luke,434,307.4166666666667
3101170274,d,Edmond Honda,365,257.01183431952666
3956374765,d,Kimberly,1601,1216.76
2572800057,d,Kimberly,2667,1286.2127659574467
4238880829,d,Chun-Li,1452,670.1538461538462
2870776829,d,Chun-Li,2562,1212.0572916666667
2781497840,d,Manon,1362,694.3529411764705
1987467144,d,Zangief,2094,1142.8271186440677
3725705180,d,Zangief,2418,1080.3500000000001
2760977066,d,Lily,313,0
1883725758,d,Blanka,1047,511.1823529411765
1826601241,d,Juri,1991,1184.8282208588957
3174991977,d,Marisa,164,91.97883597883597
1591548939,d,Marisa,1298,613.2579710144928
3332664520,d,Marisa,742,384.4909090909091
3262688946,d,Marisa,1422,656.7982062780269
1279754052,d,Marisa,1465,832.7368421052631
2847137773,d,Marisa,385,177.54854368932038
4122088329,d,Luke,1979,879.5555555555555
4022487770,d,Edmond Honda,1753,1076.8428571428572
2827823863,d,Jamie,650,0
2007771363,d,Zangief,1263,751.7857142857143
3477979685,d,JP,521,282.8285714285714
2973414217,d,Cammy,990,533.7209302325581
2427280682,d,Cammy,1003,519.6645669291339
2511968880,d,Ken,1648,842.0033613445378
1975180151,d,Ken,3049,1539.4460784313726
1336297242,d,Edmond Honda,520,0
1284266352,d,Jamie,549,0
4088390713,d,Jamie,4994,2151.1713615023473
3376466157,d,Kimberly,3081,1445.6843150231634
1707237199,d,Chun-Li,544,372.2105263157895
2069200206,d,Manon,2574,1153.6744186046512
1944816889,d,Edmond Honda,1761,983.7685185185186
2178576660,d,Edmond Honda,268,0
2155884005,d,Edmond Honda,865,714.5652173913044
1377092330,d,Edmond Honda,3013,1111.9404761904761
3924093134,d,Edmond Honda,5531,3403.692307692308
3264556790,d,Edmond Honda,2312,1474.4019851116625
2777607472,d,Edmond Honda,2840,1214.5911949685535
2752289973,d,Edmond Honda,820,546.6666666666666
2510749899,d,Edmond Honda,2181,1399.132075471698
2448048246,d,Jamie,103,77.1199494949495
2056025014,d,Jamie,972,560.7692307692307
1678791921,d,Jamie,896,463.36675461741424
1774042764,d,Jamie,655,421.4442231075697
1552968608,d,Jamie,914,626.7428571428571
3708823055,d,Jamie,2710,0
2974332224,d,Jamie,6707,0
1647388566,d,Jamie,805,450.8249419054996
1145324046,d,Luke,1005,436.1320754716981
4012943562,d,Luke,3161,1620.5126582278479
1399966417,d,Luke,770,373.58814352574103
1899852965,d,Edmond Honda,1815,0
3579048696,d,Edmond Honda,1055,0
1165353922,d,Edmond Honda,1448,0
4067408415,d,Jamie,640,533.3333333333334
3692075018,d,Jamie,3165,0
3367054814,d,Luke,569,298.6241134751773
4244598944,d,Luke,916,654.2857142857143
4038439489,d,Edmond Honda,2597,1058.037037037037
1954378062,d,Edmond Honda,1644,959.0000000000001
3380261083,d,Edmond Honda,615,0
2330405287,d,Jamie,2480,1615.9276018099547
1340458176,d,Kimberly,2421,1241.4063829787235
3083256648,d,Chun-Li,487,0
2017562351,d,Manon,2905,1601.0225303292896
1055188440,d,Zangief,4380,0.0
1749445683,d,Cammy,854,330.37956204379566
1542101258,d,Cammy,2732,927.8490566037735
2571899046,d,Cammy,1711,923.8571428571428
2779697043,d,Cammy,2387,1359.021897810219
1638219035,d,Jamie,629,385.31456953642385
1311486913,d,JP,1012,529.126142595978
4136166185,d,Jamie,296,164.7835051546392
3983120370,d,Jamie,1944,957.6187989556136
1254730681,d,Kimberly,3756,1814.5063861758076
1291356693,d,Kimberly,1392,798.6885245901639
3837761030,d,Kimberly,1873,0
3544977238,d,Kimberly,2334,1533.7714285714285
4216966592,d,Chun-Li,1901,1193.6511627906978
3858342375,d,Chun-Li,929,458.1716621253406
3417421227,d,Chun-Li,403,221.53216374269005
3839857153,d,Chun-Li,2819,1610.8571428571427
1412055387,d,Marisa,3380,1300.0
1931651901,d,Guile,295,178.63321799307957
3612021870,d,Guile,1052,0
2474855215,d,Luke,102,0
3872503088,d,Luke,648,445.5
4199356126,d,Luke,1180,597.314049586777
3005244953,d,Chun-Li,958,426.3222506393862
1508200123,d,Chun-Li,4906,2322.056939501779
2663288799,d,Kimberly,1804,999.5135135135135
1488665657,d,Jamie,553,349.1569343065693
1448431334,d,Dee Jay,814,371.13409961685824
1553604640,d,Ken,1678,791.5094339622642
1389995730,d,Cammy,2298,1044.0801781737193
1754592184,d,Juri,1219,708.3378378378378
1102676711,d,Juri,876,0
1333048100,d,Juri,941,506.1613691931541
4004262993,d,Ken,1698,936.8275862068965
3708195079,d,Manon,376,322.2857142857143
1211478813,d,Manon,3305,1569.875
1511053742,d,Luke,742,440.27677725118485
4137123171,d,Luke,1084,682.5185185185186
1034403539,d,Luke,2622,1824.5253456221199
2909068396,d,Ken,839,455.3782894736842
2297959185,d,Chun-Li,2761,1680.0978723404255
2315545910,d,Edmond Honda,1011,808.8000000000001
3651643202,d,Edmond Honda,461,232.9263157894737
2665192286,d,Luke,172,84.1783723522854
4216017103,d,Juri,5085,0
1061065765,d,Juri,1299,663.1736842105264
2029303757,d,Dee Jay,3908,2203.1677852348994
4261663784,d,Ken,1852,945.2916666666666
3876786406,d,Cammy,1574,973.1720430107526
2984856113,d,Ken,5615,3196.230769230769
3478690884,d,Ryu,1206,0
2435843190,d,Ryu,1474,982.6666666666666
1358929761,d,Ryu,587,423.27891156462584
3212604296,d,Ryu,835,470.260989010989
1834902641,d,Zangief,3891,2476.090909090909
3242464335,d,Zangief,397,0
3784645916,d,Zangief,1470,0
2128614123,d,JP,1150,928.5185185185186
3736642102,d,Ryu,622,326.4214876033058
3156972942,d,Cammy,2355,1177.5
1209077206,d,Luke,2340,1215.4898911353034
1102081865,d,Luke,1144,393.25
2381055513,d,Luke,1845,821.145251396648
3905600058,d,Luke,2875,1265.7510564733002
4109364464,d,Edmond Honda,3728,2485.333333333333
3545715686,d,Luke,2086,1279.1509433962265
2350886204,d,Ken,200,0
1576706463,d,Marisa,1007,475.77101449275364
3823109018,d,Zangief,2681,1072.4
3942506389,d,Luke,334,200.4
3159727593,d,Luke,2089,0
3746838931,d,Luke,781,468.59999999999997
2949410502,d,Luke,2067,861.25
1003296993,d,Luke,318,127.2
2051233312,d,Luke,122,0
4250971220,d,Luke,926,0
1958829724,d,Luke,177,0
3617275414,d,Ken,1330,696.6666666666667
2855786811,d,Guile,1196,633.3655913978495
1037264553,d,Chun-Li,1847,898.2300995024875
2939560048,d,Luke,8599,4777.222222222223
3088955345,d,Ken,562,442.4255319148936
1587652996,d,Ken,1741,813.4180327868853
3631513655,d,Blanka,209,209.0
3042008702,d,Juri,957,490.6494140625
4215053521,d,Guile,109,76.3
2053982140,d,Ken,1682,792.3193612774452
3004089163,d,Luke,1029,490.84482758620686
1176931059,d,Jamie,1047,242.59756097560978
3811484899,d,Ken,1293,746.2457142857144
2518816964,d,Ken,4461,2414.669724770642
1555219169,d,Kimberly,426,0
2754091374,d,Luke,1648,877.1612903225806
2437931036,d,Luke,2097,953.1818181818181
1712157283,d,Luke,464,322.66315789473686
1159533137,d,Edmond Honda,3096,1443.050847457627
3082417161,d,Edmond Honda,301,160.99999999999997
2901845311,d,Edmond Honda,1423,822.8039603960395
1188449686,d,Edmond Honda,524,306.86301369863014
2916461147,d,Edmond Honda,334,0
2642288333,d,Edmond Honda,1678,761.4150537634408
2379089909,d,Edmond Honda,1103,623.1638418079096
3710240111,d,Edmond Honda,1614,1123.6708860759495
2716219128,d,Edmond Honda,2456,1338.3820224719102
3769475819,d,Edmond Honda,1082,531.8305084745763
1701119344,d,Kimberly,1472,963.1604938271605
2361123078,d,Kimberly,1431,753.8303571428571
1235836692,d,Kimberly,608,410.8108108108108
1011981129,d,Kimberly,238,161.93814432989691
3011641260,d,Chun-Li,817,446.40206185567007
3549711388,d,Chun-Li,331,184.55986316989737
4213409633,d,Chun-Li,3941,2149.6363636363635
3925510855,d,Chun-Li,2946,1753.3287197231834
3623343464,d,Chun-Li,260,0
4065337884,d,Chun-Li,1623,785.3958041958042
2101640489,d,Chun-Li,2537,1197.4041297935103
3131498948,d,Chun-Li,760,480.65476190476187
2010563790,d,Manon,7322,2440.6666666666665
3736936664,d,Manon,221,0
2080325081,d,Manon,3237,0
3387435492,d,Dee Jay,948,505.9550561797752
1372965879,d,Luke,275,195.59859154929578
2318091648,d,Kimberly,2181,1477.4516129032256
3414938172,d,Manon,3389,1401.8136363636363
1672904899,d,Manon,901,476.25787631271885
2454130318,d,Dhalsim,1449,1014.3
2936512250,d,Ryu,3162,1775.6371490280776
2075398345,d,Dee Jay,1793,893.8158682634731
3563967714,d,Blanka,188,107.61837455830388
1401596531,d,Marisa,2428,1362.6530612244896
2484840014,d,Edmond Honda,1844,894.0606060606061
4232134629,d,Jamie,3836,1567.3978494623657
3975536755,d,Chun-Li,890,492.42335766423355
2685283621,d,Manon,543,373.7825484764543
3594787481,d,Ryu,1642,878.0138888888889
1302625213,d,Juri,3505,1524.8129921259842
3563510474,d,Marisa,2324,0
3053404548,d,Luke,3121,1518.4439716312056
3960123888,d,Kimberly,607,349.9585121602289
3088328981,d,Dee Jay,1054,549.6027088036118
4202750983,d,Dee Jay,1828,1256.75
3059917485,d,Lily,1265,634.2424242424241
1774660332,d,Edmond Honda,1921,1222.4545454545455
3867959002,d,Rashid,2415,1170.909090909091
3007211288,d,Juri,2096,251.51999999999998
3167785093,d,Luke,1650,958.0645161290323
1533107822,d,Luke,585,266.5250965250965
1659458081,d,Jamie,568,310.7443946188341
2447967666,d,Jamie,970,508.09523809523813
4238905443,d,Manon,441,240.6741573033708
3259040967,d,Zangief,3543,1265.357142857143
2161664987,d,Zangief,1826,851.3108108108108
2734903141,d,Cammy,1679,857.9505494505494
1919486076,d,Ryu,3053,1554.4237804878048
1322984667,d,Ryu,487,261.53703703703707
3370091088,d,Ryu,1106,580.8823529411765
4062223893,d,Ryu,214,107.0
2456868909,d,Ken,1374,719.3838383838383
1326555815,d,JP,1505,1065.772532188841
2262446801,d,Dhalsim,4275,1913.2867132867134
1958361312,d,Cammy,1777,861.020618556701
1469456541,d,Ryu,1778,807.612676056338
1400584772,d,Ken,468,213.94285714285715
3718490650,d,Dee Jay,214,130.89320388349515
4000566570,d,Dee Jay,2104,1162.9908256880733
1660528163,d,Chun-Li,1467,744.541935483871
2520587499,d,Manon,2834,1324.987012987013
1980527380,d,Ken,2001,667.0
3527730951,d,Juri,1228,530.9174917491749
1624517748,d,Luke,527,284.61127596439167
3465135195,d,Jamie,3050,1324.6522411128285
3254102779,d,Chun-Li,1744,905.4395280235988
3085018835,d,Cammy,1315,686.4686248331109
2535319302,d,Cammy,1520,734.5251396648044
3772410065,d,Kimberly,2075,983.0922242314648
1705083447,d,Zangief,541,300.55555555555554
2137663383,d,JP,289,205.25925925925927
1170775710,d,Cammy,988,552.9174311926605
3609571976,d,Ken,3959,1759.279069767442
3486312376,d,Juri,394,0
1904322673,d,Marisa,815,484.2370129870129
1167585369,d,Jamie,1435,796.7192429022082
2963857340,d,Cammy,3084,1432.7421475529584
1580806458,d,Ken,1573,0
3982852463,d,Ken,4705,2169.084745762712
4036249961,d,Guile,4447,3248.517730496454
2891504384,d,Lily,636,369.42574257425747
2272398634,d,Blanka,3023,1379.4713855421687
1431438754,d,Juri,3220,1483.2146709816614
2162932166,d,Marisa,773,428.4189054726368
3539371092,d,Luke,2775,1297.7080123266564
2082606195,d,Kimberly,1891,1047.8789808917197
3817781049,d,Manon,3533,1947.5194346289754
1560513431,d,Ken,1782,0.0
3884402276,d,Ken,2966,2024.8653846153848
2218919390,d,Ken,1735,1147.2244897959185
4294803505,d,Ken,3490,1646.162109375
2825075825,d,Ken,2252,924.9285714285714
1614538332,d,Ken,1780,1370.6620209059233
1232579046,d,Ken,289,188.77441077441077
1786252410,d,Ken,589,313.0720720720721
3139311102,d,Ken,1360,884.1534988713319
3518658749,d,Dee Jay,2703,1488.0151515151515
1278849128,d,Dee Jay,817,369.162962962963
2020432984,d,Dee Jay,537,306.7134831460674
3388004325,d,Dee Jay,746,445.72327044025155
2855174845,d,Dee Jay,1011,481.98837209302326
2212712372,d,Dee Jay,1870,1232.5
4258678232,d,Dee Jay,2609,0
2273973298,d,Guile,2647,0
2290750466,d,Guile,1840,723.5955056179776
3610697428,d,Guile,821,684.1666666666667
2943279875,d,Guile,762,491.61290322580646
1451391595,d,Guile,438,222.98181818181817
3205476042,d,Guile,788,450.2857142857143
2310704231,d,Luke,428,260.5672371638142
2478060899,d,Luke,2553,1267.0444444444445
3309252789,d,Luke,2097,0
4140252077,d,Luke,843,375.6684491978609
1612538435,d,Luke,1696,1027.878787878788
2422693671,d,Luke,1589,780.5614035087718
3534905947,d,Luke,633,462.7310126582279
3260027213,d,Luke,2080,964.978783592645
2465900377,d,Edmond Honda,395,177.28346456692913
2737251844,d,Juri,524,258.3711911357341
4037089910,d,Juri,1711,1000.6349319971367
3735808049,d,Juri,1372,660.0687285223368
3828602173,d,Juri,817,410.0415094339623
1287093480,d,Juri,1114,562.2712933753943
4049862306,d,Juri,869,495.7113163972286
1583892212,d,Juri,431,251.10434782608695
3096212096,d,Marisa,3861,2260.717105263158
1406632574,d,Marisa,891,519.0291262135922
2206203733,d,Marisa,1887,0
1790166589,d,Marisa,1405,709.8177083333334
4184326408,d,Marisa,1468,0
1111257394,d,Marisa,518,302.7272727272727
4283247171,d,Marisa,771,452.96250000000003
1905158226,d,Marisa,1557,836.3854324734446
1232820358,d,Marisa,341,0
3597116813,d,Marisa,739,385.39247311827955
4041923553,d,Marisa,788,0
1026468029,d,Blanka,1984,1436.6896551724137
1817212270,d,Blanka,924,0
2031548163,d,Blanka,349,201.0858725761773
1642897048,d,Juri,1645,871.2263033175356
2080565730,d,Juri,979,456.4469453376206
3597587935,d,Juri,1637,0
1341585101,d,Juri,1245,573.8054968287527
2614387210,d,Juri,751,751.0
1196843681,d,Juri,2564,0
2256319169,d,Juri,255,185.2032520325203
1593766382,d,Juri,2540,1541.6184971098264
1348149151,d,Juri,1778,954.5661605206074
4185611449,d,Marisa,2196,1562.1030927835052
1313230616,d,Edmond Honda,5090,2784.663677130045
1751909707,d,Jamie,1939,876.5895833333334
2028247454,d,Jamie,2037,1033.9318181818182
1356562683,d,Ken,1573,0
3124025436,d,Ken,1284,703.4086956521738
1330157612,d,Dee Jay,601,331.6493902439025
1703389339,d,Rashid,2297,1192.6730769230771
3664730186,d,Rashid,1192,674.6337854500616
2016057412,d,Marisa,1395,702.3043206011271
4272589107,d,Marisa,4585,2051.119722073757
1424780949,d,Edmond Honda,2128,0
2430370237,d,Kimberly,4420,1946.5323897659227
2583671431,d,Chun-Li,2411,0
2032345545,d,JP,555,256.01010101010104
2139777378,d,Cammy,1446,699.6774193548388
3237577920,d,Ryu,7900,3598.2481751824816
1161730962,d,Ryu,429,216.37609329446065
3580242107,d,Ken,610,384.0740740740741
1859598539,d,Ken,1885,802.1276595744681
2878964875,d,Dee Jay,3548,1064.3999999999999
2149550782,d,Lily,1304,729.0945945945946
1360076565,d,Blanka,2659,1203.7364864864865
3921484152,d,Blanka,1806,1219.6363636363637
3242304746,d,Ken,2436,1179.1911764705883
1369978244,d,Guile,1828,731.2
1535434672,d,Guile,1983,977.917808219178
2602893952,d,Guile,582,519.6428571428572
1177476387,d,Luke,1062,362.32941176470587
2623814640,d,Luke,1504,722.4182194616977
2170126552,d,Luke,261,239.25
2980695405,d,Luke,1860,834.7486033519554
3422651152,d,Luke,504,328.69565217391306
3576891839,d,Luke,997,646.2037037037037
3919788978,d,Edmond Honda,2640,1404.0449438202247
2333605428,d,Edmond Honda,119,87.125
1240196139,d,Luke,886,434.18407960199005
2949827336,d,Edmond Honda,1397,931.3333333333333
4084538573,d,Kimberly,1890,1181.25
3771863815,d,Manon,836,461.58293838862556
2692463144,d,Manon,2048,1536.0
3695118335,d,Manon,1237,0
3511389944,d,Zangief,2451,1591.0
1364332866,d,Zangief,2270,771.8000000000001
1022678968,d,JP,1220,840.749063670412
2541660157,d,JP,2419,1335.4895833333335
2432654338,d,JP,2603,1238.2459499263623
2966839539,d,Dhalsim,5372,0
3101042866,d,Cammy,4993,2260.0626740947073
1645724836,d,Ryu,2315,1126.1425206124852
2709970964,d,Ryu,1696,1144.9789029535864
3389234660,d,Ryu,1080,586.141895390989
2877952057,d,Dhalsim,389,216.8196721311475
3811205312,d,Cammy,2770,1391.9423558897245
1328952028,d,Ryu,1065,543.3043478260869
1096083745,d,Ken,2521,1173.2955974842766
4131906827,d,Dee Jay,590,327.5068870523416
2973104038,d,Dee Jay,2338,1251.9267734553778
1740564628,d,Lily,2493,1162.7430830039527
2526800114,d,Juri,425,220.3957996768982
2852930073,d,Juri,1882,942.7992351816443
2090101065,d,Marisa,1017,824.3052631578947
3030453236,d,Chun-Li,3428,0
3189846196,d,Manon,908,320.47058823529414
1865686146,d,Zangief,1317,627.8720930232558
2813213849,d,JP,3332,1438.538745387454
4225905008,d,Cammy,859,418.3730569948187
3589277390,d,Ken,5107,3099.1196581196577
2105436864,d,Luke,1574,962.6492753623188
2234884062,d,Edmond Honda,1795,1234.0625
2780333526,d,Edmond Honda,2985,746.25
2137204994,d,Kimberly,164,141.63636363636363
3346564882,d,Chun-Li,2703,0
1363903614,d,Zangief,909,691.9973474801061
3578389865,d,Dee Jay,1252,727.5634218289085
2818620727,d,Luke,2264,0
1165762004,d,Manon,2720,0
2996898128,d,Zangief,2156,1083.1333333333332
1062007539,d,Cammy,1455,725.3218562874251
1680448998,d,Cammy,3237,1587.4602739726026
3329351589,d,Ryu,2740,1237.9063360881544
2729990206,d,Ryu,1635,915.6000000000001
1429821711,d,Ken,4610,2145.1995798319326
2560362421,d,Ken,2649,1165.6127426580388
1210854337,d,Dee Jay,1766,904.0955631399316
2133303987,d,Rashid,2318,1267.965811965812
3749270364,d,Cammy,2240,1655.6521739130433
2403363656,d,Ken,2395,1239.3706293706293
2834308164,d,Ken,817,580.1884057971015
3549802282,d,Ken,1421,994.6999999999999
2449614521,d,Ken,1356,0
2269852793,d,Ken,565,315.7352941176471
3743416261,d,Ken,114,91.2
4044646185,d,Ken,2812,0
2705101312,d,Ken,614,526.2857142857142
2469160451,d,Ken,1418,798.5324232081912
3610959455,d,Ken,646,61.039370078740156
1965541624,d,Zangief,1534,0
3903238563,d,Ken,1608,804.0
3574112536,d,Ken,980,688.6486486486486
2039812294,d,Luke,154,112.93333333333332
1439277738,d,Luke,897,0
2042842056,d,Luke,3030,0
1504034190,d,Luke,2023,1445.0
2833038288,d,Luke,551,297.32178217821786
2295016210,d,Luke,200,0
1572654884,d,Luke,1288,1089.8461538461538
3410339222,d,Zangief,196,86.92173913043479
2772561396,d,Zangief,419,312.19607843137254
2048316999,d,Zangief,731,0
1446774101,d,Zangief,1079,647.4
3410213667,d,Zangief,1069,0
1638983742,d,Zangief,759,0
1073035083,d,Zangief,504,271.38461538461536
4165501972,d,Zangief,344,117.6842105263158
3816544831,d,Zangief,1326,0
4239306434,d,Zangief,123,109.1938775510204
1762079564,d,Zangief,443,0
1454551744,d,Zangief,211,105.5
2087815233,d,Zangief,1255,597.6190476190476
1516504358,d,Zangief,1725,1207.5
1434554421,d,Zangief,140,32.30769230769231
3261984726,d,Zangief,2061,1854.9
2531459228,d,Guile,383,215.7126436781609
3930601984,d,Guile,7896,4371.0
2808715315,d,Edmond Honda,389,308.9117647058823
2402191076,d,Manon,432,208.87912087912088
4199812923,d,Cammy,5091,2212.9346758349707
4201671596,d,Ryu,2180,1065.8849557522124
2070822232,d,Rashid,4161,0
2459573012,d,Blanka,1468,765.0814332247558
2331484203,d,Blanka,800,421.40845070422534
2584459931,d,Juri,605,354.8763250883392
2163029796,d,Marisa,1500,887.4172185430464
3920106921,d,Marisa,519,339.75169300225735
1863892100,d,Guile,1422,671.2994923857868
3123673124,d,Jamie,525,276.42857142857144
3871364125,d,Chun-Li,741,0
2589090214,d,Manon,3445,1918.7341772151897
2541256785,d,JP,1494,830.0
1449140754,d,Ryu,2834,1469.1079478054567
3052285800,d,Ryu,290,133.84615384615384
2055226648,d,Ken,300,234.14634146341464
3038027357,d,Ken,893,484.33898305084745
4219897876,d,Ken,258,180.6
1390749395,d,Ken,822,458.09374999999994
3538685178,d,Ken,718,423.1071428571429
1132943740,d,Ken,1671,789.0833333333333
1151209259,d,Ken,1125,671.419098143236
3130399218,d,Ken,1841,1124.0429042904289
3101833628,d,Ken,1403,982.0999999999999
2167085494,d,Ken,823,617.25
3465371571,d,Ken,4091,0
2429460360,d,Ken,311,0
1330517609,d,Ken,285,0
2947128980,d,Edmond Honda,1350,585.0
1354854274,d,Edmond Honda,1844,1273.6907216494844
3651726885,d,Edmond Honda,649,385.0843989769821
2616644823,d,Edmond Honda,926,463.0
4198368495,d,Jamie,1340,642.2970903522205
2312414830,d,Jamie,1593,780.6334661354582
1884497887,d,Jamie,1693,859.5230769230769
1256425255,d,Jamie,750,459.0
1267498777,d,Kimberly,1925,1110.5769230769229
1516758355,d,Kimberly,4314,2998.7560975609754
2628000759,d,Chun-Li,3330,2107.9816513761466
2878427632,d,Chun-Li,3520,1515.5555555555557
3773638407,d,Chun-Li,711,0.0
2763960505,d,Chun-Li,126,48.774193548387096
1663959724,d,Chun-Li,988,704.9513513513514
2073247931,d,Manon,542,302.6309148264984
3888159774,d,Manon,1965,1011.1165048543689
3066271031,d,Cammy,957,598.125
3500688198,d,Cammy,1533,810.0296296296295
3194630756,d,Ryu,2090,1691.25
2774690400,d,Ryu,1932,927.5309734513274
1615427420,d,Ryu,1488,816.8545994065281
1701294470,d,Ken,1162,659.8022988505746
3233379794,d,Ken,1265,663.2558139534884
1250178205,d,Dee Jay,2260,834.4615384615385
1880268416,d,Rashid,4004,2026.7160493827162
3287913453,d,Juri,2928,1360.2833787465938
3509684997,d,Marisa,1122,691.0331125827815
3395130038,d,Guile,1251,809.7558139534884
3065870479,d,Luke,648,429.8926829268293
3759700406,d,Manon,1090,502.0866141732284
1198589236,d,Manon,439,330.7133333333333
3647200164,d,Zangief,1651,808.99
1436579586,d,JP,1168,624.2758620689655
2378624207,d,Ryu,3313,2208.6666666666665
1208223319,d,Ken,3136,1369.1176470588236
1049467766,d,Dee Jay,2192,1263.1864406779662
3136130174,d,Juri,3885,1638.6171132238546
2293298638,d,Marisa,525,298.7068965517241
3243870764,d,Edmond Honda,1858,619.3333333333333
3668906594,d,Jamie,3304,1535.723771580345
4069859842,d,Jamie,1572,813.1034482758621
3334115816,d,Jamie,1121,634.3024911032028
3622535731,d,Jamie,3086,1463.1452420701169
2629376091,d,Kimberly,1233,702.0
3193117043,d,Chun-Li,1726,905.9353233830846
4249454653,d,Chun-Li,1731,845.9321739130435
2016188498,d,Manon,4793,2476.3833333333337
2968754007,d,JP,3458,1720.0599793174767
3162675752,d,Ryu,2133,974.5366795366796
3866593523,d,Ken,2105,1590.315934065934
2422011566,d,Ken,1492,853.6701030927835
3661057019,d,Juri,1737,0
2679042558,d,Juri,1508,904.8
3822455594,d,Juri,3254,1171.44
3691565719,d,Juri,1284,0
3373182338,d,Juri,1169,0
4132631966,d,Juri,573,381.1695652173913
3834610206,d,Juri,382,0
2855140185,d,Juri,4244,771.6363636363636
4130266254,d,Juri,4406,2372.4615384615386
2649484921,d,Juri,316,166.91935483870967
4186704047,d,Juri,465,0
2378515986,d,Juri,374,0
3245152207,d,Juri,116,0
2252850832,d,Juri,1301,433.66666666666663
2218630813,d,Juri,312,0
2789058582,d,Juri,1819,0
4133878578,d,Juri,445,0
4085755941,d,Marisa,2871,1302.9036144578313
1322242166,d,Dee Jay,347,257.84027777777777
2787759519,d,Ken,190,149.28571428571428
3857433327,d,Guile,470,0
1000872745,d,Luke,2264,1122.7667210440457
2657806077,d,Luke,1366,875.3009708737865
1854509163,d,Blanka,2180,0
2508900372,d,Manon,4542,2792.569377990431
3051978912,d,Marisa,2155,1074.9036144578313
1915541331,d,Manon,2964,0
3541437795,d,Ken,2307,985.3359908883828
1386344752,d,Edmond Honda,842,418.2483660130719
2862423224,d,Edmond Honda,993,496.5
2231914035,d,JP,166,88.74213836477988
2544648703,d,Cammy,1719,1719.0
3558044065,d,Blanka,3536,1885.8666666666666
3624906705,d,JP,212,185.5
2282043213,d,Cammy,2406,1569.1304347826087
1636115388,d,JP,2837,1468.3514376996804
2345473843,d,Chun-Li,2493,1301.1710526315787
2184394367,d,Ken,1184,667.5744680851063
3717246702,d,Lily,384,0
2578318594,d,Dee Jay,610,297.2457627118644
1145466827,d,Ryu,1192,606.8363636363636
2830018713,d,Chun-Li,1083,0
4144742855,d,Guile,1884,0
4236125877,d,Cammy,1973,990.7891304347826
1278634665,d,Zangief,4021,2097.913043478261
2305822594,d,Marisa,2175,1071.2686567164178
1976421308,d,Edmond Honda,1602,0
3941574934,d,Marisa,1878,0
1474440761,d,Cammy,2807,1864.3507462686568
4293520789,d,Cammy,1148,0
3643780361,d,Manon,3249,1463.0286144578313
1757558919,d,Jamie,1027,685.6517985611512
1505281852,d,Zangief,2257,1078.9173989455185
1974742817,d,Ken,1147,625.8092868988391
1997396305,d,Ken,3838,1831.4500616522812
1675637092,d,Lily,2403,1133.1219512195123
2456091663,d,Cammy,2889,1769.2325581395348
4029831569,d,Blanka,931,480.77899343544857
2683204416,d,Guile,1282,902.7100591715977
2616094851,d,Jamie,234,141.5658362989324
1605973843,d,Marisa,2365,1157.2772898368883
4167757489,d,Cammy,4051,1807.5771476230193
1757695677,d,Guile,1275,615.6542056074767
2413503552,d,Ryu,3358,1602.3789682539684
3721848506,d,Zangief,919,504.5968169761274
3174541077,d,Ryu,3643,2185.7999999999997
2868082401,d,Ryu,1664,800.0722347629797
2816249679,d,Edmond Honda,742,399.53846153846155
2901745698,d,Edmond Honda,436,0
4138349954,d,Edmond Honda,320,153.04347826086956
2542266078,d,Edmond Honda,198,104.82352941176471
1412170270,d,Edmond Honda,1452,0
2028301986,d,Edmond Honda,2295,0
2737312684,d,Edmond Honda,3588,0
4107796562,d,Edmond Honda,1505,1327.9411764705883
3508150012,d,Edmond Honda,512,373.23364485981307
2277133127,d,Edmond Honda,1162,0
3404668209,d,Edmond Honda,2148,1342.5
4221116319,d,Edmond Honda,108,0
2058093162,d,Edmond Honda,627,410.7931034482759
2925994055,d,Edmond Honda,2962,1645.5555555555557
3970910640,d,Marisa,927,453.28512396694214
3466706139,d,Marisa,2378,1522.4232804232804
2935649634,d,Marisa,1908,0
3309491696,d,Guile,1237,0
2011381355,d,Guile,3497,1802.2999999999997
2525148794,d,Guile,320,106.66666666666666
3444590299,d,Guile,955,454.76190476190476
1895487989,d,Luke,1335,0
3455884619,d,Luke,372,297.6
1181105293,d,Edmond Honda,994,994.0
1556990990,d,Edmond Honda,770,536.6666666666667
3443191915,d,Edmond Honda,2459,0
2369559051,d,Edmond Honda,1535,760.5855855855856
3290959605,d,Jamie,1556,729.4134387351779
1939731451,d,Random,3596,1348.5
3528071194,d,Kimberly,740,447.44186046511624
3632461723,d,Kimberly,1837,0
3714171989,d,Kimberly,2186,818.7057324840764
2675290410,d,Guile,3841,2743.5714285714284
3921919211,d,Luke,615,492.0
2086653187,d,Luke,2235,1285.4901960784314
2543607878,d,Edmond Honda,789,419.2971428571429
2153785070,d,Jamie,3461,1571.6203473945409
4219127767,d,Jamie,1098,563.6010638297872
3934418421,d,Kimberly,840,477.01986754966885
2361962735,d,Ryu,2379,1586.0
4081610097,d,Ken,6576,2725.5975872468766
1407136150,d,Ken,2488,1109.5135135135135
4278933107,d,Jamie,876,536.1233766233767
1899305479,d,Kimberly,2896,1256.754716981132
1338904753,d,Manon,1328,649.1121076233184
3803982346,d,Zangief,1502,823.0136986301369
1621125458,d,Cammy,1747,0
2728757971,d,Ken,3123,1384.894222945484
1061717232,d,Ken,1001,658.8474059003051
2390160813,d,Ken,1235,842.4806201550388
2116130593,d,Ryu,965,675.5
3700273502,d,Ken,3287,0
4129978248,d,Blanka,935,514.927536231884
1643312893,d,Guile,848,462.797385620915
2117461689,d,Kimberly,1026,555.408
3005878808,d,Zangief,1751,902.542471042471
3544964867,d,Cammy,138,86.78350515463917
3582339102,d,Cammy,4056,1868.2181818181818
2598407301,d,Ryu,3703,1912.204918032787
1022701933,d,Ken,4659,1984.7757847533633
2603885906,d,Dee Jay,479,306.93203883495147
3365963130,d,Blanka,722,414.82181818181823
1100488326,d,Juri,1517,968.5747549019607
3215251912,d,Jamie,2021,981.7926136363636
4166647049,d,Zangief,1658,0
1667763444,d,Zangief,2588,1195.5014925373134
2542474391,d,JP,2015,0
2033076451,d,Ryu,3517,2373.541871921182
1100075030,d,Ken,639,270.1227272727273
1596130409,d,Ken,498,223.24137931034483
1128261680,d,Ken,1316,723.8000000000001
1688474748,d,Dee Jay,3762,1606.9221556886228
3405527322,d,Dee Jay,2911,1832.851851851852
4106383701,d,Dee Jay,480,0
2544429155,d,Lily,1020,573.1428571428571
4187870789,d,Rashid,1352,701.2448132780083
3808266206,d,Blanka,950,475.0
1141291776,d,Luke,189,63.0
1046825850,d,Chun-Li,891,579.9408284023668
2035661414,d,Luke,3860,2895.0
3163836705,d,Luke,4588,2984.2300884955753
2961103091,d,Luke,1964,906.9058823529413
2160214235,d,Edmond Honda,1959,1055.9665427509292
3878402766,d,Jamie,2762,1291.9032258064515
2390846240,d,Jamie,1336,623.6637168141593
2683303556,d,Jamie,1483,1145.9545454545455
1671286736,d,Guile,515,166.1290322580645
2687684818,d,Guile,1622,709.625
3207485212,d,Guile,2411,1753.4545454545455
1137397866,d,Guile,4227,2248.404255319149
1709812985,d,Guile,224,0
3862003665,d,Guile,3873,1936.5
1203122902,d,Guile,2363,1890.4
2860634146,d,Guile,656,369.0
1576821992,d,Guile,817,0
1537574020,d,Guile,213,153.30573248407643
3996078421,d,Guile,1950,1350.0
2253968976,d,Guile,1008,759.876923076923
2989262892,d,Guile,1295,0
2666181740,d,Guile,1071,918.0
3218163319,d,Guile,3024,0
3739465223,d,Guile,2112,0
2826535040,d,Guile,1712,0
3491257212,d,Zangief,1890,1134.0
1640133078,d,Ryu,754,475.81481481481484
2654821341,d,Lily,1234,0
2896878159,d,Marisa,2114,971.8388625592416
2345944966,d,Guile,491,0
3648469440,d,Jamie,3165,1449.261447562777
3143824201,d,Manon,1087,572.1052631578947
2150165743,d,JP,1380,681.7857142857143
1918926792,d,Ryu,424,0
4148237634,d,Ken,519,315.16831683168317
3053078749,d,Rashid,1765,978.3142857142857
3013128659,d,Zangief,1241,0
2218874521,d,Zangief,1303,855.8921568627451
2972900293,d,Ken,131,113.0
3594577274,d,Marisa,1302,762.9263157894737
2430236200,d,Luke,1195,615.1866151866152
3466224416,d,Edmond Honda,1200,625.1908396946565
2926087432,d,Jamie,1282,718.31906614786
3690638338,d,Guile,1131,576.2861035422343
1519220672,d,Ryu,527,320.20253164556965
3498304765,d,Ken,524,314.07453416149065
3941273569,d,Ken,1740,1172.0582120582121
3685639346,d,Ken,1281,968.1290322580644
4202656219,d,Dee Jay,2880,1431.5294117647059
4120681712,d,Luke,3401,2487.7685185185187
1042742047,d,Manon,2948,1332.6575342465753
1695261356,d,Ken,1419,742.3907284768212
1272224491,d,Dee Jay,1206,681.8235294117646
1937965491,d,Juri,1709,886.9061876247504
3364686737,d,Zangief,1664,917.2579505300354
1711556346,d,JP,3307,1484.701427003293
2177093817,d,Ken,1225,0
3211201764,d,Cammy,636,380.2657342657343
3286318079,d,Dee Jay,561,345.2307692307692
3390203060,d,Dee Jay,965,0
4083213178,d,Dee Jay,572,382.97701149425285
3726261451,d,Dee Jay,562,0
1693265854,d,Dee Jay,355,0
3423586487,d,Lily,6518,0
2850895896,d,Lily,393,196.5
2518435391,d,Lily,1903,0
2445186378,d,Lily,2326,1722.9629629629628
1961402403,d,Rashid,752,455.62352941176465
2204792781,d,Rashid,1665,1127.9032258064515
3978212938,d,Rashid,2716,0
3147842497,d,Blanka,1118,559.0
3282752268,d,Blanka,477,0
1001487338,d,Lily,682,409.2
2028266676,d,Lily,4069,0
1544858829,d,Lily,424,247.33333333333334
2584048881,d,Lily,1360,876.1538461538462
1664481400,d,Lily,596,0
1437447641,d,Lily,1514,908.4
3480673083,d,Lily,413,309.75
1429343584,d,Lily,130,0
2484928734,d,Lily,2073,0
2686908803,d,Lily,153,94.89873417721519
3876819828,d,Lily,454,353.11111111111114
2367634086,d,Lily,2613,0
2162244927,d,Lily,1344,806.4
3095266042,d,Ken,4351,2159.792418772563
4164744561,d,Rashid,2815,1508.4599156118143
1561914911,d,Juri,1740,870.0
4221099530,d,Guile,2576,1237.1869639794168
3838249594,d,Jamie,479,261.953125
1788853512,d,Jamie,2912,1364.5487603305785
2833552088,d,Jamie,810,477.0
2374551835,d,Ryu,3695,2987.446808510638
2829550576,d,Ken,2172,1418.4489795918366
3684481065,d,Ken,4149,2562.6176470588234
1791689625,d,Lily,3212,1496.8026533996683
1851945487,d,Luke,1034,470.0
2147336602,d,Chun-Li,2092,1250.8865979381444
4081435003,d,Dhalsim,2544,1198.7913669064749
3738788922,d,Ken,1304,795.9480519480519
4156747098,d,Ken,1693,948.7915936952714
3324578130,d,Juri,2256,878.2900763358779
1500451606,d,Dee Jay,811,663.5454545454546
3453428209,d,Dee Jay,1127,0
3916024252,d,Dee Jay,1774,0.0
1883651105,d,Dee Jay,269,0
3317835132,d,Dee Jay,2294,0
4069625535,d,Dee Jay,366,0
1612484512,d,Dee Jay,1221,0
2316560713,d,Dee Jay,1526,799.3333333333334
1121974801,d,Dee Jay,364,0
1555660448,d,Dee Jay,1549,0
2469324306,d,Dee Jay,121,62.02521008403361
2335168402,d,Dee Jay,2110,1102.9545454545455
3622895344,d,Dee Jay,1729,0
3395866015,d,Dee Jay,5302,0
1990490136,d,Dee Jay,551,0
2521709304,d,Dee Jay,116,0
2756128355,d,Chun-Li,1347,644.4470588235295
2856775994,d,JP,1012,599.7800407331976
4058068264,d,JP,501,343.98369565217394
3584100797,d,Dhalsim,1009,380.7547169811321
2506288648,d,Ken,2727,2092.813953488372
2081085206,d,Rashid,1566,909.2903225806452
2737985669,d,Blanka,1687,772.9142259414226
1949256802,d,Juri,690,324.70588235294116
4006008566,d,Juri,756,430.1379310344828
3393023644,d,Juri,1782,929.8928571428572
2859499178,d,Juri,156,102.10909090909091
2514728099,d,Marisa,323,264.4166666666667
1655819820,d,Luke,1153,0
2396984755,d,Luke,765,480.3488372093023
2473329054,d,Edmond Honda,2206,1018.1538461538462
4276859004,d,Kimberly,227,0
1566675943,d,Zangief,873,517.6582914572864
3935183878,d,Cammy,1316,0
2662819611,d,Ryu,928,719.2
3315174540,d,JP,2141,1293.9086956521737
2088028621,d,JP,744,344.44444444444446
3190685012,d,JP,1256,586.7445255474453
2565348390,d,JP,272,130.3801652892562
1977772362,d,JP,319,236.7315789473684
3746595173,d,Dhalsim,2139,1027.9660194174758
2348232775,d,Rashid,2947,1522.7322352941176
3558835580,d,Dhalsim,450,235.86206896551727
2578764325,d,Dhalsim,1110,540.1073345259392
1682517538,d,Dhalsim,632,0
1922922538,d,Dhalsim,531,290.35685210312073
3391622372,d,Dhalsim,758,456.0325203252033
1402619485,d,Dhalsim,3918,2208.0
4234829786,d,Cammy,2012,1536.9444444444443
3762147929,d,Cammy,2627,1178.4064436183396
1690435899,d,Cammy,179,0
2596827813,d,Cammy,1675,680.0520514390693
2683134452,d,Cammy,439,255.30496453900707
2101732326,d,Cammy,4483,1892.0697885196375
1903563398,d,Ryu,1778,887.1125265392782
2776245492,d,Ryu,1398,510.38095238095235
1331428340,d,Ryu,1694,968.4392014519055
2811838586,d,Ryu,700,420.76502732240436
1231098089,d,Ryu,2379,1189.5
3437906953,d,Ryu,1975,0
2708503853,d,Ryu,3589,2111.1764705882356
2643859485,d,Ryu,1783,891.5
1599460105,d,Ryu,647,261.80431177446104
3096583469,d,Ryu,296,148.41573033707866
2329223160,d,Ryu,5104,0
2189420050,d,Ryu,2400,2057.142857142857
1483306491,d,Ryu,4022,0
3013507948,d,Ryu,136,0
3215473947,d,Ryu,1706,0
2523011705,d,Ken,1741,878.1137026239068
2862828890,d,Ken,1091,962.6470588235294
4127374920,d,Ken,2337,1132.9776
1433663504,d,Ken,673,499.7125748502994
2845113481,d,Luke,2224,1059.7420765027323
2466510502,d,Edmond Honda,2720,2251.0344827586205
2650690821,d,Chun-Li,1190,589.6779964221824
1396193778,d,Cammy,1370,0
3087061240,d,JP,888,452.73703041144904
3388228017,d,Ken,2591,1171.7039030955584
3267865636,d,Dee Jay,2288,1240.4819277108434
1925126770,d,Rashid,3846,1631.6363636363637
2068502007,d,Jamie,2499,1167.3596287703017
3228239680,d,Manon,3891,864.6666666666666
3192579774,d,Manon,3292,1414.7438016528927
1798092635,d,Zangief,2301,1067.2122699386503
3775202958,d,Ryu,3880,1965.6864111498257
2089697934,d,Ken,2052,974.0506329113923
3475120593,d,Dee Jay,475,0
1685107455,d,Blanka,1487,724.3046471600688
1539480221,d,Juri,2116,1037.090909090909
1082978689,d,Blanka,998,501.48258706467664
3994355543,d,Juri,4655,2618.4375
1912349550,d,Marisa,2716,1358.0
2939302336,d,Marisa,1022,712.3030303030304
3725455572,d,Marisa,1875,853.0501710376283
2328946577,d,Edmond Honda,3998,1746.9005934718102
1810913263,d,Jamie,424,225.15862068965515
2898849289,d,Jamie,2603,1673.357142857143
3037641400,d,Random,3547,1884.977142857143
2621228409,d,Kimberly,1487,747.5628415300547
1859438643,d,Chun-Li,2157,1078.5
1308321222,d,Chun-Li,2889,1598.1702127659576
2935465837,d,Manon,813,413.1277173913043
3185799969,d,Zangief,3236,1462.849315068493
2708131301,d,JP,2437,951.4735516372796
2476025695,d,JP,855,433.3561643835617
3850115630,d,Cammy,1359,619.8466195761856
3197298920,d,Cammy,133,84.8936170212766
1862564951,d,Cammy,1301,0
4062745912,d,Cammy,1560,801.081081081081
3336365987,d,Cammy,3732,0
1080049694,d,Cammy,2777,0
4002425160,d,Cammy,1824,0
3712482927,d,Cammy,321,197.729381443299
2437134524,d,Cammy,1737,1042.2
2847961928,d,Cammy,2307,2076.3
3736729621,d,Ryu,1553,665.5714285714286
1823627854,d,Cammy,141,28.200000000000003
3967110966,d,Cammy,349,79.31818181818181
3028302471,d,JP,4154,2102.916221033868
1049493035,d,Ryu,1200,0
1806347307,d,Ryu,1219,757.2575757575758
2499255360,d,Ryu,441,192.24742268041237
1291930148,d,Ryu,2324,1106.0748663101604
2338771486,d,Ken,649,361.6898876404494
3739550344,d,Dee Jay,217,105.0
1621382937,d,Dee Jay,591,0
3416063199,d,Dee Jay,560,462.0
2056962204,d,Blanka,737,0
4038718168,d,Juri,5389,4490.833333333334
2022515776,d,Juri,988,569.147132169576
1860936270,d,Marisa,1599,728.5766129032257
2873498989,d,Marisa,1389,1041.75
2979590369,d,Marisa,1442,671.899641577061
2898305932,d,Marisa,455,0
1798001410,d,Marisa,709,428.0754716981132
2144255257,d,Marisa,636,321.21212121212125
1160004022,d,Chun-Li,3529,1619.731272294887
3676935113,d,Chun-Li,1014,527.6938775510205
1846685607,d,Ryu,3851,1725.3416413373861
2077958838,d,Rashid,2828,1424.3970588235293
2631417656,d,Luke,4532,2294.82951653944
1723539273,d,Chun-Li,1951,912.6610429447853
1039907456,d,Manon,701,494.66792452830185
3838485474,d,Edmond Honda,666,0
3040876296,d,Edmond Honda,265,0
1019337751,d,Edmond Honda,388,0
4152175810,d,Edmond Honda,1597,1117.8999999999999
1685029794,d,Edmond Honda,686,480.2
1394091127,d,Edmond Honda,3685,2211.0
2542698520,d,Edmond Honda,1051,0
3345266168,d,Edmond Honda,900,540.0
3878283203,d,Edmond Honda,284,170.4
1153413752,d,Edmond Honda,342,228.0
1391309106,d,Edmond Honda,114,91.2
3487466599,d,Edmond Honda,344,0
2378712313,d,Edmond Honda,2383,0
1953656931,d,Edmond Honda,1737,651.375
2611993576,d,Edmond Honda,1050,0
3247744140,d,Ken,5924,0
4263141006,d,Ken,1458,723.5597014925373
3083647174,d,Ken,893,0
2951646172,d,Ken,447,207.4313725490196
2173324237,d,Dee Jay,2979,1391.6110124333925
3147902508,d,Juri,1240,402.7350427350427
1350459879,d,Marisa,1594,0
2915766829,d,Marisa,1513,849.3468516542156
4255843305,d,Marisa,3781,1578.0533472803347
3614244377,d,Guile,1878,939.0
2877378370,d,Luke,1194,605.6941747572815
3123877342,d,Luke,1411,1411.0
3011834677,d,Edmond Honda,2877,0
4161837534,d,Jamie,1827,1048.2096774193549
1440953274,d,Jamie,310,238.73563218390802
3958772683,d,Kimberly,2489,1156.2656084656085
3258476847,d,Chun-Li,3664,1893.0666666666668
3375574711,d,Manon,1220,720.1935483870968
1735162563,d,Manon,620,0
1795309995,d,Manon,1480,0
1892052049,d,Manon,1265,907.6785714285714
3419123187,d,Manon,953,550.1056910569106
2857165509,d,Manon,1250,686.1888111888112
3080948885,d,Manon,177,120.87804878048782
1816427795,d,Manon,5786,4005.6923076923076
3675897701,d,Zangief,810,605.3482880755608
3015581490,d,Guile,3841,0
2239267136,d,Luke,1579,710.3470437017995
1123821925,d,Chun-Li,1589,872.039603960396
3163417271,d,Chun-Li,2128,999.3254901960785
2779128550,d,Manon,507,370.1676136363636
3379930766,d,JP,356,287.12354312354313
1431150580,d,JP,1494,708.3620689655172
4005918186,d,JP,1557,760.8735849056604
4037336061,d,Cammy,1167,657.3847402597403
3402475478,d,Cammy,1207,550.7349726775957
2088915612,d,Ken,1703,1099.8541666666667
2895618606,d,Marisa,2456,1704.1632653061224
3925926409,d,Edmond Honda,2160,1300.0
4214360343,d,Chun-Li,1279,594.3588235294118
3997369347,d,Zangief,2242,1311.57
4236643774,d,Zangief,1208,602.3222222222222
1683831792,d,Zangief,270,165.7185628742515
1303838070,d,JP,3174,1683.335463258786
2162566530,d,JP,1183,338.0
2434592063,d,Manon,801,0
2662869502,d,Zangief,499,356.9006622516556
1462705049,d,Zangief,639,407.22398843930637
2333881755,d,JP,2921,1718.235294117647
1318060581,d,JP,209,171.0
3422834298,d,Cammy,673,422.5813953488372
3098586028,d,Cammy,2018,936.8086522462562
4044660917,d,Ryu,3463,1633.7540322580646
1963091232,d,Ken,1386,762.3000000000001
3070810881,d,Ken,2360,0
4246273835,d,Dee Jay,698,388.55333333333334
1571534911,d,Lily,3174,1910.6644736842106
1300753381,d,Rashid,1447,709.5865384615385
2043419090,d,Juri,1154,682.1422222222222
1879179593,d,Marisa,1689,739.3614457831326
3819333698,d,Juri,914,600.156626506024
1119441310,d,Juri,453,0
1068055742,d,Juri,750,346.1538461538462
3896362431,d,Marisa,600,0
2028866295,d,Marisa,4378,1982.4905660377358
4028053438,d,Marisa,1155,0
1794040237,d,Manon,1266,743.7116154873165
2318212009,d,Edmond Honda,299,194.7734204793028
1046119270,d,Edmond Honda,2711,1691.5743801652893
1566135344,d,Jamie,1482,0
3085502969,d,Jamie,697,369.13874788494076
1201457628,d,Kimberly,2265,0
1678081762,d,Chun-Li,179,123.92307692307692
3237769690,d,Manon,4215,1873.3333333333333
2525304276,d,Manon,2487,0
4026033917,d,Zangief,2964,1313.1645569620252
2022728625,d,JP,2703,1534.4541484716158
1931968278,d,Ryu,2236,870.5038167938931
2879080301,d,Ken,1367,0
2970105227,d,Dee Jay,1231,617.8642765685019
1368693877,d,Dee Jay,1707,784.3906882591093
1274621063,d,Rashid,1278,759.391304347826
3099610855,d,Guile,1914,1914.0
2650014397,d,Guile,1776,949.6163265306122
2760719743,d,Jamie,954,464.64248704663214
1402284030,d,Chun-Li,1990,1009.5787545787546
1815911810,d,Luke,1912,990.2788844621514
2339355353,d,Luke,2903,1548.2666666666667
3979931464,d,Luke,1161,603.17578125
3363843739,d,Edmond Honda,353,0
1798991479,d,Edmond Honda,2962,1855.5057471264367
2828192693,d,Chun-Li,998,526.064406779661
1701017367,d,Dhalsim,1836,918.0
4155884141,d,Cammy,4067,1829.061273051755
3221312259,d,Cammy,3990,2011.4332784184517
2551974737,d,Ryu,1412,677.76
1810742535,d,Ryu,2613,1384.807570977918
1932883314,d,Ken,2105,904.4921875
1177785972,d,Ken,509,281.819209039548
2375926271,d,Blanka,2802,1215.3723849372386
3348572440,d,Juri,3015,1358.634375
1980161516,d,Marisa,2624,0
3077092122,d,Luke,4935,3445.188679245283
3369513497,d,Luke,3752,1693.9409282700421
1703452645,d,Edmond Honda,3471,2114.5172413793102
3640062166,d,Guile,1506,0
2337616046,d,Guile,6619,0.0
2832219489,d,Blanka,3016,1790.75
1790155267,d,Guile,165,0
1925041946,d,Guile,2072,1332.0
3967929713,d,Guile,273,141.55555555555554
2560052542,d,Guile,131,50.993288590604024
1552326281,d,Guile,4588,0
1160825486,d,Guile,2119,1483.3
4026807267,d,Guile,462,0
4175933370,d,Rashid,2219,999.8252873563218
2464384461,d,Guile,119,17.2741935483871
1929826045,d,Guile,1062,499.7647058823529
3168691856,d,Guile,1012,0
2085165951,d,Guile,921,281.4166666666667
3440289012,d,Guile,227,0
1863034431,d,Ken,2744,1367.6945606694562
3351010391,d,Ken,4269,2395.0753246753247
3630738379,d,Ken,1860,993.5403726708074
3690211943,d,Ken,2005,0
1716638971,d,Dee Jay,903,574.6363636363636
3246598641,d,Dee Jay,1415,1088.4615384615386
1437489217,d,Dee Jay,446,312.2
2248422381,d,Dee Jay,1409,0
1369890983,d,Lily,954,613.2857142857143
2866734498,d,Lily,532,253.33333333333331
2967442663,d,Rashid,654,321.9380804953561
2495731513,d,Rashid,1116,944.3076923076923
2977854085,d,Rashid,704,583.9796437659033
1103484701,d,Rashid,535,416.11111111111114
2278659560,d,Blanka,454,288.53614457831327
3256876468,d,Juri,1825,1825.0
3991835750,d,Lily,1078,0
2922810891,d,Lily,1196,515.2759807295251
3940206620,d,Lily,1775,874.3193069306931
4180710294,d,Lily,183,0
3133031042,d,Rashid,1582,721.4615384615385
2791189809,d,Rashid,1063,643.0493827160494
3686646021,d,Rashid,3764,2552.597701149425
1768817291,d,Rashid,1377,541.7704918032787
1159090315,d,Blanka,1228,582.5552560646901
2930217269,d,Blanka,706,408.49344978165936
4194323232,d,Blanka,199,107.28695652173913
3007176323,d,Juri,6583,2972.967741935484
3681079674,d,Juri,672,323.6923076923077
3629096998,d,Juri,159,72.58695652173913
3295486933,d,Juri,2181,1044.7615894039736
1604960916,d,Marisa,432,0
1237424865,d,Marisa,1970,1149.1666666666667
4076842512,d,Marisa,948,799.6173913043478
4059158000,d,Luke,2365,1200.935412026726
3902538600,d,Edmond Honda,1132,528.2666666666667
1285319725,d,Edmond Honda,1652,1015.3350125944585
2480040762,d,Zangief,4833,2158.6126482213435
2892179563,d,Dhalsim,356,271.8176638176638
3798684311,d,Ken,1492,875.7391304347827
4226962024,d,Dee Jay,440,302.22222222222223
3560456596,d,Chun-Li,684,365.816155988858
1201426418,d,Manon,2719,479.82352941176475
3575077333,d,Manon,1835,847.7183098591549
1236988779,d,Ken,1532,0
4171018915,d,Ken,1083,543.6602393617021
1400774936,d,Dee Jay,1824,974.4182509505703
1706155756,d,Lily,3188,1419.4958601655935
3345708398,d,Lily,640,377.639751552795
1423965298,d,Guile,239,0
2884565176,d,Luke,2676,1128.3266932270917
2198626553,d,Manon,128,0
3336032566,d,Manon,250,138.54853911404336
2349152378,d,Manon,2098,2098.0
2686672326,d,Chun-Li,142,109.93548387096774
3345411691,d,Jamie,1986,1009.4950166112957
1922054347,d,Edmond Honda,597,597.0
1879177994,d,Edmond Honda,2268,1134.0
4215730020,d,Luke,2433,715.5882352941177
1469958279,d,Luke,1444,718.6625577812018
3393013001,d,Zangief,2012,0
2165233048,d,Zangief,526,306.1003344481605
2426585707,d,Zangief,807,442.54838709677415
1493068238,d,Zangief,673,386.43225806451613
2514285467,d,Zangief,2137,0
2917045625,d,Zangief,1708,881.5483870967741
1825091674,d,Zangief,4780,0
3295478952,d,Manon,1802,1001.1111111111112
1042493098,d,Manon,2802,1690.8620689655172
3596081529,d,Manon,930,475.81395348837214
1165838148,d,Kimberly,1825,970.1867816091955
3010315371,d,Marisa,291,206.125
1180986833,d,Luke,1984,1024.9820971867007
2019163444,d,Manon,1753,844.037037037037
1014229935,d,Edmond Honda,1562,862.1428571428572
1919963812,d,Blanka,2225,1253.5211267605634
1731131179,d,Dee Jay,1043,518.0133715377268
2270865741,d,Dee Jay,1036,613.0380165289256
3551411063,d,Cammy,3609,1637.0721649484535
2856206468,d,JP,817,548.1052188552188
1559732536,d,Luke,910,513.010752688172
1343527830,d,Luke,1895,1045.5172413793102
2781011037,d,Rashid,2492,975.1304347826087
2445918459,d,Zangief,867,489.53061224489795
2788790978,d,Chun-Li,1230,615.0
2441056627,d,Luke,196,0
2030585468,d,Ryu,128,0
2783327106,d,Manon,1216,0
1594127357,d,Cammy,837,521.1509433962264
3247494846,d,Jamie,1158,0
2765914513,d,Edmond Honda,2279,1116.0856164383563
2738613413,d,Zangief,139,64.29931972789116
2365314025,d,Luke,1944,889.8904109589041
1629836720,d,Zangief,751,443.7727272727273
1562067161,d,Chun-Li,1910,1232.258064516129
2249366481,d,Dee Jay,3135,1452.7213114754097
4143065464,d,Cammy,1179,0
1177294417,d,Cammy,1418,1000.814024390244
1948616898,d,Juri,1557,792.8786279683377
2826413962,d,Chun-Li,979,493.99082568807336
1252325241,d,Dhalsim,136,0
3466485908,d,JP,982,451.6933514246947
2854999973,d,Jamie,1623,813.3655172413793
1836708135,d,Guile,1555,718.3423913043479
3248821165,d,Ken,537,250.1931818181818
2374281238,d,JP,670,360.558583106267
3123050562,d,Jamie,1842,924.4930467762326
1758614520,d,Luke,400,273.6842105263158
3483399319,d,Rashid,3163,1728.6162790697674
4014195451,d,Marisa,3001,1299.180679785331
1007232288,d,Juri,572,424.38709677419354
1908799530,d,Marisa,469,393.35483870967744
1732200983,d,Juri,296,0
2203736117,d,Blanka,878,495.28205128205127
2959395031,d,Juri,1295,560.0
3495524251,d,Juri,601,286.19047619047615
2864850955,d,Marisa,4828,2795.157894736842
3292843400,d,Marisa,1799,910.0823529411764
4268269754,d,Marisa,657,0
3865884405,d,Marisa,1112,572.4497041420118
3892654344,d,Marisa,502,371.3424657534246
2624939756,d,Guile,1537,0
1943674230,d,Luke,920,488.75
2824326539,d,Luke,1550,851.7571884984026
2490008736,d,Luke,3728,0
1604474184,d,Edmond Honda,626,531.1515151515151
2066311601,d,Edmond Honda,1177,552.6782608695652
3638653535,d,Jamie,1155,562.8333333333334
3758128381,d,Jamie,592,288.4102564102564
3892530239,d,Marisa,2865,1313.9838129496402
3313232624,d,Marisa,146,0
3321790488,d,Marisa,2288,1111.3142857142857
1276226060,d,Jamie,443,237.27968337730871
2273931407,d,Kimberly,1430,880.0
3129178204,d,Kimberly,1153,625.3112128146454
1331869082,d,JP,1423,952.343669250646
4165008915,d,Cammy,1168,680.6330935251799
3705101954,d,Ryu,869,430.6089552238806
2795407062,d,Ryu,371,245.6953642384106
2981122859,d,Ken,2006,955.1077762619373
3394330760,d,Ken,1937,870.6958128078817
2204509777,d,Lily,1259,689.0823045267489
2415068698,d,Rashid,3195,0
2561754315,d,Blanka,1550,768.8976377952756
1314429126,d,Blanka,1670,876.8496420047733
2936861376,d,Blanka,2289,1213.4457831325303
3082682578,d,Juri,3029,1423.2403520649966
3359090994,d,Marisa,262,149.7142857142857
2555336274,d,Marisa,1165,0
3450119572,d,Marisa,1335,0
2237560593,d,Marisa,662,528.0238095238095
3943866035,d,Marisa,779,779.0
1193934369,d,Marisa,238,153.0
3382503942,d,Marisa,185,108.82352941176471
1824877069,d,Guile,1249,618.7175925925926
3841748924,d,Guile,962,515.8550724637681
3008076650,d,Guile,2271,0
4095550409,d,Guile,2993,1496.5
3413874771,d,Guile,2283,2283.0
1275014705,d,Guile,157,0
4281038966,d,Guile,1673,824.9103504482478
3402900684,d,Juri,2248,1163.6705882352942
2770338215,d,Juri,1766,0
1385811791,d,Juri,1129,940.8333333333334
1738416002,d,Juri,1609,0
2827674717,d,Juri,1252,637.257232212666
4212896787,d,Juri,1451,992.5552147239265
1517629020,d,Juri,1962,0
3733739987,d,Juri,1075,716.6666666666666
2246132541,d,Juri,2989,2167.6981981981985
3313047775,d,Juri,612,326.0655737704918
3059562737,d,Juri,577,0
3249324720,d,Marisa,361,243.46511627906975
3114500098,d,Marisa,1447,540.4665871121719
3068988034,d,Marisa,2183,0
1362788512,d,Marisa,871,504.1447028423772
4265406987,d,Marisa,788,0
1814253192,d,Luke,928,507.4797202797203
2263068712,d,Marisa,1103,0
1482205217,d,Luke,392,215.9457259158752
3197413807,d,Luke,1175,865.2578796561604
1526954741,d,Marisa,713,409.13758389261744
4013964832,d,Marisa,348,214.3717774762551
4029657578,d,Marisa,6237,4402.588235294118
3548129187,d,Guile,2344,625.0666666666666
3363115344,d,Luke,1542,751.757071547421
2059658900,d,Jamie,1900,1042.5992779783394
3764877005,d,Jamie,1691,768.6363636363636
4264226936,d,Jamie,1278,744.6110183639399
3546963994,d,Kimberly,491,279.9012738853503
1108727436,d,Chun-Li,247,217.36
2612824541,d,Zangief,539,306.17751479289944
2006397148,d,Zangief,4407,2003.181818181818
1672378996,d,JP,915,631.2341772151899
3839521683,d,JP,493,229.8963730569948
3969084384,d,Cammy,4018,1805.4110898661568
2019294989,d,Ryu,2449,1129.2611111111112
3280024462,d,Ryu,2129,993.5333333333333
1367913893,d,Dee Jay,471,304.764705882353
3006817014,d,Dee Jay,404,259.7142857142857
2843504158,d,Lily,3372,2413.642105263158
3326792558,d,Marisa,1425,755.8345120226309
4181855317,d,Juri,1584,955.4862385321101
2346342917,d,Juri,776,414.2556390977444
4264574760,d,Juri,2359,1119.3481152993347
1587651816,d,Juri,1273,667.9619771863119
1150582405,d,Marisa,2516,1215.0648464163824
3636828098,d,Marisa,1831,1033.726821192053
3589063836,d,Guile,947,504.85761589403967
3811435857,d,Guile,1701,967.7533980582524
2095356860,d,Guile,2712,1274.6002928257685
2363127689,d,Luke,3387,1536.1803278688524
1213138051,d,Jamie,2065,858.1818181818182
2167287670,d,Zangief,1389,715.0348749052312
3873011331,d,Zangief,2430,1708.3636363636363
1093130703,d,JP,239,133.3855633802817
1560086914,d,Dhalsim,356,191.30841121495328
2900031497,d,Cammy,874,443.7230769230769
3803008691,d,Jamie,2964,592.8000000000001
4216115400,d,Jamie,347,228.1456692913386
3968317746,d,Chun-Li,3549,1584.8587786259543
3676197191,d,Manon,2185,1164.4200626959248
3739550963,d,Zangief,530,329.11290322580646
2076407774,d,Zangief,113,66.60264900662251
2030664682,d,Dhalsim,1726,999.6572668112799
3578624229,d,Cammy,2544,1565.5384615384617
3718748755,d,Cammy,1309,696.797619047619
2737304914,d,Ryu,2467,1254.4067796610168
3340904404,d,Ryu,1332,718.7665952890792
3790819956,d,Ken,1074,0
2069951721,d,Ken,2624,1266.3084577114428
3087593871,d,Lily,1595,908.7790697674419
2743132165,d,Rashid,2288,1377.2427184466019
2289407624,d,Rashid,1833,611.0
2583893419,d,Marisa,1489,659.0655737704918
2716571404,d,Kimberly,3967,1801.6791666666666
1735599774,d,Chun-Li,1880,797.7631578947369
2286333894,d,Ken,2327,1463.758064516129
3371570499,d,JP,942,531.8595505617977
1254108492,d,Ken,2202,1024.4368266405486
2375504326,d,Ken,406,278.90434782608696
3157128274,d,Dee Jay,1419,644.5210396039604
1601995851,d,Marisa,2695,1644.8356807511739
3110867726,d,Luke,2993,1367.400528169014
2496330501,d,Zangief,850,497.82863849765255
3829663350,d,JP,911,585.6428571428572
1316723694,d,Cammy,858,397.62200117027504
1885557918,d,Ken,287,223.5745856353591
1261343255,d,Ken,2261,1173.3132036847492
1971048297,d,Marisa,1640,865.5555555555555
3217742225,d,Guile,4424,1983.958762886598
3417984970,d,Luke,1146,245.57142857142856
1318660366,d,Luke,2424,1190.8194174757282
2190545721,d,Luke,1312,739.7446808510638
4189958482,d,Dhalsim,771,434.1216216216216
2638084395,d,Cammy,897,451.35668789808915
2340872598,d,Cammy,2974,0.0
1258120672,d,Cammy,709,0
2531678958,d,Cammy,1062,570.1520737327188
1577776623,d,Cammy,1135,567.5
4101618056,d,Cammy,1106,499.4838709677419
1720745217,d,Ryu,166,76.61538461538461
1661666103,d,Ryu,2111,0.0
1085136025,d,Ryu,3976,2840.0
2614950181,d,Ryu,169,123.93333333333332
3165308148,d,Ryu,3447,0
2727491894,d,Ryu,1759,0
4207674314,d,Ken,146,122.38235294117648
1885713128,d,Ken,2965,1629.8830409356724
3130945920,d,Ken,537,273.5916561314791
2357850217,d,Ken,1470,692.0802919708029
2533258454,d,Ken,1515,871.5813253012049
1891927535,d,Ken,365,249.33098591549296
2055743112,d,Ken,1696,1305.182608695652
1215985651,d,Dee Jay,1184,639.741935483871
1551615213,d,Dee Jay,1026,0
2026485879,d,Lily,2016,0
2865159998,d,Rashid,3399,1818.9243243243243
2693578993,d,Juri,1898,0
1709616093,d,Juri,2186,926.4258872651357
4043312302,d,Marisa,2166,1031.4285714285713
4002159445,d,Jamie,1565,871.3553113553114
2772076759,d,Zangief,3421,1645.047193877551
1161683923,d,JP,3748,1844.0638977635783
3097701672,d,Cammy,976,403.8620689655172
1119118878,d,Cammy,1815,972.0502092050208
2532498990,d,Ryu,1142,613.37890625
2498514740,d,Ryu,1021,729.2857142857143
1978049073,d,Ryu,920,469.51724137931035
1906594349,d,Ken,1243,0
3700371017,d,Guile,2206,1118.5609958506222
2111510520,d,Luke,3813,2203.2665094339623
1355961770,d,Luke,2595,1194.5238095238094
3291240358,d,Luke,618,420.73316708229424
2700982989,d,Chun-Li,1846,936.2770378263186
3664565646,d,Manon,1525,868.3274021352314
2943614621,d,Manon,1016,550.4069565217392
2628654347,d,Manon,1790,1144.3628509719222
2063162543,d,Cammy,3768,0
3173840467,d,Cammy,941,509.1712328767124
3985746055,d,Cammy,1523,765.9662756598241
2141385591,d,Ryu,2036,0
1223874964,d,Ken,961,503.3809523809524
2999520863,d,Ken,2802,1496.8948247078463
2657946051,d,Blanka,3021,1488.9556259904912
2617808796,d,Juri,430,245.47019867549668
2631822672,d,Marisa,2939,1342.0731901352426
1235612184,d,Guile,1225,581.8082788671024
4180090526,d,Zangief,988,534.0217654171704
3187841504,d,Cammy,3370,1634.049676025918
1321334017,d,Ryu,1238,641.3734939759037
2235736088,d,Ryu,814,426.8536585365854
2648626835,d,Ryu,3182,2186.40490797546
1424295634,d,Ken,2619,1251.3561776061777
1226919653,d,Ken,205,143.45799180327867
3662360475,d,Ken,2314,1125.7297297297298
1230859604,d,Rashid,1965,1205.0552486187846
3021657648,d,Rashid,1462,0
4148167335,d,Juri,1814,872.9240607513989
3615592951,d,Dee Jay,1787,852.6441351888668
3661654371,d,Lily,1106,688.3666300768386
1682270545,d,Luke,1243,584.1985226223453
2539778023,d,Luke,2639,1336.3626198083066
2203841916,d,Kimberly,1501,828.7730061349694
1966091632,d,Dhalsim,300,152.02702702702703
3197749073,d,Ryu,3864,1735.96715542522
2489130413,d,Dee Jay,1201,667.2222222222223
3700742502,d,Cammy,1769,794.3325242718447
3426878222,d,Ryu,1449,678.3407202216067
3168614464,d,Ken,1084,597.9483870967742
3463911981,d,Marisa,2392,1120.0902679830747
3622672396,d,Luke,2977,2297.467391304348
1500311083,d,Luke,498,249.0
1849289911,d,Edmond Honda,317,194.44237918215612
3275881997,d,Edmond Honda,327,169.55555555555554
2949062444,d,Jamie,1354,674.4548872180451
4209309976,d,Jamie,1658,790.1554285714286
3619390257,d,Dhalsim,925,528.5714285714286
3816894692,d,Cammy,2470,1267.4224343675417
1319836432,d,Ryu,824,471.87338129496396
1689267040,d,Dee Jay,1786,808.3189655172414
1712095861,d,Lily,1361,667.156862745098
1855743404,d,Rashid,712,178.0
3722088796,d,Rashid,517,517.0
2390933510,d,Dhalsim,454,0
4289518775,d,Dhalsim,575,353.84615384615387
3561367565,d,Dhalsim,841,0.0
3414048876,d,Dhalsim,157,0
3993996635,d,Dhalsim,1590,0
2161984444,d,Dhalsim,1518,1012.0
3337010863,d,Dhalsim,789,284.9166666666667
3703191016,d,Marisa,636,458.5116279069767
1660094456,d,Dhalsim,2060,0
3990297184,d,Dhalsim,4328,3147.6363636363635
1943993943,d,Dhalsim,3155,1774.6875
2978382894,d,Dhalsim,174,116.0
2796369481,d,Chun-Li,2806,2806.0
1198537412,d,Manon,755,0
3967999584,d,Zangief,6098,3013.129411764706
3582347218,d,Zangief,3184,1526.01912858661
2902493580,d,Dhalsim,431,0
1994686308,d,Cammy,1299,671.4311688311687
2726280606,d,Ryu,1202,709.0331588132635
1627730228,d,Ryu,1266,584.5561224489795
3143985491,d,Ken,1643,884.6923076923076
2429618197,d,Ken,1435,725.6303116147309
3103241429,d,Dee Jay,1950,896.6701902748414
1774408625,d,Dee Jay,2342,1540.7894736842106
4041919193,d,Rashid,7895,3846.2820512820513
4256764194,d,Rashid,3005,0
2580201682,d,Juri,1807,856.8637302133517
3148744805,d,Guile,932,500.6468401486989
3366928424,d,Luke,1413,0
1472922716,d,Edmond Honda,291,180.7369640787949
2878258782,d,Juri,1400,666.0194174757281
