2480288185,b,Cammy,140,0
2135492744,b,Marisa,212,118.64220183486238
1061134813,b,Cammy,1823,0
1799783496,b,Jamie,556,0
1875836153,b,Zangief,162,0
2649269172,b,Marisa,113,0
2210251181,b,Edmond Honda,245,0
2759292057,b,Ken,1043,378.34313725490193
1031272133,b,Jamie,169,72.42857142857143
1713952621,b,Kimberly,115,74.75
2510132890,b,Juri,174,87.0
4254048243,b,Luke,238,0.0
2634620934,b,Cammy,281,143.3673469387755
3632907166,b,Juri,509,0
3209416547,b,Marisa,330,0
1921557132,b,Dee Jay,223,0
1491661036,b,Luke,193,0
4118567551,b,Ken,316,140.9189189189189
3820581303,b,Kimberly,1016,461.8181818181818
2861192861,b,Jamie,316,129.98581560283688
1533923786,b,Guile,1756,0
2894628349,b,Zangief,837,380.45454545454544
2016840804,b,Dee Jay,391,0
2478207944,b,Ken,414,99.66666666666666
3422853898,b,Ryu,160,0
2501694991,b,Blanka,2198,0
1673562274,b,Juri,128,0
2595846334,b,Juri,1331,1331.0
2018476593,b,Juri,335,47.857142857142854
1239592913,b,Juri,109,60.55555555555556
3896719818,b,Juri,105,0
4266095175,b,Juri,177,0
1077829654,b,Juri,322,124.12290502793296
1523023570,b,Juri,297,0
2828429385,b,Marisa,142,94.66666666666666
1605836204,b,Marisa,1011,449.3333333333333
1424833546,b,Ken,185,0
4253574355,b,Ken,258,0
1627876116,b,Ken,1100,0
2306845128,b,Ken,254,36.285714285714285
1624900087,b,Ken,904,0
1428798927,b,Ken,490,0
3625953919,b,Ken,432,0
3226080372,b,Ken,101,0
1362197543,b,Ken,3914,0
3968589981,b,Ken,139,139.0
3522170894,b,Ken,108,63.642857142857146
3877138473,b,Ken,197,75.76923076923077
3679017995,b,Ken,213,99.4
3105305499,b,Ken,661,0
1258088218,b,Ken,258,0
1943102982,b,Ryu,1095,0
3252204572,b,Ryu,698,0
3281691659,b,Ryu,171,0
1601873796,b,Ken,2367,0
3690833963,b,Ken,908,548.7912087912088
1307116487,b,Ken,138,0
2862514902,b,Ken,293,118.25903614457832
2862037640,b,Dee Jay,288,0
2135451267,b,Dee Jay,2404,1008.1290322580645
2618035617,b,Lily,1523,951.875
2111811211,b,Rashid,155,75.91836734693878
2927458556,b,Blanka,895,0.0
3993227647,b,Juri,180,0
2942799445,b,Juri,241,93.44897959183673
2762870334,b,Dee Jay,331,82.75
2173837275,b,Dee Jay,178,71.2
3976735865,b,Dee Jay,825,403.5326086956522
3585897913,b,Lily,277,0
1183554552,b,Lily,1598,799.0
1953848512,b,Lily,1377,0
3879094541,b,Rashid,1552,0.0
4015137698,b,Rashid,106,39.05263157894736
1319108714,b,Blanka,848,218.83870967741936
2783663153,b,Juri,209,0
2891999040,b,Juri,108,0
1397047988,b,Juri,228,0.0
1326197301,b,Dee Jay,271,0
2338476544,b,Dee Jay,236,0
2708062281,b,Dee Jay,256,0
2215104778,b,Dee Jay,459,208.63636363636363
2843522707,b,Lily,1324,0
3366897494,b,Lily,1755,0
3845486406,b,Rashid,104,52.0
3806759719,b,Rashid,1230,728.8888888888888
4080711247,b,Blanka,717,358.5
1061986805,b,Blanka,951,135.85714285714286
1109371371,b,Juri,139,0
1271243571,b,Juri,272,0
3451020140,b,Juri,305,0
1941463011,b,Marisa,107,0
1412272515,b,Zangief,471,0
3623126909,b,Zangief,202,161.60000000000002
2661587253,b,Zangief,262,0
2342236940,b,Zangief,246,0
2984218182,b,Zangief,100,0
1886606245,b,Zangief,234,234.0
3208606566,b,Zangief,1205,0
1488980445,b,Zangief,1359,0
3372664275,b,Zangief,738,0
2608240889,b,Zangief,3406,0
3296512026,b,Zangief,192,0
2243369490,b,Zangief,899,449.5
3857495675,b,Zangief,713,0
1185566623,b,Zangief,337,0
1871340525,b,Zangief,702,702.0
3075640271,b,Guile,216,108.0
2687547469,b,Guile,421,0
3922581823,b,Guile,943,0
1491643070,b,Guile,1493,746.5
3886650707,b,Guile,1032,0
3428554286,b,Guile,1032,0
3391909775,b,Guile,956,0
1305162187,b,Guile,200,120.0
1745599626,b,Guile,162,0
2210724479,b,Guile,121,0
4285706056,b,Guile,935,0
1371690605,b,Guile,332,241.45454545454547
4045790840,b,Guile,155,0
3354918102,b,Guile,886,295.3333333333333
3157148758,b,Guile,981,0
3410537558,b,Guile,519,129.75
3897723513,b,Jamie,1623,0
3144145458,b,Jamie,227,0
1050009446,b,Jamie,122,0
2552347319,b,Jamie,472,251.73333333333332
2910057626,b,Kimberly,120,0
2702644142,b,Kimberly,183,0
3180434903,b,Kimberly,252,110.88
2081825290,b,Kimberly,106,53.0
3035958627,b,Kimberly,170,0
1415450575,b,Chun-Li,212,72.3177570093458
3605287820,b,Chun-Li,2097,815.5
1959683628,b,Chun-Li,133,0
3041488793,b,Chun-Li,325,0
3122690505,b,Chun-Li,3625,0
3643560989,b,Chun-Li,794,0
2446025977,b,Chun-Li,360,69.88235294117648
1180741793,b,Kimberly,1438,522.9090909090909
2634688393,b,Kimberly,1609,0
2419166848,b,Kimberly,441,0
3768418347,b,Kimberly,4006,0
4080888036,b,Chun-Li,692,0
1711213719,b,Chun-Li,611,0
3783990268,b,Chun-Li,462,0
1837853315,b,Chun-Li,906,388.2857142857143
2156004066,b,Chun-Li,138,49.94285714285714
1373676934,b,Chun-Li,2873,0
3358175725,b,Chun-Li,446,0
2150697645,b,Chun-Li,1665,756.8181818181818
1887516464,b,Manon,322,0
3821958090,b,Manon,341,113.66666666666666
3953412374,b,Manon,430,0
3057659779,b,Manon,592,0
4090150534,b,Manon,635,288.6363636363636
1867737596,b,Ken,250,0
1875328371,b,Ken,202,0
1860312942,b,Dee Jay,212,0.0
3859509403,b,Lily,562,0
1728284501,b,Lily,325,162.5
4074179301,b,Blanka,3373,1349.2
2364970836,b,Juri,311,0
2094618983,b,Juri,164,0
1665138978,b,Juri,320,0
3427737298,b,Juri,1114,1052.111111111111
1943429807,b,Juri,424,0
3305070975,b,Juri,177,177.0
3799692194,b,Juri,154,105.875
3506808988,b,Edmond Honda,160,0
3758104714,b,Jamie,188,0
1218933751,b,Jamie,306,137.23119777158774
1623983129,b,Jamie,966,0
3585278029,b,Jamie,366,66.54545454545455
1204239857,b,Jamie,519,41.52
1917216190,b,Jamie,342,155.2153846153846
3253836051,b,Jamie,3449,0
1688223041,b,Jamie,120,52.0
2231383593,b,Jamie,134,10.307692307692308
2104357796,b,Kimberly,867,867.0
2928098740,b,Chun-Li,102,49.35483870967742
2097183068,b,Chun-Li,730,0
4025132382,b,Chun-Li,686,0
1682062541,b,Chun-Li,1487,637.2857142857142
3354095357,b,Luke,998,532.2666666666667
3230518526,b,Luke,245,112.86516853932585
1651488939,b,Luke,120,0
3820978210,b,Edmond Honda,272,0
2050664704,b,Edmond Honda,309,0
1649693295,b,Edmond Honda,106,0
2645181213,b,Edmond Honda,399,0
3306834377,b,Edmond Honda,1015,0
2997461091,b,Dee Jay,345,0
1793238132,b,Lily,1786,0
1922932850,b,Lily,282,162.69230769230768
2019011721,b,Juri,457,0
4141436329,b,Juri,1261,0
1231586401,b,Marisa,148,0
4241727086,b,Marisa,168,98.0
2101883361,b,Marisa,168,96.0
3560530694,b,Marisa,137,0
4177650438,b,Guile,131,101.88888888888889
1772855610,b,Guile,127,0
1354313572,b,Guile,421,218.4433962264151
2553431305,b,Luke,161,0
2024414639,b,Marisa,168,0
1504631543,b,Marisa,178,0
2414717799,b,Marisa,1809,1043.653846153846
1284500525,b,Guile,1786,0
1245768038,b,Guile,952,476.0
2317153061,b,Luke,177,0
1175698511,b,Luke,299,146.02325581395348
2367384715,b,Luke,168,112.0
1431872972,b,Luke,126,0
2559946633,b,Edmond Honda,175,0
2849506521,b,Kimberly,237,0
1862029670,b,Kimberly,586,260.44444444444446
1729453017,b,Manon,468,0
1483452013,b,Manon,120,0
1170976851,b,Ryu,498,153.23076923076923
2545826656,b,Ryu,368,168.66666666666666
3309690312,b,Ryu,197,104.29411764705883
2499045298,b,Ryu,114,76.0
1780982607,b,Ryu,626,333.8666666666667
1640275348,b,Ken,158,67.0958904109589
3858133035,b,Ken,410,410.0
4293240008,b,Ken,230,0
3370612333,b,Ken,308,0
2700637901,b,Ken,220,0
3338631468,b,Ken,303,0
4026748114,b,Dee Jay,164,0
1248095880,b,Dee Jay,116,96.66666666666667
4063514188,b,Juri,788,112.57142857142857
3213766647,b,Juri,387,0
1227428945,b,Juri,190,118.75
3320988335,b,Marisa,751,125.16666666666666
3801074639,b,Marisa,3270,1635.0
3874486592,b,Guile,717,0
4171770489,b,Guile,566,377.3333333333333
3634543650,b,Guile,695,0.0
1446868024,b,Guile,253,101.2
2544281834,b,Luke,462,308.0
2373410529,b,Luke,424,285.3846153846154
1089454831,b,Luke,181,0
3569298203,b,Luke,116,72.5
3409726747,b,Edmond Honda,669,0
2325766779,b,Edmond Honda,516,344.0
1834994088,b,Jamie,344,147.57703927492446
3394333968,b,Luke,185,0
2030017738,b,Luke,712,0
3852402389,b,Luke,618,0
2231318832,b,Luke,1268,0
1513187190,b,Luke,686,0
1620914619,b,Luke,764,0
2185309345,b,Luke,285,0
3663578301,b,Luke,914,0
2763577008,b,Luke,157,91.43956043956045
1670171741,b,Luke,171,0
1772721066,b,Luke,1111,0
4176984606,b,Luke,1802,0
2435985368,b,Luke,1080,154.28571428571428
2919774273,b,Luke,390,24.375
3590166460,b,Cammy,190,0
1884995718,b,Cammy,2666,0
1699251538,b,Cammy,401,174.34782608695653
3177517476,b,Cammy,230,73.86178861788619
1302253391,b,Cammy,100,43.39622641509434
2674458621,b,Cammy,107,0
1417468772,b,Cammy,223,0
3853167888,b,Cammy,708,291.52941176470586
3051831359,b,Cammy,1187,0
3452538319,b,Cammy,532,0
2317170946,b,Ryu,717,0
4292185366,b,Ryu,129,0
1956608104,b,Juri,376,0
2781147339,b,Juri,171,0
2212607358,b,Juri,253,0
1569133277,b,Juri,960,960.0
2124057859,b,Juri,142,65.53846153846155
1908952799,b,Juri,275,0
1122500682,b,Juri,140,62.92134831460674
4182028313,b,Juri,358,119.33333333333333
2227804332,b,Juri,106,53.0
2292621495,b,Juri,4635,0
2583143311,b,Juri,188,80.0516129032258
1310386944,b,Juri,118,61.68181818181818
2701316646,b,Juri,549,329.4
3653020474,b,Juri,1056,0
3716451546,b,Juri,422,311.9130434782609
4048032296,b,Chun-Li,373,0
1332866159,b,Chun-Li,396,223.82608695652172
2278310724,b,Chun-Li,530,0
2704882745,b,Manon,557,232.08333333333334
1070720380,b,Manon,108,0
2482414325,b,Manon,319,0
1268403511,b,Manon,204,0
2819493285,b,Manon,384,0
3890359305,b,Manon,168,93.56962025316456
1295769014,b,Manon,260,0
2813528827,b,Zangief,630,0
3155438429,b,Zangief,299,142.76576576576576
1526706592,b,Zangief,101,0
3292092078,b,Zangief,426,232.36363636363635
2336218251,b,Kimberly,418,0
1455510106,b,JP,213,0
3528488170,b,Jamie,210,91.875
3181339309,b,Jamie,225,0
1226522462,b,Jamie,151,0
2212635949,b,Jamie,970,0
2952168382,b,Jamie,311,33.17333333333333
3413892445,b,Jamie,291,0
3775264396,b,Jamie,279,116.25
3570341690,b,Jamie,869,0
2714913892,b,Jamie,445,193.47826086956522
3418138701,b,Jamie,219,0
2242270839,b,Jamie,189,0
3108009065,b,Jamie,201,0
2251069059,b,Jamie,1320,0.0
3638723741,b,Jamie,2090,597.1428571428571
1275830637,b,Jamie,1425,0
1319436782,b,Luke,213,0
2547339431,b,Luke,1321,0
2376847496,b,Edmond Honda,245,127.03703703703702
3447489212,b,Edmond Honda,1195,522.8125
2665619010,b,Jamie,948,0
3804232632,b,Jamie,939,0
3966766107,b,Jamie,101,0
1919413644,b,Kimberly,140,73.76344086021506
2279663805,b,Chun-Li,242,0
3630122663,b,Manon,1496,0
1601614017,b,Manon,131,0
3848396694,b,Ken,420,210.0
3060500654,b,Ken,183,89.05347593582887
3634439463,b,Ken,354,0
1921549174,b,Dee Jay,471,0
3837842173,b,Rashid,128,32.0
3396531377,b,Blanka,729,0
2927153224,b,Juri,139,0
1466862509,b,Juri,161,0
3674265883,b,Marisa,848,0
2818786876,b,Marisa,335,184.25000000000003
2663394038,b,Marisa,114,0
2843007734,b,Guile,1098,0
2171433497,b,Ryu,143,143.0
3048831545,b,Ryu,1305,0
2222557826,b,Ryu,239,209.125
1485830371,b,Ryu,529,423.20000000000005
1811156608,b,Ryu,496,0
4292176924,b,Ryu,428,0
1448833034,b,Ryu,1360,741.8181818181818
1257480841,b,Ryu,570,335.29411764705884
3891971865,b,Ryu,223,136.8409090909091
3515856631,b,Ryu,297,0
3681557184,b,Marisa,168,0
1056475562,b,Marisa,288,0
2548523211,b,Marisa,187,0
3746147608,b,Marisa,209,0
4001262901,b,Marisa,287,174.08196721311475
3979490886,b,Marisa,1025,0
4002678460,b,Marisa,125,0
3020705523,b,Marisa,1391,0
3800333110,b,Guile,320,0
4289109571,b,Edmond Honda,378,94.5
3047573470,b,Edmond Honda,377,125.66666666666666
2480156468,b,Edmond Honda,322,0
1265459988,b,Edmond Honda,336,0.0
4007212879,b,Edmond Honda,492,0
2110466026,b,Edmond Honda,202,0
2466756642,b,Edmond Honda,248,0
3736704950,b,Edmond Honda,223,0.0
3606863116,b,Edmond Honda,200,0.0
3177182522,b,Edmond Honda,337,0
3867047428,b,Edmond Honda,667,0
2643913180,b,Edmond Honda,236,0
1122514641,b,Ken,404,134.66666666666666
3725770373,b,Ken,114,0
2748059750,b,Ken,181,87.37931034482759
2009330272,b,Ken,128,0
3647580310,b,Ken,2152,0
1752068759,b,Ken,274,125.25714285714285
3706407405,b,Ken,258,0
1503160870,b,Ken,337,0
3785568233,b,Ken,593,0
2043622281,b,Dee Jay,273,109.45161290322581
1127343469,b,Dee Jay,742,0
2251614610,b,Dee Jay,2576,0
1702042734,b,Marisa,246,0
2816837886,b,Marisa,407,186.54166666666666
1560907326,b,Marisa,465,0
4099608836,b,Marisa,1755,0
2838440303,b,Marisa,123,0
4191408574,b,Marisa,848,0
2757187925,b,Marisa,349,145.0745098039216
3549037909,b,Guile,318,109.85454545454546
3643875925,b,Guile,636,0.0
2507598421,b,Luke,390,187.59493670886076
3085965263,b,Luke,314,0
2368165002,b,Luke,134,82.46153846153847
1775863703,b,Luke,562,0
2053775202,b,Luke,116,0
2128863162,b,Zangief,2094,0
1674412770,b,Zangief,338,193.14285714285714
1759201999,b,Zangief,137,48.239436619718305
4111519632,b,Zangief,1753,0
1833676089,b,Zangief,411,0
4228073408,b,Zangief,676,0
2327363334,b,Zangief,664,0
3209276674,b,Jamie,355,29.583333333333332
3910808093,b,Jamie,1841,0
3085792576,b,Jamie,1744,0
1224374922,b,Jamie,520,163.59550561797752
1874878726,b,Jamie,932,0
2181712146,b,Kimberly,136,57.12
3818734571,b,Kimberly,212,0
2457308378,b,Kimberly,360,257.14285714285717
1213462356,b,Chun-Li,475,0
1813645384,b,Chun-Li,403,0
1796991119,b,Chun-Li,1108,177.28
3569798972,b,Manon,1557,1190.6470588235293
2571625381,b,Manon,347,106.02777777777779
3252228373,b,Manon,329,0
2037458194,b,Zangief,751,220.88235294117646
3807397855,b,Cammy,1736,694.4000000000001
3958581343,b,Cammy,100,0.0
3498982576,b,Cammy,182,98.58333333333333
2690021562,b,Cammy,1391,0
1120883318,b,Cammy,405,0
1313428365,b,Cammy,618,162.6315789473684
2121459533,b,Cammy,236,0.0
4054490236,b,Ryu,192,0
2514500453,b,Ken,974,0
1849506394,b,Ken,354,0
1516280204,b,Ken,178,19.777777777777775
3229795988,b,Ken,422,0
1448780626,b,Ken,309,0
1326712165,b,Luke,440,183.33333333333334
2678121164,b,Luke,569,379.3333333333333
3008264722,b,Luke,789,0
1033492598,b,Luke,593,593.0
4118318852,b,Jamie,137,53.03225806451613
3816584538,b,Kimberly,2599,0
1965595857,b,Chun-Li,2027,810.8000000000001
2627864327,b,Manon,283,116.27131782945737
2593935946,b,Zangief,246,0
3335185255,b,Zangief,118,62.10526315789473
1722014031,b,JP,513,0
2826606098,b,JP,364,0.0
2984150061,b,Dhalsim,162,0
1687465049,b,Cammy,2619,0
1673196690,b,Cammy,304,0
1019288667,b,Cammy,196,72.5925925925926
1631074779,b,Cammy,493,0
2095867950,b,Cammy,134,33.5
1710554984,b,Cammy,620,253.16666666666666
1645797766,b,Cammy,795,44.166666666666664
2363750897,b,Cammy,296,107.78260869565217
1654244689,b,Cammy,379,0
2068553587,b,Cammy,150,0
1418124096,b,Cammy,348,0
4172119454,b,Cammy,272,58.18181818181818
4146591360,b,Cammy,2549,0
1090234299,b,Cammy,168,34.054054054054056
1472711528,b,Ryu,592,367.44827586206895
2303866448,b,Luke,197,0
3508437383,b,Ryu,649,133.61764705882354
1158420907,b,Cammy,172,0.0
1917105993,b,Chun-Li,351,87.75
3362536683,b,Dee Jay,2640,0
2722048162,b,JP,163,0
3654888873,b,Luke,1049,349.66666666666663
2387844647,b,Cammy,350,148.75
1786387031,b,Cammy,128,0
4209246234,b,Marisa,267,0
2101045639,b,Guile,778,518.6666666666666
1444638645,b,Chun-Li,168,0
1182137486,b,Ryu,292,159.27272727272725
2439680607,b,Zangief,775,0
2220185203,b,Cammy,637,0
2740282910,b,Cammy,503,172.90625
1456666941,b,Blanka,1521,570.375
3696782208,b,Dee Jay,125,20.833333333333332
2970060034,b,Manon,116,80.3076923076923
2271729807,b,Manon,251,0
1050975583,b,Luke,158,0
1985216335,b,Luke,1077,0
1382637424,b,Marisa,438,0
3867527194,b,Jamie,159,0
1188993282,b,JP,248,0
2075098610,b,Dhalsim,349,0
2916436726,b,Cammy,251,0
3105998688,b,Cammy,371,252.95454545454544
4004438910,b,Cammy,228,0
3546401627,b,Cammy,699,196.06097560975613
2137433501,b,Ryu,779,779.0
2685070561,b,Ryu,649,0
2540859668,b,Guile,475,0
1738363644,b,Ryu,148,52.235294117647065
3755189187,b,Ryu,273,0
1109869910,b,Ryu,250,50.0
2452015189,b,Ken,124,0
2488963486,b,Ken,115,0
2645924163,b,Jamie,797,398.5
2139982677,b,Jamie,130,54.30379746835443
3147469425,b,Jamie,189,0
1684769033,b,Random,145,0
2044217965,b,Random,257,0
2312858700,b,Kimberly,371,0
1732776579,b,Kimberly,479,0
3690666383,b,Kimberly,701,0
1073357170,b,Kimberly,337,134.8
3033154279,b,Kimberly,805,0
1361396689,b,Kimberly,153,0
2671428267,b,Kimberly,1566,0
2325061151,b,Kimberly,913,502.15000000000003
3875773290,b,Kimberly,1074,0
2296502723,b,Marisa,120,0
1630530790,b,Guile,174,0
1779793065,b,Guile,932,526.7826086956521
2278153793,b,Guile,236,0
3311280749,b,Guile,186,89.66153846153847
3176073480,b,Luke,453,0.0
3194685691,b,Luke,274,0
3857741237,b,Luke,1460,673.8461538461539
2849438515,b,Luke,2171,0
2387152799,b,Luke,519,215.51694915254237
2008799175,b,Edmond Honda,501,0
1981375532,b,Jamie,735,0
4111443925,b,Jamie,165,60.49999999999999
1473716356,b,Jamie,176,45.55294117647059
2342663721,b,Luke,118,0
2482285032,b,Edmond Honda,199,0
3929366404,b,Edmond Honda,158,0
3408990495,b,Edmond Honda,1288,0
4252021109,b,Jamie,430,147.63948497854076
3834406817,b,Jamie,323,0
2034767285,b,Jamie,483,194.32108317214698
3085750537,b,Jamie,153,62.87671232876712
1992157072,b,Jamie,1174,610.48
2359443074,b,Jamie,138,0
3639878935,b,Guile,745,0
1905461870,b,Guile,127,0
4078190030,b,Guile,416,0
2630336527,b,Guile,285,90.0
2531113119,b,Guile,592,197.33333333333331
2150677487,b,Guile,122,0
2806062157,b,Guile,133,79.8
3514961323,b,Guile,164,0
2205436225,b,Guile,1619,0
4152296830,b,Guile,548,0
1660440592,b,Guile,1860,0
2326483035,b,Guile,836,0
4110447665,b,Guile,217,0
2739668432,b,Luke,139,0
3914526971,b,Luke,937,255.54545454545453
4292382433,b,Luke,303,0
2053841149,b,Luke,251,0
1283988030,b,Luke,275,0.0
1409121558,b,Luke,136,0
3240136240,b,Luke,521,189.45454545454547
2845556722,b,Luke,438,0
2164539642,b,Luke,599,0
2637494836,b,Luke,368,0
3933315016,b,Luke,1019,0
1987124972,b,Luke,646,0
1221855553,b,Luke,433,0
3916330211,b,Luke,245,0
1903551738,b,Luke,765,0
3644537015,b,Manon,314,0
3318279239,b,Manon,337,0.0
2716863657,b,Manon,1804,0
1674853366,b,Manon,1114,0
3636530121,b,Manon,594,178.2
3556861561,b,Manon,416,141.24651162790695
1338817392,b,Manon,260,76.72131147540983
2346821074,b,Manon,280,0
3877532278,b,Manon,183,73.2
2515185886,b,Manon,126,0
3480653893,b,Manon,100,0
2099857492,b,Manon,212,119.06849315068493
3561205874,b,Manon,142,30.038461538461537
3781894041,b,Manon,153,107.1
2771125475,b,Zangief,352,147.61290322580646
1375225199,b,Zangief,611,0
2592848862,b,Zangief,488,0
2159377337,b,JP,212,154.1818181818182
2987123533,b,Cammy,116,39.37614678899083
3120187398,b,Ryu,334,0
4248862877,b,Ryu,292,0
1565030842,b,Ryu,401,197.10169491525426
1306032274,b,Ryu,3376,0
3483287796,b,Ryu,110,40.74074074074074
3559037095,b,Ryu,380,220.0
2540111066,b,Dee Jay,2383,0
1322626166,b,Dee Jay,455,0
2004193948,b,Dee Jay,303,0
2720021530,b,Lily,110,0
1147968468,b,Lily,450,0
2466047261,b,Lily,843,281.0
3908518328,b,Lily,1938,0
2624899451,b,Lily,725,0
1998833987,b,Lily,218,0
2365907437,b,Lily,129,0
1569086009,b,Lily,802,0
4054071465,b,Lily,675,0
3945005304,b,Lily,380,0
3194546543,b,Lily,795,397.5
3880944454,b,Lily,233,87.375
3658350565,b,Lily,673,0
2059623978,b,Juri,455,170.2923976608187
2283076925,b,Marisa,108,0
1368219154,b,Marisa,1237,0
3782426561,b,Marisa,255,0
4061251991,b,Marisa,180,51.42857142857142
1301721325,b,Marisa,243,0
3383323909,b,Marisa,109,0
1621507490,b,Marisa,190,114.0
1249868190,b,Luke,713,356.5
3349581310,b,Luke,155,87.83333333333333
1107654505,b,Edmond Honda,237,0
3085971230,b,Edmond Honda,114,0
3168836762,b,Jamie,1059,545.0735294117646
2398680571,b,Jamie,281,0
1973349728,b,Jamie,213,0
2240702206,b,Jamie,593,0
1184399112,b,Cammy,387,223.26923076923075
1455727255,b,Cammy,206,55.343283582089555
2662800660,b,Cammy,346,131.7508896797153
2676183727,b,Ryu,847,0
3315520501,b,Ryu,504,0
3242423287,b,Ryu,455,197.16666666666669
3374021636,b,Ryu,309,115.76368876080693
4242808020,b,Ken,136,0
1140017381,b,Ken,348,0
2268714823,b,Ken,214,111.65217391304347
1500904729,b,Dee Jay,432,246.85714285714283
2187598781,b,Cammy,360,0
1547682522,b,Cammy,485,348.59375
3882751405,b,Cammy,511,349.63157894736844
1005217051,b,Ryu,225,105.88235294117646
2327896554,b,Ryu,192,115.19999999999999
4070683285,b,Ryu,332,154.93333333333334
2402242325,b,Ken,448,97.74545454545454
4116206049,b,Ken,186,115.44827586206897
2319590755,b,Ken,215,64.5
3471388093,b,Ken,125,0
3432989195,b,Ken,701,350.5
1684528060,b,Ken,222,0
1326755266,b,Ken,182,0
3217838740,b,Dee Jay,110,0
3889929171,b,Cammy,168,0
3276272008,b,Cammy,213,100.0
2315131667,b,Cammy,333,0
4277885897,b,Cammy,115,57.03252032520325
2307791861,b,Cammy,418,0
1289784790,b,Cammy,237,79.0
3400969240,b,Cammy,104,0
3513858547,b,Cammy,459,0
1008063551,b,Cammy,128,0
1035802849,b,Cammy,152,56.12307692307692
1452528885,b,Cammy,130,0
3461178557,b,Ken,874,0
2858802046,b,Ken,643,0
2045047450,b,Ken,1567,0
4155125816,b,Ken,132,48.48979591836735
3811211416,b,Ken,175,89.53488372093024
2274680464,b,Ken,137,72.71538461538462
1971555743,b,Ken,772,496.28571428571433
4039776263,b,Ken,124,6.2
1546716285,b,Ken,104,0
4192020204,b,Dee Jay,188,0
3570665642,b,Luke,562,0.0
3958097053,b,Luke,549,0
3652651662,b,Luke,902,0
3017197793,b,Luke,866,0
4214075758,b,Luke,1228,0
4185897122,b,Luke,1144,0
1031983694,b,Luke,480,270.0
3851791155,b,Luke,769,0
3049703836,b,Luke,1230,0
2469232039,b,Luke,276,0
4028173155,b,Luke,393,87.33333333333333
2945077891,b,Luke,236,118.0
2830600727,b,Luke,407,147.5375
2824427021,b,Luke,149,0
2830177777,b,Luke,2456,0
1962074278,b,Luke,1361,470.626168224299
3119105451,b,Luke,188,0
3238596227,b,Luke,158,0.0
2421649348,b,Zangief,678,0
3995164166,b,Zangief,137,69.1919191919192
2506595754,b,Zangief,266,0
3711877696,b,Zangief,188,0
3938075170,b,Zangief,154,82.13333333333333
3356711439,b,Zangief,136,0
2320700330,b,Zangief,112,0
1422353950,b,Zangief,425,0
2385508613,b,Zangief,177,0
1361386757,b,JP,598,0
2947422734,b,JP,116,0
2504782028,b,Ryu,340,0
1223010018,b,Ken,2486,2175.25
3683432395,b,Ken,361,0
1005385618,b,Ken,1198,0
2366586540,b,Ken,205,97.17993079584775
3403516891,b,Ken,117,68.0
2367680198,b,Ken,271,120.14778325123153
2075231004,b,Ken,228,104.0
1789077908,b,Ken,263,0
2792936536,b,Dee Jay,561,420.75
3039267701,b,Lily,2480,0
3067362853,b,Lily,3259,0
1689594348,b,Rashid,392,0
2037224806,b,Rashid,252,168.0
2086566424,b,Marisa,336,0
1705125067,b,Manon,129,0
4270083341,b,Manon,302,0
2608748197,b,Manon,186,0
1903162330,b,Zangief,1430,498.8372093023256
4119170181,b,Zangief,1026,0
2592245302,b,Zangief,1895,0
1129086922,b,JP,569,0
4051135742,b,Cammy,215,168.3734939759036
2496829564,b,Cammy,203,63.0
2859415230,b,Cammy,474,0
1518362184,b,Ryu,387,0
2202425363,b,Ryu,518,0
1038977688,b,Ryu,218,0
2485294455,b,Ken,167,71.57142857142857
2440310382,b,Guile,348,232.0
3800656430,b,Guile,333,102.04838709677419
3493803765,b,Luke,452,0
3221766637,b,Luke,498,237.14285714285714
1564653957,b,Luke,197,0
2064640159,b,Luke,450,300.0
1548237476,b,Luke,167,0
2029762348,b,Luke,1224,0
2480233363,b,Luke,187,89.43478260869566
2196441446,b,Luke,1055,0
3056403675,b,Luke,386,0.0
3273302635,b,Luke,195,54.16666666666667
2810372896,b,Luke,266,0
4195616037,b,Luke,216,72.0
3372064671,b,Marisa,317,0
2929995189,b,Marisa,212,0
3356942379,b,Marisa,144,0
2509380231,b,Marisa,263,63.12
3870371699,b,Marisa,729,0
3215871416,b,Guile,360,0
3070472526,b,Guile,186,0
3768482051,b,Guile,294,0
3304717120,b,Guile,227,0
3410512663,b,Guile,619,225.0909090909091
2561036495,b,Guile,1818,0
3321675361,b,Guile,492,0
3693692648,b,Guile,698,0
2858184988,b,Cammy,155,0
2678246017,b,Cammy,484,0
2595433840,b,Cammy,1592,0
2919747863,b,Cammy,244,146.4
1477168968,b,Cammy,1649,0
3343315346,b,Cammy,360,146.66666666666666
4109427531,b,Cammy,139,0
3643781759,b,Cammy,247,0
3605906811,b,Cammy,925,0
3775734097,b,Cammy,301,136.390625
1397988982,b,Cammy,1235,463.125
3908043854,b,Cammy,303,25.25
4154993356,b,Cammy,2992,0
4055364843,b,Cammy,287,128.3174061433447
3721678357,b,Cammy,167,63.61904761904761
2891941284,b,Cammy,547,84.15384615384616
4142704960,b,Cammy,230,0
2097199369,b,Cammy,133,35.74008810572687
3992560687,b,Cammy,150,0
4136147667,b,Cammy,228,0
1453823106,b,Cammy,782,428.2380952380953
2832307141,b,Cammy,175,0
3585135115,b,Cammy,341,95.20304568527919
1496562279,b,Ryu,468,161.49295774647888
2204108062,b,Ryu,345,137.1153846153846
2806519878,b,Ryu,126,56.7
3502031183,b,Luke,106,0
4082385894,b,Luke,311,0
2484832970,b,Luke,106,0
3037512947,b,Edmond Honda,215,0
4268302713,b,Edmond Honda,178,0
2873973334,b,Jamie,186,0
2366453353,b,Jamie,1290,0
4094022746,b,Jamie,440,308.0
3026170420,b,Kimberly,123,0
1607041700,b,Kimberly,876,563.1428571428572
1135686775,b,Kimberly,314,150.17391304347828
1723686833,b,JP,202,15.53846153846154
2033874743,b,Dhalsim,1469,629.5714285714286
2113673601,b,Cammy,569,337.18518518518516
2686230725,b,Cammy,1523,0
3298600317,b,Ken,961,0
1482936613,b,Ken,1244,0
3779491865,b,Ken,472,184.69565217391306
2212029507,b,Dee Jay,229,114.5
2110080063,b,Juri,1724,1149.3333333333333
2595843685,b,Juri,404,0
2693027480,b,Marisa,106,0
2978974291,b,Marisa,232,232.0
2534183484,b,Marisa,148,0
3529627576,b,Luke,223,0
2937815539,b,Luke,473,0
1268351368,b,Luke,171,136.8
3314507992,b,Manon,1494,0
3863717368,b,Manon,426,0
1130907805,b,Manon,168,0
2245283970,b,Manon,341,0
1859735847,b,Manon,109,0
1690840220,b,Manon,661,273.51724137931035
1499989252,b,Manon,293,128.1875
1225911685,b,Manon,903,410.45454545454544
2950615673,b,Zangief,130,88.63636363636363
1043215675,b,Zangief,770,0
2335796515,b,Zangief,863,0
1374039384,b,Zangief,133,0
1455739470,b,Lily,893,0
2274496396,b,Lily,234,70.2
1988919397,b,Lily,2745,0
3918499304,b,Lily,433,0
1777783849,b,Lily,1222,0
2714122914,b,Lily,136,0
2275636813,b,Lily,187,0
2990927999,b,Lily,340,121.42857142857143
1398131905,b,Lily,487,0
3983403330,b,Lily,683,0
3271434629,b,Lily,108,0
3657863456,b,Lily,174,0
1554293615,b,Dee Jay,166,0
4167496652,b,Dee Jay,300,0
1314661628,b,Lily,1167,0
3746311398,b,Lily,122,0
3490576763,b,Lily,124,41.33333333333333
3734366803,b,Lily,710,0
3080535161,b,Rashid,1497,0
1965170761,b,Juri,192,0.0
1716723952,b,Juri,320,0
3168317174,b,Marisa,192,0
2701884784,b,Marisa,237,113.39224137931033
1558587729,b,Marisa,201,94.01612903225806
3605482762,b,Marisa,104,0
2309474888,b,Marisa,309,107.47826086956522
3476084075,b,Marisa,102,0
3591191698,b,Marisa,173,0
2683676964,b,Marisa,132,132.0
3446325810,b,Manon,152,76.0
3021442084,b,Manon,342,0
3780389529,b,Manon,557,0
1230680411,b,Zangief,284,0
2547543183,b,Zangief,451,0
1517213988,b,Zangief,358,0
4270510653,b,Zangief,1083,0
3273510408,b,Zangief,126,0
2247030956,b,JP,685,396.57894736842104
3608997367,b,JP,579,0
3930703356,b,JP,805,201.25
2368028499,b,JP,134,0
4279321434,b,Dhalsim,615,0
3594877167,b,Cammy,1930,921.1363636363636
1677011305,b,Cammy,160,0
1745198750,b,Cammy,571,0
3277596721,b,Ryu,106,0
1256730364,b,Ryu,269,0
3490804393,b,Ken,231,71.07692307692308
3519194333,b,Ken,315,149.21052631578945
1322738579,b,Ken,154,0
2841196928,b,Ken,111,0.0
4033096210,b,Ken,172,44.0
4040677786,b,Dee Jay,1597,0
1317113445,b,Ryu,434,157.8181818181818
1800784295,b,Ryu,127,50.800000000000004
3960075331,b,Ryu,406,56.0
1122608710,b,Ryu,172,0
1745764674,b,Ryu,307,85.67441860465117
3920874920,b,Ryu,359,32.63636363636364
1761940184,b,Ryu,353,0
3986065409,b,Ryu,577,288.5
3911903100,b,Ryu,358,168.04081632653063
2334677768,b,Ryu,280,0
1724535871,b,Ryu,198,0
2037466163,b,Ryu,146,0
2594292889,b,Ryu,227,60.01149425287357
3517954979,b,Ken,120,0
3476857308,b,Ken,415,0
4003678654,b,Dee Jay,1089,0
2045453329,b,Lily,3229,0
1629358576,b,Lily,350,0
2078136519,b,Blanka,1112,0.0
3698326518,b,Juri,396,0
2495346133,b,Juri,102,0
2912130238,b,Juri,113,0
3768375421,b,Juri,703,0
4179011013,b,Juri,560,0
1274535606,b,Marisa,449,0
2977792928,b,Marisa,1239,0
1289055915,b,Marisa,167,0
2645908508,b,Guile,199,0
2112472022,b,Guile,231,108.7625
3501476330,b,Luke,216,0
2233786901,b,Luke,397,0
1618466779,b,Luke,1252,0.0
2930874517,b,Luke,478,0.0
2002566562,b,Luke,1067,0
1449201211,b,Luke,236,0
1399272558,b,Luke,559,0.0
4084199063,b,Luke,455,0
3684516774,b,Luke,190,0
2434619461,b,Luke,155,0
2519979444,b,Luke,152,78.25742574257426
2974752159,b,Luke,235,0
1886634058,b,Luke,271,71.73529411764706
2920631803,b,Marisa,1451,0
3590885952,b,Marisa,750,375.0
2010325952,b,Marisa,502,0
4280489351,b,Marisa,417,0
2250113598,b,Marisa,617,0
1758133090,b,Guile,627,0
2488346614,b,Guile,602,0
3890290070,b,Guile,548,0
2963474679,b,Luke,140,84.58333333333333
1257837165,b,Luke,845,338.0
2892264431,b,Edmond Honda,306,0
1273954937,b,Edmond Honda,335,0
2254789785,b,Edmond Honda,179,0
4110554972,b,Edmond Honda,381,169.33333333333331
1684305215,b,Edmond Honda,1222,814.6666666666666
3574956927,b,Ken,107,91.71428571428571
3649003639,b,Dee Jay,210,0
2327006068,b,Ryu,1118,745.3333333333333
2605222012,b,Ken,468,0
3680849410,b,Dee Jay,203,0.0
1746924556,b,Luke,745,745.0
2082322858,b,Zangief,939,0
4280160853,b,Juri,115,0
2832204301,b,Ryu,423,0
2291903020,b,Guile,149,89.39999999999999
3949762702,b,Ryu,1223,0
2963881236,b,Cammy,2123,665.0361445783133
2373149802,b,Blanka,4024,0
3160947807,b,Juri,418,0
3988542552,b,Manon,124,0
2979839511,b,Ryu,331,0
3450156141,b,Luke,653,0
3915759652,b,Cammy,289,0
1080622695,b,Luke,334,139.16666666666669
1947629304,b,Ken,408,195.9825327510917
1086944502,b,JP,881,485.4489795918367
2945152971,b,Luke,233,31.066666666666666
4200849725,b,Jamie,535,164.6153846153846
1777196235,b,Chun-Li,456,195.42857142857142
1417609415,b,Ken,146,0
3612508177,b,Ken,171,42.75
3086316243,b,Ken,139,85.53846153846155
2618201476,b,Ken,602,240.8
3450067294,b,Ken,142,30.428571428571427
2997912626,b,Ken,134,0
2474939252,b,Dee Jay,177,55.3125
1126643226,b,Lily,174,0
1725353633,b,Lily,299,0
2037456846,b,Lily,398,398.0
4258982040,b,Rashid,364,111.62666666666667
2615859206,b,Juri,1517,0
2882435784,b,Juri,377,182.4193548387097
2807900014,b,Juri,105,0
3520322628,b,Chun-Li,973,0
2144506902,b,Chun-Li,1137,0
3486587650,b,Chun-Li,674,393.1666666666667
3452802438,b,Chun-Li,520,0
2654456963,b,Chun-Li,219,54.75
1376761418,b,Chun-Li,454,0
1911139849,b,Chun-Li,176,0
2168644422,b,Chun-Li,255,112.1276595744681
1287253614,b,Chun-Li,112,0
3069918583,b,Chun-Li,452,0
1637305932,b,Chun-Li,247,0.0
3300821373,b,Chun-Li,293,117.2
1661915767,b,Manon,205,0
2483811181,b,Manon,412,0
4040840600,b,Cammy,755,0
2899292065,b,Cammy,199,0
1080091109,b,Cammy,196,0
1924492858,b,Cammy,790,0.0
3475748059,b,Cammy,568,0
4124989892,b,Cammy,646,242.25
1388382578,b,Cammy,164,0
4065000924,b,Cammy,103,17.166666666666664
2881954391,b,Cammy,624,0
1729398340,b,Cammy,642,182.0597014925373
1097207716,b,Ken,117,0
2751679076,b,Ken,209,79.61904761904762
1615630507,b,Ken,231,0
4003896041,b,Ken,296,183.23809523809524
2281853770,b,Ken,1222,733.1999999999999
2181375334,b,Ken,169,88.02083333333334
2575384839,b,Ken,140,0
1131757972,b,Ken,264,0
1023951957,b,Ken,256,0
3917866986,b,Ken,103,0
2897343740,b,Ken,2912,1271.6962025316457
2250572050,b,Ken,1830,0
3094255531,b,Jamie,833,0
2212904815,b,Jamie,443,161.0909090909091
4283862128,b,Jamie,156,0
3895338646,b,Jamie,193,0
3763904877,b,Jamie,263,0
3496856410,b,Jamie,904,0
3793177310,b,Jamie,816,408.0
3817866857,b,Jamie,1186,0
2055882172,b,Jamie,360,0
3039699366,b,Jamie,1816,0
3813627874,b,Jamie,352,88.0
1777649498,b,Jamie,467,0
2802724905,b,Jamie,1606,0
3579861336,b,Jamie,159,0
1759335607,b,Jamie,373,0
4171117283,b,Jamie,108,54.0
3496791908,b,Jamie,248,0
1650620483,b,Jamie,275,107.06106870229007
2674681022,b,Jamie,978,293.4
3804662227,b,Jamie,184,71.55555555555556
3816627957,b,Jamie,1993,1328.6666666666665
3822396911,b,Jamie,768,0
1849889400,b,Jamie,975,449.1573033707865
3202937514,b,Jamie,488,146.4
2974401948,b,Jamie,198,0.0
1585429332,b,Jamie,1172,529.8082191780821
2016823342,b,Jamie,1737,0
1648798958,b,Jamie,784,0
3967081229,b,Jamie,174,0
3698548106,b,Jamie,107,44.583333333333336
1589680380,b,Jamie,111,0.0
1712863450,b,Jamie,604,201.33333333333331
1955104440,b,Luke,2124,0
2995516243,b,Edmond Honda,169,126.75
3916115178,b,Ken,214,81.52380952380952
3194512956,b,Edmond Honda,125,125.0
1959485739,b,Jamie,456,315.6923076923077
1194285658,b,Jamie,385,0
2234113889,b,Jamie,1611,0
4170733250,b,Kimberly,649,0
4083671230,b,Kimberly,214,105.49295774647888
1342861424,b,Chun-Li,885,0
3136968659,b,Chun-Li,165,96.66666666666667
3696439066,b,Chun-Li,720,498.46153846153845
3491742153,b,Chun-Li,134,38.285714285714285
4019384493,b,JP,580,0
1948922421,b,JP,493,0
3743188678,b,Cammy,672,351.5076923076923
4192897325,b,Cammy,639,0
3251659193,b,Cammy,2877,0
3609212398,b,Cammy,137,0
3276597710,b,Cammy,132,0
3927546816,b,Cammy,404,0
3204277091,b,Ryu,138,0
2945635749,b,Ken,1002,546.5454545454545
3846637681,b,Ken,309,0
1853334266,b,Ken,272,128.8421052631579
1360785245,b,Ken,152,68.08333333333334
2593039756,b,Ken,473,0
1698013190,b,Ken,595,391.82926829268297
3905501374,b,Dee Jay,129,73.52999999999999
3210786737,b,Cammy,269,0
1759974189,b,Cammy,117,53.82
1619744329,b,Cammy,186,0
3772848486,b,Ryu,797,0
2710460789,b,Ryu,191,0
2089029673,b,Ryu,199,199.0
3710766479,b,Ryu,641,0
3099032267,b,Ryu,185,0
2267256207,b,Ken,154,81.16216216216215
3356655798,b,Ken,159,90.85714285714285
1372636357,b,Ken,347,0
1140941961,b,Ken,177,0
1516094672,b,Dee Jay,173,105.72222222222223
1567353306,b,Dee Jay,214,0
4107038964,b,Dee Jay,134,22.333333333333332
3436832006,b,Dee Jay,137,45.666666666666664
4062122297,b,Dee Jay,117,0
1032786715,b,Lily,496,0
2396789801,b,Rashid,978,568.8367346938775
1099221706,b,Rashid,5066,2849.625
1196012153,b,Blanka,192,0
2846385451,b,Blanka,275,110.0
1453631323,b,Blanka,293,0
1528985713,b,Juri,528,192.0
3170320399,b,Juri,1162,845.0909090909091
2209928305,b,Juri,1848,0
4235439757,b,Luke,3794,1487.8431372549019
3669570101,b,Luke,937,0
2254887002,b,Luke,400,0
1804968517,b,Luke,134,0
1524252645,b,Luke,459,0
2110042931,b,Luke,174,0
2113251067,b,Luke,395,0
1737169628,b,Luke,287,0
4121856102,b,Luke,254,130.43243243243242
1338045834,b,Luke,182,91.0
3326071778,b,Luke,934,0
4167278004,b,Luke,293,97.66666666666666
3992041113,b,Luke,548,0.0
4050063791,b,Luke,1808,452.0
2250726777,b,Luke,196,98.0
1379300170,b,Luke,409,0
1896362554,b,Cammy,178,101.71428571428571
1632009674,b,Cammy,261,0
3386936285,b,Cammy,821,530.2291666666667
3214313364,b,Cammy,304,109.44
4007156286,b,Cammy,136,42.03636363636363
2764692455,b,Cammy,215,150.5
2656111198,b,Cammy,2153,0.0
1970665775,b,Ryu,107,0
3054132947,b,Ryu,220,0
2289101076,b,Ryu,192,153.60000000000002
1793861905,b,Ryu,236,88.5
2365250743,b,Ryu,419,251.39999999999998
4146882587,b,Ryu,153,65.57142857142857
3320249930,b,Ryu,291,116.4
1889422229,b,Luke,433,0
1234419271,b,Luke,595,0
3981462083,b,Luke,300,0
3537102269,b,Luke,675,0
4229499127,b,Luke,347,0
1742959133,b,Luke,379,0
1714064664,b,Luke,233,0
3635654560,b,Luke,367,0
1382628533,b,Luke,279,0
2298269097,b,Luke,331,0
2965337275,b,Edmond Honda,101,55.550000000000004
3985885123,b,Edmond Honda,156,0
3270315842,b,Edmond Honda,810,383.6842105263158
2421527876,b,Ken,125,56.81818181818181
1535292810,b,Ken,339,154.97142857142856
1699594730,b,Ken,245,0
1357200139,b,Ken,260,134.48275862068965
1799627440,b,Ken,247,112.06481481481482
1440302305,b,Ken,116,60.148148148148145
1433112763,b,Ken,744,0
2816457884,b,Dee Jay,492,256.69565217391306
4052683286,b,Lily,512,0
2292527064,b,Lily,2061,0
3041463926,b,Lily,155,0.0
2176417344,b,Juri,366,279.88235294117646
1382602317,b,Juri,151,65.65217391304347
1038096266,b,Marisa,215,193.5
1666275241,b,Manon,162,89.5263157894737
3593836694,b,Manon,391,0
3047808863,b,Zangief,351,167.14285714285714
3352793975,b,Zangief,120,59.54887218045113
2888366497,b,Zangief,258,104.94915254237289
1992681626,b,Zangief,271,135.5
4254742396,b,Zangief,146,0
2742986727,b,JP,1325,0
1929308976,b,JP,149,0
3393723096,b,JP,1211,0
4195978377,b,Dhalsim,1209,0
3347467904,b,Dhalsim,1034,0
1244368482,b,Juri,148,77.52380952380953
3483787391,b,Juri,1710,0
4274363368,b,Juri,156,86.66666666666667
4069046185,b,Juri,255,108.75
2884249256,b,Juri,408,0
1453953071,b,Juri,229,0
1990538727,b,Juri,103,26.58064516129032
3994767927,b,Juri,675,0
1690448393,b,Marisa,369,169.125
1398483941,b,Marisa,237,0
2881046147,b,Marisa,338,0
1797925886,b,Marisa,149,149.0
4064721813,b,Marisa,574,420.9333333333333
3092121574,b,Juri,402,80.4
3696016576,b,Juri,141,0
2977118079,b,Juri,383,0
3212113365,b,Juri,350,0
2068295435,b,Juri,106,58.12903225806451
2076328602,b,Juri,1314,0
1920324203,b,Juri,208,104.0
2072183564,b,Cammy,136,0.0
3198149179,b,Juri,227,116.93939393939394
3379097160,b,Juri,568,0.0
2152430917,b,Juri,1972,0
1806236694,b,Juri,157,0
1621889448,b,Juri,243,95.08695652173914
4235779225,b,Juri,511,0
3344388794,b,Juri,425,196.15384615384616
1865428448,b,Juri,514,186.9090909090909
3861715100,b,Juri,730,0
2232098208,b,Marisa,304,154.57627118644066
3873880586,b,Marisa,695,0.0
1032421230,b,Marisa,163,0
4254909921,b,Marisa,179,0
1399255290,b,Marisa,115,115.0
1475632468,b,Luke,502,0
4206423164,b,Luke,485,220.45454545454544
4240550117,b,Luke,1694,1210.0
2823272975,b,Luke,108,0
3854828279,b,Cammy,750,0.0
2017031944,b,Cammy,419,0
3027578067,b,Cammy,998,0
2473529628,b,Cammy,642,321.0
1220237371,b,Cammy,273,127.4
1223047017,b,Cammy,150,0
2691958047,b,Cammy,846,0
1712575815,b,Cammy,425,0
1320472153,b,Cammy,525,105.0
2865602987,b,Ryu,308,102.66666666666666
3476269688,b,Ryu,407,0
1554302137,b,Ryu,427,0.0
1265207442,b,Ryu,286,0
4276293759,b,Ryu,313,109.55
3539305031,b,Ryu,156,0.0
1204838965,b,Ryu,707,282.8
3284726043,b,Ryu,364,166.61971830985917
3907388449,b,Ryu,149,0
3685118526,b,Ryu,7886,0
2557054748,b,Ryu,116,58.0
2040042091,b,Luke,887,0
4090376623,b,Luke,166,112.29411764705883
2284591234,b,Luke,224,0
1179917288,b,Luke,259,0
2254644934,b,Edmond Honda,160,0
2181633424,b,Edmond Honda,1507,0
2327050187,b,Edmond Honda,787,524.6666666666666
3690626363,b,Edmond Honda,100,56.98924731182796
1903859468,b,Jamie,376,0
2447750926,b,Jamie,315,144.59016393442624
2479376634,b,Kimberly,315,315.0
3053586552,b,Kimberly,137,0
1316322880,b,Kimberly,123,54.5969387755102
1530487451,b,Kimberly,2155,0
1631406548,b,Kimberly,116,0
2619168392,b,Chun-Li,138,81.54545454545455
1655906625,b,Ryu,234,121.33333333333333
2659069557,b,Ryu,473,39.416666666666664
2436256925,b,Ryu,1530,734.4
4086361592,b,Ryu,168,0
2782932746,b,Ryu,547,0
1755051911,b,Ryu,447,0
2866669110,b,Ryu,293,0
3230604911,b,Ryu,119,0
1243921303,b,Ryu,232,0
1400680784,b,Ryu,547,0
2294090818,b,Ryu,138,0
1005992276,b,Ryu,1119,368.6878612716763
3946144065,b,Ryu,1313,0
2745864997,b,Ryu,292,0
3793142298,b,Zangief,116,0
3942660000,b,Zangief,269,0
3997303358,b,Zangief,421,0
3440851486,b,Zangief,1616,0
3916816714,b,Zangief,2631,0
4160179255,b,Zangief,419,0
1632849470,b,Zangief,1337,486.1818181818182
4217735355,b,Zangief,700,0
2300915663,b,Zangief,521,0
3718847623,b,Marisa,106,0
2656815892,b,Marisa,165,0
2816161228,b,Marisa,449,0
4257168632,b,Guile,573,573.0
1818236611,b,Guile,144,0
2383633618,b,Guile,1060,0
3525056614,b,Guile,458,458.0
2315137832,b,Luke,180,0
1257068307,b,Luke,371,0
1271432545,b,Luke,145,0
3140929749,b,Luke,284,0
1579427886,b,Edmond Honda,161,0
1971791438,b,Edmond Honda,123,0
3448478181,b,Jamie,301,100.33333333333333
4048143812,b,JP,138,0
2482300064,b,JP,1548,0
3939287650,b,JP,179,0
2513682699,b,Cammy,101,37.875
1389930478,b,Cammy,139,36.57894736842105
1452971818,b,Cammy,224,101.81818181818181
2093236215,b,Cammy,125,0
3397068633,b,Cammy,439,0
2425370417,b,Cammy,140,38.0
2599203178,b,Cammy,265,101.74107142857143
3221283733,b,Cammy,237,69.70588235294117
4159106003,b,Cammy,104,33.8252427184466
2964219384,b,Ryu,287,71.75
3651450205,b,Luke,274,0
2371580925,b,Luke,197,0
3032379755,b,Luke,642,0
3794358296,b,Luke,123,0
3973472746,b,Luke,283,0
4147540542,b,Luke,742,296.8
2911644963,b,Luke,121,0
2606415970,b,Luke,145,0
1998968920,b,Luke,367,143.6086956521739
1239194829,b,Luke,380,0
2491268904,b,Luke,549,0
3021997468,b,Luke,357,0
1979651703,b,Dee Jay,371,0
3709229050,b,Dee Jay,2758,0
2175600522,b,Dee Jay,741,0.0
2138841044,b,Dee Jay,220,0
2630907274,b,Dee Jay,197,100.68888888888888
3443064058,b,Dee Jay,229,0
1134375439,b,Dee Jay,760,0
1800404374,b,Dee Jay,209,0
3230675391,b,Dee Jay,211,0
2292798601,b,Dee Jay,874,0
1651584172,b,Dee Jay,186,0
4008040807,b,Dee Jay,1526,0
3532979637,b,Ken,515,266.8978102189781
1849826402,b,Ken,108,0
1257587278,b,Ken,194,84.93532338308458
2342539711,b,Ken,281,0
2304174521,b,Ken,957,382.8
2436630747,b,Ken,754,301.6
2057784209,b,Ken,664,0
3120624804,b,Ken,782,0
3740149601,b,Ken,185,58.86363636363636
4077517327,b,Ken,278,0
1723662063,b,Ken,158,0
1309322185,b,Ken,1081,399.4772065955383
4107953345,b,Ken,183,118.41176470588236
1823590204,b,Ken,585,221.0
1971708821,b,Dee Jay,626,626.0
3401767521,b,Lily,805,0
4223465864,b,Lily,883,0
2127093085,b,Rashid,808,0
2036796797,b,Rashid,363,60.5
4227511566,b,Rashid,217,130.2
3669786734,b,Rashid,656,0
3988049627,b,Juri,286,168.46575342465755
3014771019,b,Marisa,362,0
3815839954,b,Marisa,281,0
3192948408,b,Marisa,417,0
3549956672,b,Marisa,106,0
1125616039,b,Ryu,942,0
1923853853,b,Ryu,440,0
3352841818,b,Ryu,185,0
4145697251,b,Ryu,453,226.5
1292903524,b,Ryu,207,0.0
2460863739,b,Ryu,925,0.0
3204102230,b,Ryu,545,331.7391304347826
3283280767,b,Ryu,346,0
1127933614,b,Ryu,233,0
2648830689,b,Ryu,198,0
3995233166,b,Ryu,121,0
3123984617,b,Ryu,509,0
2588936990,b,Ryu,1398,0.0
2928578924,b,Dee Jay,464,0
3223583244,b,Dee Jay,400,0
2318765631,b,Dee Jay,125,56.81818181818181
2052004256,b,Dee Jay,405,0
1828700665,b,Dee Jay,466,279.59999999999997
1091455000,b,Dee Jay,119,47.6
4153193026,b,Dee Jay,520,0
3708564533,b,Dee Jay,948,0
3939579332,b,Dee Jay,136,0
1439075272,b,Dee Jay,501,0
2498394761,b,Dee Jay,100,50.0
3433959791,b,Dee Jay,342,0
2818504967,b,Cammy,204,90.66666666666666
3638094402,b,Cammy,195,0
3961405065,b,Cammy,492,0
2430750034,b,Cammy,139,0
3271268686,b,Cammy,173,0
2734518557,b,Cammy,878,0
4287363253,b,Cammy,368,175.7117117117117
3042999780,b,Cammy,262,0
3651539706,b,Cammy,1104,0
2108638522,b,Cammy,151,0
3236007353,b,Cammy,105,58.83268482490273
2121314285,b,Cammy,527,250.1919191919192
3416454554,b,Ryu,839,335.6
3695296465,b,Ryu,345,0
1635374157,b,Ryu,155,0
3227049931,b,Ken,335,180.3846153846154
1962977249,b,Ken,100,0
2162806978,b,Ken,295,0
1233745572,b,Ken,1069,444.12560386473433
2806507334,b,Ken,783,0
3533622905,b,Ken,202,0
2152643961,b,Ken,770,256.66666666666663
1421077196,b,Ken,173,0
3114272347,b,Ryu,615,0
3534732309,b,Ryu,215,0
1387627260,b,Cammy,197,49.25
3988675564,b,Cammy,378,0.0
2996361752,b,Cammy,314,0
3513357819,b,Ryu,184,0
3612339379,b,Cammy,272,0
2394423340,b,JP,945,210.0
1462210567,b,Ryu,1170,0
3841195914,b,Ken,105,0
1514866475,b,Manon,194,87.90625
1216592798,b,Kimberly,125,0
2580274148,b,Ken,1568,0
1333223532,b,Cammy,305,0
3298866931,b,Marisa,270,159.23076923076923
1078394173,b,JP,731,402.57971014492756
1946691117,b,Zangief,148,0
1323380678,b,Dee Jay,1167,0
1223686060,b,Chun-Li,172,90.99354838709678
1809887567,b,Juri,252,0
3060463403,b,Manon,218,0
1687075705,b,Zangief,854,341.6
4074656449,b,Dee Jay,105,0
2256016140,b,Ryu,129,86.0
4162942156,b,Edmond Honda,180,101.14285714285714
3879226461,b,Zangief,371,185.5
1031630809,b,Guile,256,0.0
4276083640,b,Zangief,127,0
1732239116,b,Guile,248,137.77777777777777
1978492328,b,Ken,313,142.27272727272728
1833435502,b,Ken,343,0
1588546659,b,Ken,418,0
3973557371,b,Ken,182,30.333333333333332
4234440550,b,Ken,142,0.0
1988046775,b,Ken,360,0
2759149292,b,Ken,171,0
1869894788,b,Ken,203,0
1776670322,b,Ken,191,31.833333333333332
4004654036,b,Ken,173,64.23267326732673
3431185749,b,Ken,427,103.51515151515152
3235683247,b,Luke,420,180.0
3934666215,b,Luke,384,152.1509433962264
1500319156,b,Luke,1060,504.76190476190476
3839891025,b,Luke,309,0
2850255845,b,Luke,438,0
1650932309,b,Luke,419,0
2912731002,b,Luke,320,0
2766939449,b,Edmond Honda,157,0
2865257397,b,Jamie,136,0
1139717360,b,Jamie,257,95.98795180722891
2133320681,b,Kimberly,313,115.13436123348019
2304152070,b,Manon,278,0
3339250347,b,Manon,676,0
2019683122,b,Manon,287,143.5
3362632681,b,Manon,101,0
1040927843,b,Manon,1702,0.0
3781273911,b,Zangief,333,158.75581395348837
1248861665,b,JP,188,0
4145145689,b,JP,612,0
1457013415,b,Dhalsim,666,0
2510931874,b,Dhalsim,966,0
4257650555,b,Cammy,326,0
2124546072,b,Cammy,484,0
1834377348,b,Cammy,195,0
1016116658,b,Cammy,354,65.55555555555556
4216896910,b,Cammy,186,0.0
2974380920,b,Cammy,203,88.8125
3135466417,b,Cammy,320,45.71428571428571
2587047214,b,Cammy,216,0
2953431052,b,Cammy,353,176.5
4215321547,b,Cammy,184,0
3839935181,b,Cammy,722,0
2823920408,b,Ryu,132,0
2015922513,b,Ryu,535,0
4072463465,b,Ryu,874,0
1471422377,b,Guile,310,0
3538016603,b,Luke,356,273.84615384615387
3929815856,b,Luke,4094,0
3539990468,b,Luke,1184,0
3301761793,b,Luke,618,0
3502756712,b,Luke,174,0
3755401220,b,Luke,195,0
3139344311,b,Luke,136,0
2726150105,b,Jamie,1422,0
3032616078,b,Luke,572,264.3697478991597
1958724070,b,Luke,386,0
2737201152,b,Luke,681,476.7
3939094045,b,Edmond Honda,478,0
1004249409,b,Edmond Honda,186,0
3220473965,b,Edmond Honda,446,202.72727272727272
1603690621,b,Edmond Honda,1849,739.6
2578917840,b,Edmond Honda,214,138.20833333333334
2532154030,b,Edmond Honda,767,0
3545697868,b,Edmond Honda,888,0
1346934710,b,Zangief,1323,0
2476551186,b,Zangief,195,0
1952370187,b,Zangief,284,0
2758107907,b,Zangief,421,0
2552871269,b,Zangief,156,87.75
1968036284,b,Zangief,366,91.5
3856442546,b,Zangief,347,0
2589500312,b,Zangief,242,0
3876290648,b,Zangief,544,0
1162206436,b,Zangief,3204,1478.769230769231
1180304754,b,Zangief,230,110.0
3653308011,b,Zangief,893,510.2857142857143
2853730751,b,Zangief,123,0
2967206789,b,Edmond Honda,866,0
3658365280,b,Jamie,890,356.0
3853141263,b,Kimberly,752,543.1111111111111
2473101926,b,Chun-Li,627,0
1052540280,b,Chun-Li,131,0
3551119413,b,Manon,187,0
3588538277,b,Manon,946,0
3513648751,b,Manon,179,69.54777070063695
2464348276,b,Manon,768,0
4260068044,b,Manon,482,0
2754521259,b,Manon,189,0
4125008007,b,Zangief,112,65.33333333333334
1141159175,b,Zangief,147,73.5
3929151326,b,Zangief,479,0
3286384071,b,Ken,1885,158.55140186915887
1349909600,b,Ken,903,331.09999999999997
3230161029,b,Ken,153,0
1018677947,b,Ken,415,108.26086956521739
1605121476,b,Ken,187,0.0
1144858930,b,Ken,2265,0
1810659847,b,Ken,121,0
1954342189,b,Ken,161,0
1987466788,b,Ken,229,50.888888888888886
1472500719,b,Ken,134,0
1542067775,b,Ken,844,0.0
4027882947,b,Ken,798,0
3549266945,b,Dee Jay,988,0
2143150324,b,Dee Jay,572,0
4111448084,b,Dee Jay,1814,0
2079935224,b,Dee Jay,130,0
3561148311,b,Lily,201,40.2
2834038317,b,Lily,139,52.125
2373151933,b,Rashid,106,48.74452554744526
2312593337,b,Rashid,799,532.6666666666666
1209133372,b,Rashid,998,377.39495798319325
1453140522,b,Rashid,110,31.08695652173913
3056555437,b,Kimberly,965,0
2123193446,b,Kimberly,154,0
4091154955,b,Chun-Li,467,311.3333333333333
4248025740,b,Chun-Li,385,203.8235294117647
2935548719,b,Chun-Li,283,172.94444444444446
2115968807,b,Manon,138,55.0
3169006990,b,Manon,105,0
1616205018,b,Manon,429,0
2976174568,b,Manon,523,0
2835163570,b,Manon,324,0
1744503821,b,Zangief,132,73.0
3651852446,b,Zangief,1318,0
2840169415,b,Zangief,643,0
1933048519,b,Ryu,169,0
3096627865,b,Ryu,290,0
1106339382,b,Ryu,607,0
2135715953,b,Ken,146,73.0
2522555661,b,Ken,103,103.0
1281434035,b,Ken,157,34.888888888888886
2201307812,b,Ken,231,144.375
2315842690,b,Dee Jay,152,133.0
4229421268,b,Lily,1046,0
1340588622,b,Rashid,158,51.11764705882353
3518316533,b,Rashid,1052,1052.0
3349088100,b,Blanka,665,332.5
3202816805,b,Blanka,1775,0
4060726282,b,Lily,283,143.81967213114754
1051049811,b,Rashid,983,0
1633713008,b,Rashid,1481,1481.0
3332964047,b,Blanka,249,0
1677066140,b,Juri,176,0
2200182016,b,Juri,336,112.0
3580052684,b,Juri,127,58.88181818181818
1993397284,b,Juri,441,220.5
2977735702,b,Zangief,208,0
1048245592,b,Zangief,386,0
3319122456,b,Zangief,1199,0
2094006496,b,JP,208,0
3585106505,b,JP,318,0
3167039908,b,JP,2988,0
1909990376,b,JP,224,0
1414395440,b,JP,273,0
3466310731,b,JP,388,179.0769230769231
2209966054,b,JP,1341,0
3395007713,b,JP,315,0
3038505402,b,JP,1001,166.83333333333331
2143211581,b,JP,302,134.82142857142858
1619486613,b,JP,875,79.54545454545455
3196520860,b,JP,221,144.5
2201683780,b,JP,481,218.63636363636363
1958058309,b,JP,261,0
3815325936,b,Manon,425,176.21951219512195
4013473250,b,Manon,117,58.5
4119875199,b,Manon,364,170.625
2451213340,b,Zangief,181,86.72916666666667
1032612881,b,Zangief,795,0
3295936711,b,Zangief,114,0
2337777305,b,Zangief,140,0
2874018786,b,JP,1260,756.0
4200440603,b,JP,112,0
1152339122,b,JP,170,0
4085342642,b,JP,479,239.5
2757213133,b,Cammy,236,111.05882352941177
1419989821,b,Cammy,184,0
1697331487,b,Cammy,111,0
1506220112,b,Luke,316,109.31891891891892
3129556255,b,Luke,472,0
1759231757,b,Luke,399,399.0
3053890309,b,Chun-Li,899,0
4038756713,b,Manon,475,320.625
1578962419,b,Manon,339,186.45000000000002
1399883403,b,Zangief,348,154.66666666666666
4019323672,b,Cammy,186,0
3559311903,b,Cammy,268,160.79999999999998
2327433414,b,Cammy,307,245.60000000000002
2471408883,b,Cammy,374,0
3872760843,b,Cammy,947,167.11764705882354
1705613297,b,Cammy,466,0
2624822688,b,Ryu,859,391.60294117647055
2414085664,b,Zangief,583,0
1068078328,b,Zangief,315,0
3767270692,b,Zangief,209,0.0
2721640926,b,Zangief,121,67.22222222222223
3316236446,b,Zangief,100,68.75
1021909617,b,JP,110,55.0
2245455382,b,Dhalsim,181,0
2748633768,b,Dhalsim,1571,0
3097627101,b,Cammy,116,0
3697043054,b,Ryu,366,0
2604585595,b,Ryu,313,0
1911387831,b,Ryu,118,0
3479890893,b,Ryu,278,0
1399949055,b,Ryu,171,74.8125
4226946693,b,Ken,574,0
3790768946,b,Chun-Li,401,0
1549726545,b,Chun-Li,140,110.83333333333333
3944406378,b,Chun-Li,510,204.0
2117279892,b,Chun-Li,2281,760.3333333333333
1627115874,b,Chun-Li,1979,640.2647058823529
4064208355,b,Chun-Li,200,0
1554818644,b,Chun-Li,214,0
1110202946,b,Manon,762,0
2051871134,b,Manon,132,45.69230769230769
3267765224,b,Manon,3014,0
3935050361,b,Manon,161,0
3427970959,b,Lily,303,0
1527261367,b,Lily,679,313.3846153846154
1085883578,b,Lily,676,0
3063910137,b,Lily,1245,0
4177055537,b,Lily,1697,0
3548629439,b,Rashid,188,0
1018362354,b,Rashid,561,0
1371534134,b,Blanka,243,0
3312835031,b,Blanka,3349,0
3305616596,b,Juri,104,20.8
1591114754,b,Juri,644,304.3076923076923
2223762817,b,Juri,1322,1322.0
1706139918,b,Juri,222,0
2380236867,b,Juri,282,0
2322292585,b,Ken,391,0
3652623787,b,Zangief,471,324.82758620689657
1408883461,b,Zangief,1039,0
1898210153,b,Zangief,190,86.36363636363636
3013057891,b,Zangief,348,219.78947368421052
2407841742,b,Zangief,248,0
1798634777,b,Zangief,603,0
2013009932,b,Zangief,179,0
2574143707,b,Zangief,916,0
3787165302,b,Zangief,212,115.63636363636363
3439086419,b,Cammy,166,110.66666666666666
3685520898,b,Ryu,579,0
3393842219,b,Ryu,201,0
3572398684,b,Ryu,835,0
2987724162,b,Ryu,1536,485.05263157894734
3284513692,b,Ryu,1337,0
4192522312,b,Ryu,537,0
2046731771,b,Ryu,256,0
3094032847,b,Ken,125,0
3491792375,b,Ken,199,0
3159900186,b,Ken,141,0
3220011876,b,Ken,187,80.14285714285714
2793352816,b,Ken,663,294.66666666666663
2077323015,b,Marisa,218,0
2299670415,b,Marisa,125,57.0
3619598403,b,Marisa,143,75.70588235294117
1185139060,b,Marisa,360,0
4071253346,b,Marisa,150,0
2429831106,b,Marisa,980,0
3382216836,b,Marisa,384,0
3260849093,b,Marisa,161,0
3865956928,b,Marisa,155,0
2652572332,b,Marisa,308,0
3065153365,b,Guile,159,88.33333333333334
3981964695,b,Luke,1166,0
2670687874,b,Luke,404,165.44761904761904
4114220910,b,Luke,173,74.14285714285714
1195577305,b,Luke,1334,0
3971293470,b,Luke,693,0
2766668563,b,Luke,123,0
3126437838,b,Cammy,214,0
3850738423,b,Cammy,443,232.04761904761907
1118149098,b,Cammy,108,0
4144119918,b,Ryu,777,350.9032258064516
2634095383,b,Ryu,132,0
1564755110,b,Ken,223,109.35576923076923
4251356452,b,Ken,227,83.63157894736841
2371244742,b,Ken,172,0
2884287621,b,Ken,423,0
3062811665,b,Ken,118,59.53153153153153
2821101334,b,Ken,209,0
1771315836,b,Ken,125,0.0
1678573635,b,Ken,620,223.88888888888889
2925383268,b,Ken,128,0.0
1998069589,b,Ken,223,0
1130481169,b,Ken,171,0
3512086721,b,Dee Jay,162,0
1209957446,b,Dee Jay,202,0
1988402079,b,Dee Jay,183,0
1068906688,b,Dee Jay,155,0
2363321562,b,Dee Jay,153,0
1696942462,b,Dee Jay,957,455.71428571428567
3906644547,b,Ken,242,0
1595773715,b,Dee Jay,129,83.67567567567568
3235634242,b,Zangief,149,0
1558798146,b,Zangief,508,101.60000000000001
1014382503,b,Zangief,127,0
1269243156,b,Zangief,168,93.33333333333334
2017073228,b,Zangief,128,0
1857473908,b,Zangief,502,0
3213591406,b,JP,768,161.68421052631578
3466408691,b,JP,1674,0
2817628165,b,JP,397,0
1368676519,b,Dhalsim,273,0
3292959762,b,Dhalsim,1540,1283.3333333333335
2220073701,b,Dhalsim,880,0
3929987922,b,Dhalsim,157,94.2
3195701762,b,Cammy,109,0
2345634875,b,Cammy,915,408.97727272727275
3718275982,b,Cammy,773,313.3783783783784
3562196497,b,Cammy,685,0
3795504479,b,Cammy,1173,586.5
1006233737,b,Manon,1459,0
3690813165,b,Manon,103,0
3531255912,b,Manon,222,141.27272727272728
1898613806,b,Cammy,948,0
2673630808,b,Cammy,398,182.06382978723403
3016160275,b,Ryu,395,189.6
1839017803,b,Ryu,435,435.0
1306477521,b,Ryu,1230,0
3995710970,b,Ken,414,0
1605998148,b,Ken,343,147.0
1677317696,b,Ken,298,136.58333333333331
1389123945,b,Ken,149,0
2385698195,b,Ken,1062,0
2661640397,b,Ken,121,54.6147859922179
1454325758,b,Dee Jay,530,530.0
1112669522,b,Lily,435,0
1934786733,b,Dee Jay,2329,0
2771565652,b,Dee Jay,366,0
3209918379,b,Dee Jay,360,0
2629845313,b,Dee Jay,202,0
3624843194,b,Dee Jay,161,0
1694747741,b,Dee Jay,282,0
3157486811,b,Dee Jay,114,0
2100748134,b,Dee Jay,125,58.201058201058196
2200312432,b,Dee Jay,572,0
1181600943,b,Dee Jay,829,0
1377980195,b,Dee Jay,146,0
3348528247,b,Dee Jay,374,209.44000000000003
1763998323,b,Ken,875,0
2301617133,b,Ken,277,0
3253782618,b,Ken,122,0
4240695162,b,Ken,588,0
2899380868,b,Ken,202,0
3919409123,b,Ken,138,49.91489361702128
1129793539,b,Ken,588,336.0
2081343151,b,Ken,558,405.8181818181818
3983357138,b,Dee Jay,983,0
3439917862,b,Dee Jay,115,0
4003649246,b,Dee Jay,166,138.33333333333334
3435933541,b,Rashid,412,262.1818181818182
3001903220,b,Rashid,364,121.33333333333333
3584742889,b,Juri,133,0
4248597254,b,Juri,288,0
4213449540,b,Manon,106,0
2248081005,b,Manon,2252,0
3826653789,b,Manon,248,117.47368421052632
2320710378,b,Manon,373,149.20000000000002
1211059192,b,Zangief,137,0
4224086629,b,Zangief,154,0
3021025221,b,JP,101,101.0
4107012433,b,JP,288,151.78378378378378
2025683099,b,JP,593,296.5
1435851655,b,JP,1137,524.7692307692308
2520425395,b,JP,291,145.5
2702835723,b,Dhalsim,420,210.0
4001178504,b,Cammy,121,17.285714285714285
3451656285,b,Cammy,497,292.3529411764706
3896276317,b,Cammy,114,67.46938775510203
1030098664,b,Ken,236,0
3016832083,b,Ken,526,0
4066711321,b,Ken,189,0
2811243360,b,Ken,522,0
2330033619,b,Ken,170,0
2515884957,b,Ken,804,0
2835868218,b,Ken,453,0
2252075527,b,Ken,207,98.46486486486486
2252021009,b,Ken,103,23.76923076923077
2786017027,b,Ken,255,0
2659288695,b,Ken,541,360.66666666666663
4274275205,b,Ryu,420,0
1659968529,b,Ryu,110,35.0
3608760640,b,Ryu,128,0
1899919916,b,Ken,446,254.85714285714283
2398084135,b,Ken,107,0
2700249806,b,Ken,110,0
3042852533,b,Dee Jay,116,64.10526315789474
2640197599,b,Dee Jay,331,165.5
3106580707,b,Dee Jay,196,76.22222222222223
2645507246,b,Lily,2028,0
2159493065,b,Ryu,719,268.6373626373626
2590085509,b,Ken,538,342.3636363636364
3056643737,b,Ken,156,65.57961783439491
3709064839,b,Ken,131,0
4064371577,b,Ken,510,0
3730577461,b,Lily,136,0
1920443146,b,Lily,3111,0
2164810256,b,Juri,280,161.21212121212122
1718948346,b,Juri,197,98.5
1471313181,b,Juri,299,213.57142857142858
1962747581,b,Juri,227,170.25
2942643746,b,JP,274,117.42857142857142
1979883619,b,JP,189,0
1733357654,b,JP,257,0
1290824099,b,JP,279,0
3359904880,b,JP,203,0
3822321151,b,JP,457,0
4098527924,b,JP,153,15.3
3048048775,b,JP,846,0
3039859986,b,JP,1627,703.5675675675676
3740644583,b,JP,258,0
2153421937,b,JP,3186,0
4149197236,b,JP,687,0
4214555159,b,JP,711,276.5
3986104917,b,JP,321,0
2868957512,b,JP,288,0
3653218805,b,Cammy,173,0
2802445087,b,Cammy,436,200.78947368421052
4019383401,b,Cammy,505,303.0
1918747594,b,Cammy,1119,0
2137083139,b,Cammy,807,0
2106584889,b,Cammy,522,275.2363636363636
1196216911,b,Cammy,417,0
2502250918,b,Cammy,2071,0.0
2111749041,b,Ken,144,0
4014335094,b,Ken,180,51.42857142857142
2562834837,b,Ken,100,0
2143953370,b,Ken,166,0
1026517490,b,Ken,334,0
3440002434,b,Ken,108,0
1868261276,b,Ken,106,0
1446342431,b,Ken,906,339.75
3516238010,b,Ken,331,0
3946605510,b,Ken,739,246.33333333333331
2177147033,b,Ken,117,57.118110236220474
3688596262,b,JP,581,174.29999999999998
2492376817,b,Jamie,490,367.5
2147827581,b,JP,380,240.40816326530614
2699629292,b,Cammy,308,0
3991970051,b,Ryu,353,0
3034716545,b,Jamie,256,0.0
3269675409,b,Cammy,331,204.11666666666667
2160959970,b,Dee Jay,409,0
2450337451,b,Ryu,411,114.69767441860465
4093042884,b,Juri,143,66.0
2693004616,b,Luke,2102,0
2284289582,b,Cammy,466,0
2486997825,b,Manon,389,0
2308094846,b,Ryu,399,0
3550096719,b,Manon,379,0
1526808906,b,Juri,730,0
4055630958,b,Cammy,329,329.0
2463274738,b,Kimberly,482,171.03225806451613
3578018861,b,Cammy,1245,0
3503475999,b,Cammy,129,0.0
1226485338,b,Marisa,147,0
1038699818,b,Marisa,171,88.92
2916405958,b,Ken,1889,0
2447682364,b,Ken,332,332.0
3741287073,b,Ken,537,0
2716807395,b,Ken,992,0
2321402384,b,Ken,226,0
1641673316,b,Ken,174,54.94736842105263
1408953480,b,Ken,350,87.5
1238315590,b,Ken,308,171.11111111111111
1256908593,b,Dee Jay,1612,0
1732098514,b,Dee Jay,1255,0
2301395453,b,Dee Jay,1323,0
2893390740,b,Dee Jay,123,0
3548332974,b,Dee Jay,399,0
1987298601,b,Lily,162,0
3452846827,b,Lily,2229,0
2912863320,b,Marisa,238,0
1970192497,b,Marisa,153,0
1092192546,b,Marisa,696,0
2765536868,b,Marisa,176,88.0
2316325758,b,Marisa,810,0
1320144847,b,Marisa,319,0
1807377479,b,Marisa,258,154.79999999999998
1598473332,b,Marisa,165,0
3088880469,b,Marisa,296,0
3550267167,b,Marisa,621,0
1958169359,b,Marisa,1059,317.7
2252333642,b,Marisa,256,0
2748846917,b,Marisa,839,0
3078444095,b,Marisa,2941,0
2205388128,b,Marisa,106,0
1609975095,b,Marisa,1735,0
1270787778,b,Marisa,261,0
2153378357,b,Marisa,692,0
3838213753,b,Marisa,185,0.0
3290822000,b,Marisa,145,0.0
1033680155,b,Marisa,313,0
1719696698,b,Guile,422,228.10810810810813
4087745623,b,Luke,156,52.0
4194757411,b,Luke,668,0
1146036407,b,Luke,112,56.0
2808456628,b,Edmond Honda,275,0
1200964231,b,Edmond Honda,1038,346.0
1773810379,b,Edmond Honda,385,0
3745010215,b,Jamie,606,136.0408163265306
4047963095,b,Jamie,560,0
2152894924,b,Jamie,1261,0
1932118782,b,Kimberly,2091,0
4166109333,b,Cammy,143,0
1263002825,b,Cammy,125,0
1048960331,b,Cammy,1320,0
4283574370,b,Cammy,278,101.45985401459853
1671618210,b,Cammy,158,0
1352017316,b,Cammy,788,0
2437867691,b,Cammy,446,0
1043629178,b,Cammy,315,146.8421052631579
2421631634,b,Ryu,131,0
2571045240,b,Ryu,427,176.68965517241378
2703724334,b,Ryu,1203,0
2237581480,b,Ryu,115,0
4197227701,b,Ryu,138,67.3170731707317
2118878784,b,Ryu,173,0
2604612717,b,Ryu,4969,0
3548470175,b,Ken,216,0
2123376124,b,Cammy,343,0
1114431500,b,Cammy,1102,0
1042601567,b,Cammy,264,160.69565217391306
2481529682,b,Ryu,115,0
1990319552,b,Ryu,163,0
1362274769,b,Ryu,978,0
2738625139,b,Ryu,161,118.63157894736841
1612088215,b,Ryu,424,0
3763251922,b,Ryu,445,0
1076375030,b,Ken,231,57.75
2754027139,b,Ken,572,0
1787737109,b,Zangief,224,0
1032288158,b,Zangief,109,0.0
1351098258,b,Zangief,953,0
3921968417,b,Zangief,296,0
3029920667,b,Zangief,319,159.5
1265269503,b,JP,680,340.0
2339777975,b,Cammy,104,0
4266940246,b,Cammy,399,0
4188833760,b,Cammy,260,0
1041365207,b,Cammy,105,63.0
1847427226,b,Cammy,373,124.33333333333333
3914511099,b,Cammy,973,0
3116644209,b,Cammy,237,0
4248950703,b,Ryu,386,0
3232892614,b,Ryu,133,91.4375
1876333895,b,Kimberly,115,38.33333333333333
2137870298,b,Kimberly,260,0
4100435865,b,Kimberly,726,0
1974620823,b,Kimberly,979,0
2421168550,b,Kimberly,206,0
3357732441,b,Kimberly,296,0
3236137905,b,Kimberly,396,0
3624287003,b,Kimberly,256,123.87096774193549
1506312266,b,Kimberly,581,0
2130542234,b,Kimberly,354,0
3003494122,b,Kimberly,1654,0
2442658461,b,Kimberly,573,208.36363636363637
2600574227,b,Kimberly,155,0
2375040564,b,Kimberly,2233,0
1169533437,b,Kimberly,419,201.88181818181818
3324056736,b,Cammy,225,0
2372265183,b,Cammy,272,0
3081402490,b,Cammy,1065,0
1333293090,b,Cammy,609,0
1314609114,b,Cammy,2110,140.66666666666666
1050230011,b,Ryu,830,371.77083333333337
3168036543,b,Ryu,131,0
2158894456,b,Ryu,140,120.0
2762369200,b,Ryu,501,0
1260877690,b,Ken,153,80.14285714285715
1249664773,b,Ken,4362,0
2868446882,b,Juri,357,166.6
3807747002,b,Juri,107,0
1564113107,b,Jamie,220,0
3153058158,b,Jamie,184,117.0909090909091
2168196311,b,Jamie,351,351.0
3891884629,b,Jamie,1526,763.0
3902751016,b,Jamie,560,0
3778213650,b,Jamie,241,84.42675159235668
1048390760,b,Jamie,321,119.77611940298509
4098802619,b,Jamie,854,0
1572831038,b,Jamie,228,110.2
2175994526,b,Jamie,120,0
2060198556,b,Jamie,1072,342.72118959107803
3367958346,b,Jamie,198,100.79999999999998
4039205423,b,Kimberly,508,0
4192131689,b,Kimberly,2083,0.0
1363922273,b,Kimberly,565,234.07142857142858
4141265992,b,Manon,527,0
1546134922,b,Manon,341,0
1948153814,b,Manon,344,0
3469768081,b,Manon,236,0
3049128715,b,Manon,890,890.0
2292061347,b,Zangief,200,131.91489361702128
2108320793,b,Zangief,316,126.4
3454466797,b,Zangief,326,0
1052162491,b,Zangief,1044,0
2702330757,b,Zangief,729,0
2762890337,b,Zangief,760,422.22222222222223
2664980414,b,Zangief,308,0
2728073263,b,Zangief,436,0
1859173469,b,Zangief,567,0
2891787613,b,Zangief,228,0
3062850174,b,Ryu,192,104.72727272727272
2121170076,b,Ryu,312,0
3007031537,b,Ryu,799,0
2726459050,b,Ryu,974,0
2020516710,b,Ryu,3551,0
1289881183,b,Ryu,492,0
3099415267,b,Ryu,287,172.2
1933264883,b,Ryu,166,0
1612512073,b,Ryu,1720,382.22222222222223
3222803691,b,Ryu,100,88.88888888888889
2510487227,b,Manon,337,0
3784196012,b,Manon,701,0
1703214627,b,Manon,924,0
3029888336,b,Manon,190,0
2199964850,b,Manon,171,32.15384615384615
2520517219,b,Manon,1006,670.6666666666666
3928129100,b,Zangief,1408,758.1538461538461
4025329289,b,Zangief,217,0
1185169831,b,Zangief,118,0
2089370819,b,Zangief,198,99.0
2153276467,b,Zangief,290,0
3738121549,b,JP,1007,335.66666666666663
3078703796,b,Dhalsim,140,61.02564102564103
1560028986,b,Dhalsim,234,0
1824544180,b,Cammy,399,0
3373397652,b,Cammy,1588,0
3498771485,b,Edmond Honda,426,0
2454433791,b,Edmond Honda,360,0
1113721759,b,Edmond Honda,206,51.5
2097302509,b,Edmond Honda,361,0
3417327282,b,Chun-Li,102,0
2459942382,b,Chun-Li,134,0
3433243273,b,Manon,210,0
1464349884,b,Manon,134,0
2884266708,b,Zangief,136,0
2129127646,b,Zangief,878,384.125
2874533214,b,Zangief,264,0
2678826104,b,Zangief,487,0
3698764194,b,Chun-Li,301,150.5
3961419816,b,Manon,398,0
2938880210,b,Manon,538,0
3766673773,b,Manon,218,0.0
2797728478,b,Manon,600,0.0
3369885512,b,Manon,637,0
1857848696,b,Manon,825,0
2180811033,b,Manon,105,0
1828480966,b,Manon,439,0
1673679059,b,Manon,286,0
3709837259,b,Manon,577,0
2294812838,b,Manon,550,0
1772217019,b,Ryu,1363,612.3623188405797
2962801347,b,Ryu,367,166.8181818181818
3503858682,b,Ryu,412,0
1542822033,b,Ryu,351,272.32758620689657
4227155538,b,Ken,173,0
3657153437,b,Ken,270,84.375
2276317525,b,Ken,123,66.31304347826087
3623450267,b,Ken,789,0
1414147740,b,Ken,229,76.75274725274724
3101005016,b,Ken,348,220.6829268292683
1161190446,b,Ken,203,0
2723079662,b,Ken,1473,1104.75
2324996255,b,Ken,110,0
1352400479,b,Luke,163,0
2624578700,b,Luke,164,0
1465500213,b,Luke,200,0
1220151337,b,Luke,187,0
3767923595,b,Edmond Honda,754,0
1083966982,b,Edmond Honda,1221,0
2559193019,b,Edmond Honda,133,0
2143554027,b,Edmond Honda,569,0.0
3882411163,b,Edmond Honda,172,0.0
4118663903,b,Edmond Honda,464,0
1963750320,b,Jamie,532,0
3605309821,b,Jamie,140,60.54054054054055
1184903652,b,Jamie,160,0
3499565884,b,Ryu,721,166.3846153846154
2582343090,b,Ryu,270,115.71428571428571
3880745836,b,Ryu,161,89.44444444444444
2632230381,b,Ryu,427,0
2960091690,b,Ryu,520,207.3809523809524
3900635482,b,Ken,175,70.0
1380358936,b,Ken,275,0
3670079680,b,Ken,261,136.17391304347825
3962125319,b,Juri,292,0
1890234695,b,Juri,327,0
2931920279,b,Juri,652,0
2746754673,b,Juri,1025,0
2174292453,b,Juri,100,0
1762243940,b,Juri,178,0
2525887179,b,Juri,151,40.77
3573202596,b,Juri,253,118.06666666666666
3972869526,b,Juri,167,0
1230416854,b,Juri,657,0
3870947960,b,Juri,153,0
4070447334,b,Luke,288,0
4273187293,b,Luke,499,0
4065496302,b,Luke,140,0
1259949226,b,Luke,322,0
3026953992,b,Luke,1259,0
1065685497,b,Luke,1718,0
4184554917,b,Luke,140,0
1866950370,b,Luke,364,0
3266536873,b,Luke,147,0
3141632179,b,Luke,132,60.0
2314777448,b,Luke,473,0
3283471765,b,Luke,480,0
2783422521,b,Luke,581,0
4033517147,b,Luke,235,108.46153846153847
1987592816,b,Ryu,377,226.2
2102280560,b,Ryu,101,75.75
1660931404,b,Ken,134,0
4114597427,b,Ken,163,83.58974358974358
2037860251,b,Ken,103,47.53846153846154
3005273606,b,Ken,158,87.0612244897959
2800255993,b,Ken,316,118.5
1127065134,b,Dee Jay,272,148.36363636363635
3136916734,b,Lily,251,83.66666666666666
2599473090,b,Juri,499,0
2405517553,b,Juri,1392,0
2928133098,b,Juri,753,463.3846153846154
3239363286,b,Edmond Honda,526,0
1693225895,b,Edmond Honda,429,160.07462686567166
2162113335,b,Edmond Honda,393,87.33333333333333
3215379373,b,Edmond Honda,248,0
2198186707,b,Edmond Honda,152,64.95726495726495
3003832963,b,Jamie,1049,393.375
1813117121,b,Jamie,893,446.5
4034037154,b,Jamie,133,0
3409988691,b,Jamie,1286,289.35
2217905732,b,Jamie,135,50.0
3347421660,b,Jamie,850,0
4089895384,b,Jamie,601,0
1443421962,b,Jamie,151,37.75
4118930104,b,Jamie,116,51.55555555555555
2089516277,b,Lily,313,0
2760583763,b,Lily,342,0
1142166510,b,Rashid,536,222.24390243902437
2743058882,b,Blanka,283,0
3558030441,b,Blanka,254,107.86301369863013
3115227838,b,Juri,1503,0
2852620331,b,Juri,1197,0
1456566687,b,Juri,1788,0
4271527170,b,Juri,798,472.2857142857143
3647361718,b,Juri,237,237.0
3631110094,b,Marisa,423,0
2210581446,b,Marisa,116,0
2389868263,b,Marisa,2797,0
1495666755,b,Cammy,273,0
1515633142,b,Cammy,277,126.45652173913042
3886090394,b,Cammy,497,0
1462936058,b,Cammy,117,0
2360053773,b,Cammy,159,0
1744116383,b,Cammy,257,77.1
1023133154,b,Cammy,250,0
1661465798,b,Cammy,137,0
3817358361,b,Cammy,167,0
3472259023,b,Cammy,378,0
3967009725,b,Cammy,272,0
1060345533,b,Jamie,342,111.92727272727272
2103297333,b,Jamie,520,115.55555555555554
3775337158,b,Jamie,582,145.5
2416855012,b,Jamie,124,0
2995639991,b,Jamie,2231,0
4289704559,b,Jamie,174,0
1114049754,b,Jamie,326,225.69230769230768
1591892306,b,Jamie,871,451.05357142857144
1195101635,b,Jamie,950,126.66666666666667
2957869584,b,Jamie,125,0
4131754343,b,Jamie,1679,0
3527373457,b,Jamie,1514,0
3098634718,b,Jamie,311,0
1143037555,b,Jamie,184,0
2704099755,b,Jamie,887,380.1428571428571
3778483285,b,Jamie,136,0
2082577032,b,Jamie,460,260.0
2771067185,b,Jamie,1131,0
3200360952,b,Juri,116,40.42424242424243
3014920818,b,Juri,139,0
3623783358,b,Juri,307,0
3356521852,b,Juri,1271,684.3846153846154
1281463835,b,Juri,286,116.51851851851852
2246254732,b,Juri,362,236.08695652173913
4062948066,b,Marisa,301,0
2546894214,b,Marisa,174,43.5
1948931949,b,Marisa,247,148.2
1641548628,b,Marisa,506,0
2483855312,b,Marisa,176,0
2391744105,b,Guile,1162,0
2505186102,b,Ryu,382,127.33333333333333
1683551591,b,Ryu,142,85.2
2599289832,b,Ryu,208,0
2859477945,b,Ryu,1189,0
3962994990,b,Ryu,242,138.88695652173914
4007641818,b,Ryu,462,231.0
3139391901,b,Ryu,382,205.2537313432836
1561734986,b,Ryu,1015,0
3452605665,b,Ryu,163,0
2506800876,b,Ryu,380,101.33333333333333
4190031533,b,Ryu,361,270.75
2882795531,b,Ryu,1099,0
1123858384,b,Ryu,3631,0
4291250568,b,Ryu,284,0.0
2785248201,b,Ryu,748,272.0
3333178498,b,Ryu,878,0
4092154992,b,Ryu,359,0
1777582462,b,Cammy,286,0
1294711565,b,Cammy,192,0.0
3368067456,b,Cammy,284,0
3768552939,b,Cammy,403,0
2186190993,b,Cammy,120,0
3232550163,b,Cammy,171,0
3179763427,b,Cammy,532,106.4
3636424847,b,Cammy,200,0
2444340943,b,Cammy,178,0
2039267792,b,Cammy,336,178.83870967741933
3490432287,b,Cammy,1684,612.3636363636364
1200449912,b,Cammy,175,0
2981616644,b,Dhalsim,1547,895.6315789473684
3778323746,b,Cammy,139,53.862500000000004
2462476487,b,Cammy,179,0
1312277933,b,Ryu,667,454.77272727272725
1872558925,b,Ken,396,0
3336977239,b,Ken,203,83.90666666666667
3861196601,b,Ken,216,0
1160377267,b,Dee Jay,1599,750.5510204081633
3667341798,b,Dee Jay,614,0
3058215100,b,Dee Jay,126,67.5
1553956669,b,Lily,243,108.0
1761334689,b,Lily,815,0
2154543880,b,Rashid,771,0
1879891114,b,Rashid,514,293.7142857142857
3101971884,b,Juri,286,0
2070806235,b,Juri,166,0
2598258889,b,Juri,217,120.55555555555556
3693289372,b,Juri,278,278.0
1525497669,b,Juri,117,53.90575916230366
3281191244,b,Juri,289,148.74999999999997
1122112357,b,Juri,1079,647.4
1352205701,b,Juri,387,96.75
2146871173,b,Juri,369,0
1736853021,b,Juri,141,47.49867374005305
1866049307,b,Juri,287,0
1558434669,b,Marisa,424,0
1757630093,b,Marisa,375,0
3628519716,b,Jamie,603,0
3312577313,b,Jamie,152,0
2108480052,b,Jamie,157,0
4058595485,b,Jamie,283,90.87155963302753
2338400026,b,Chun-Li,185,85.38461538461539
3758894110,b,Chun-Li,115,0
3558266643,b,Chun-Li,465,0
2737077284,b,Chun-Li,163,62.072674418604656
1048598148,b,Manon,1508,0
2316907873,b,Manon,232,232.0
2805803265,b,Manon,4815,0
4181667509,b,Manon,117,0
3961352204,b,Manon,793,502.2333333333333
2164760806,b,Manon,1205,0
3893748235,b,Ken,196,0
2350389612,b,Ken,424,0
1740496338,b,Ken,1030,0
3562614079,b,Ken,225,0
3673326601,b,Ken,274,137.0
3176553173,b,Ken,1704,619.6363636363636
2735592710,b,Ken,140,0
2118127670,b,Ken,728,0
1231339946,b,Ken,282,112.80000000000001
1900083716,b,Ken,310,0
1539171342,b,Ken,251,188.25
3753112045,b,Ken,160,53.33333333333333
1748153816,b,Ken,185,26.428571428571427
3522798570,b,JP,139,74.70068027210885
1283895090,b,JP,700,280.0
3911415872,b,JP,208,0
2541205779,b,JP,539,0
3287901103,b,JP,474,184.33333333333334
2612884283,b,JP,178,0
2344018113,b,JP,127,90.71428571428572
1038302456,b,Dhalsim,985,0
3489983356,b,Cammy,322,268.33333333333337
3292606081,b,Cammy,353,0
2072599858,b,Cammy,366,0
2637855831,b,Cammy,590,0
2740079734,b,Cammy,142,0
3144707693,b,Juri,305,0
2658884366,b,Zangief,205,82.92134831460675
1638556226,b,Zangief,239,0
2238560898,b,Cammy,3750,0
2254764213,b,Juri,736,441.59999999999997
4135204707,b,Dee Jay,1733,0
1607475166,b,Chun-Li,665,221.66666666666666
3775022493,b,Dhalsim,1374,0
3349543240,b,Ken,441,209.74390243902437
2240959364,b,Dee Jay,642,0
3835873635,b,Kimberly,396,188.79069767441862
1888530750,b,Cammy,116,0
1416026013,b,Chun-Li,251,121.98130841121495
1642949026,b,Cammy,165,50.21739130434783
1298817721,b,Edmond Honda,768,0
3281721553,b,Manon,275,0
1875383777,b,Luke,379,0
3874469242,b,Manon,985,0
3140510434,b,Dhalsim,378,0
3125760662,b,Jamie,205,0
1766118066,b,Ken,512,512.0
2391426737,b,Kimberly,284,25.81818181818182
1491256466,b,Marisa,172,0
2809605184,b,Marisa,337,0
3533956746,b,Marisa,279,121.74545454545454
1287932980,b,Marisa,239,0
3471575825,b,Marisa,204,0
3950737265,b,Marisa,564,147.1304347826087
2952986524,b,Marisa,238,0
1470216845,b,Marisa,1459,855.2758620689655
2063125158,b,Marisa,312,144.0
2319323638,b,Marisa,162,0
1662451255,b,Marisa,730,0
2056155378,b,Marisa,789,0
3781446260,b,Marisa,154,0
2761911105,b,Marisa,209,107.73195876288659
4096783286,b,Marisa,283,174.15384615384616
1389911489,b,Kimberly,358,106.21978021978022
1354036758,b,Chun-Li,198,0
4227264042,b,Chun-Li,156,156.0
1863960406,b,Manon,2352,392.0
3032389720,b,Zangief,210,0
1943308563,b,Zangief,132,0
2622671556,b,Dhalsim,492,264.9230769230769
2626367260,b,Cammy,123,0
3939041478,b,Cammy,1502,0
3462759245,b,Cammy,101,53.69620253164556
1904007092,b,Ryu,288,137.14285714285714
1834982621,b,Ryu,2105,0
3621178119,b,Ryu,119,65.45
1492666534,b,Dhalsim,225,79.6875
4223186768,b,Dhalsim,711,0.0
1539439816,b,Cammy,651,450.6923076923077
4004779252,b,Cammy,115,0
2557131738,b,Cammy,495,270.0
2696983812,b,Cammy,178,0
2311953374,b,Cammy,129,0
2911239435,b,Cammy,302,0
3692997083,b,Cammy,186,88.16184971098265
2536848839,b,Cammy,141,0
3576212006,b,Cammy,1778,0
1235782659,b,Cammy,100,0
3029284873,b,Ryu,650,146.5576592082616
3399693362,b,Ryu,115,0
1312371797,b,Ken,116,0.0
3801256853,b,Ken,711,0
3287233775,b,Ken,351,0
2263266032,b,Ken,859,668.1111111111111
1277803809,b,Ken,225,135.0
3597402925,b,Ken,371,0
2796974493,b,Ken,1357,0
4115812204,b,Ken,121,0.0
3387662944,b,Ken,202,68.0204081632653
2428617249,b,Ken,191,191.0
1990218130,b,Ken,219,0
3771941561,b,Ken,448,0
2190479956,b,Dee Jay,427,170.8
1644622310,b,Jamie,300,78.94736842105263
2715610395,b,Jamie,127,0
3725408288,b,Jamie,151,0
2317789379,b,Jamie,1012,0
3790299846,b,Jamie,224,90.0
2085718857,b,Jamie,187,73.0
3433536599,b,Jamie,219,82.125
3098598477,b,Jamie,770,0
3558056915,b,Jamie,2212,0
1281717928,b,Jamie,424,174.58823529411765
2684718530,b,Jamie,510,0
2319809589,b,Ken,376,159.07692307692307
1422044104,b,Ken,332,0
3668193545,b,Ken,1882,0
3283422330,b,Ken,152,0
3531343688,b,Ken,113,22.6
2459602779,b,Ken,160,0.0
3164427934,b,Ken,100,0
1194655287,b,Ken,292,123.72881355932203
2020554518,b,Ken,426,0
2818664703,b,Ken,253,0
3729062648,b,Ken,178,89.0
1114474496,b,Ken,218,40.64406779661017
1125887240,b,Ken,1287,0
2176358512,b,Ken,388,0
3403631587,b,Dhalsim,637,289.54545454545456
1585094713,b,Dhalsim,496,0
3597755186,b,Cammy,488,0
2489011911,b,Cammy,520,260.0
2497309584,b,Cammy,524,0
3111440162,b,Cammy,164,0
1446418117,b,Cammy,126,0
1987659370,b,Cammy,2458,0
4262656038,b,Cammy,718,359.0
1334861296,b,Cammy,573,268.01612903225805
1996043330,b,Cammy,335,0
2590847514,b,Cammy,503,0
2947275781,b,Cammy,241,0
4019222517,b,Cammy,637,0
3907166948,b,Cammy,172,59.213114754098356
3647728337,b,Zangief,138,0
1999635334,b,Zangief,321,0
4176131955,b,Zangief,271,0
2392782411,b,Zangief,1493,0
2433422894,b,Zangief,246,0
3144136381,b,JP,336,0
2076645688,b,JP,1937,0
2518681923,b,JP,469,139.92265193370167
1012051259,b,JP,2921,1460.5
3168607880,b,JP,1765,0.0
2230024526,b,JP,265,103.69565217391305
3905986242,b,JP,113,0
3952237208,b,Cammy,298,0
1126004550,b,Cammy,301,0.0
1386476982,b,Cammy,1530,0
3462983557,b,Luke,126,0
1335981322,b,Luke,632,0
3726523416,b,Luke,1506,0
2202079291,b,Luke,144,0
2564020178,b,Luke,120,0
2006141269,b,Luke,188,119.63636363636364
4234517364,b,Luke,368,0
1363801650,b,Luke,1408,0
4128804109,b,Edmond Honda,158,0
1952706556,b,Zangief,141,74.49056603773585
2730863380,b,Zangief,669,0
2255985138,b,Zangief,295,0
2690027609,b,JP,2227,0
3014398500,b,Cammy,634,0
1327706143,b,Cammy,202,0
3810264953,b,Ryu,144,66.12688821752266
2498468266,b,Ryu,641,0
3809537262,b,Ryu,461,0
1122244410,b,Ryu,676,0
1863129931,b,Ken,307,161.72321428571428
2539395164,b,Ken,236,110.91999999999999
2735127592,b,Edmond Honda,161,0
1523823517,b,Edmond Honda,572,0
1664106642,b,Edmond Honda,256,0
1298547492,b,Edmond Honda,504,0
3238092247,b,Edmond Honda,435,0
2262165818,b,Edmond Honda,1564,0
1912927544,b,Edmond Honda,829,0
3392960848,b,Edmond Honda,743,0
2522240355,b,Edmond Honda,584,0.0
3031190213,b,Edmond Honda,1047,837.6
2553729043,b,Edmond Honda,323,200.16901408450704
4097685902,b,Edmond Honda,1158,0
4226733387,b,Edmond Honda,362,160.88888888888889
1915277667,b,Edmond Honda,632,0
3425350451,b,Edmond Honda,272,0
2380832549,b,Rashid,351,0
4060829594,b,Juri,209,0
3520865793,b,Juri,487,0
1333072795,b,Juri,143,35.75
2352433312,b,Juri,879,376.71428571428567
2677528999,b,Juri,128,34.63529411764706
2615109850,b,Juri,367,0
1471007506,b,Juri,364,0.0
1504870621,b,Marisa,123,21.41517857142857
3011074487,b,Marisa,111,58.76470588235294
1255198413,b,Marisa,317,0
2457116656,b,Marisa,695,0
1533396255,b,Marisa,202,0
3232287536,b,Rashid,159,0
1533870498,b,Rashid,1175,0
2455168571,b,Rashid,428,366.85714285714283
3862089909,b,Blanka,4366,0
3496796898,b,Blanka,235,0
3736996451,b,Juri,159,0
3146328310,b,Juri,572,0
3160755519,b,Juri,122,81.33333333333333
2440469645,b,Juri,374,0
3218956215,b,Marisa,190,95.0
2623156381,b,Marisa,116,43.08571428571429
3437921618,b,Marisa,121,0
2897969647,b,Marisa,305,185.17857142857142
2954117954,b,Cammy,232,0
2234575803,b,Cammy,772,0
