4057943780,i,Cammy,128,0
3567143639,i,Cammy,143,40.62500000000001
3465499493,i,Ryu,1470,0
3389130170,i,Ken,452,240.67532467532465
1719848199,i,Ken,106,45.42857142857142
3406262387,i,Dee Jay,249,0
2056712180,i,Lily,202,101.0
3834617800,i,Lily,140,68.2051282051282
2195834636,i,Lily,151,0
3543785263,i,Lily,625,0
3352496947,i,Chun-Li,445,0
2012990744,i,Juri,289,0
1566842817,i,Luke,387,0
1181934068,i,Jamie,548,238.26086956521738
3735195084,i,Dee Jay,168,0
1309873504,i,Zangief,767,0
3014774347,i,Guile,380,0
2619221257,i,Manon,518,0
3125933361,i,Manon,808,0
3553882672,i,Manon,610,394.7058823529412
1209068503,i,Manon,323,64.60000000000001
2652889556,i,Manon,1734,0
1466303069,i,Manon,172,0
4290707967,i,Manon,109,54.5
1661528248,i,Guile,654,0
3083132007,i,Guile,715,293.5263157894737
3227595193,i,Luke,874,874.0
3193724509,i,Luke,148,0
2412265102,i,Luke,497,397.6
2113230608,i,Luke,195,111.42857142857142
1788259241,i,Luke,504,0
1991603960,i,Edmond Honda,290,145.0
2859228973,i,Jamie,387,246.27272727272728
2553957120,i,Jamie,198,0
2813652134,i,Jamie,574,0
3676126383,i,Jamie,960,0
1349157478,i,Chun-Li,643,0
3135760884,i,Zangief,288,192.0
2326647822,i,Zangief,103,60.083333333333336
2843375752,i,JP,236,0
1303981566,i,Cammy,512,196.92307692307693
1310877647,i,Cammy,612,102.0
3865256289,i,Cammy,130,0
4284166500,i,Cammy,967,350.3623188405797
3918609647,i,Cammy,387,178.6153846153846
1223924982,i,Cammy,499,0
4257436926,i,Cammy,1648,0
3865227867,i,Kimberly,194,91.89473684210526
2156334566,i,Kimberly,938,0.0
1897904555,i,Kimberly,767,0
3924521166,i,Kimberly,221,0.0
3447216616,i,Kimberly,379,47.375
1824014093,i,Kimberly,796,0
1218556938,i,Kimberly,2205,0
1388624353,i,Kimberly,286,50.47058823529412
1759153647,i,Kimberly,347,49.57142857142857
4095654492,i,Kimberly,146,54.75
3226730216,i,Kimberly,123,20.5
3514739399,i,Kimberly,168,0
3660703492,i,Kimberly,158,0
3243417623,i,Dee Jay,118,0
4167198556,i,Dee Jay,271,0
3126427244,i,Dee Jay,272,0
2553236611,i,Dee Jay,129,0
4023842954,i,Dee Jay,109,0.0
1008175771,i,Dee Jay,251,140.56
2599355628,i,Dee Jay,220,75.86206896551725
1279922043,i,Dee Jay,546,0.0
3452557950,i,Dee Jay,345,0
2492081268,i,Jamie,508,0
4170823852,i,Jamie,273,0
4001177785,i,Jamie,108,0
3543986041,i,Jamie,416,0
1299578650,i,Jamie,410,0
3748548375,i,Jamie,410,0
1083917947,i,Jamie,734,0
3637686650,i,Jamie,888,0
1879974623,i,Jamie,342,0
4202287052,i,Jamie,168,0
3483824868,i,Jamie,2699,0
2008257329,i,Jamie,130,0
2836699159,i,Jamie,413,0.0
2872103043,i,Cammy,130,0
3367414823,i,Cammy,144,52.36363636363637
3700502955,i,Ryu,260,0
1648441503,i,Ryu,566,0
1204491075,i,Ryu,333,0
1767488659,i,Ryu,153,0
2602322172,i,Ryu,313,0
2636588185,i,Ryu,474,0
3181252555,i,Ryu,246,0
3146788261,i,Ryu,342,0
3283087287,i,Ryu,283,0
4287485515,i,Cammy,219,90.17647058823529
2279332974,i,Cammy,206,57.68000000000001
2302676092,i,Cammy,1403,0
2297553086,i,Cammy,108,0
1152180192,i,Cammy,1609,0
1183651174,i,Cammy,290,104.19913419913419
1600537685,i,Cammy,280,0
1256816058,i,Cammy,123,0
1582036431,i,Cammy,198,0
1886112336,i,Cammy,240,0
1579128629,i,Cammy,474,255.96
3887505455,i,Cammy,340,0
1128533057,i,Cammy,126,40.6875
2695846699,i,Cammy,230,0
3314484696,i,Luke,124,41.33333333333333
3046275680,i,Luke,687,0
1532104495,i,Luke,169,61.45454545454545
4259788093,i,Luke,647,0
2078299425,i,Luke,269,0
4067681321,i,Luke,382,152.8
2802739507,i,Luke,686,0
1682250768,i,Luke,184,184.0
2373580886,i,Luke,169,0
2521775281,i,Luke,654,0
2439200007,i,Luke,116,0
3474305116,i,Luke,238,0
4290889934,i,Luke,209,0
3412177234,i,Marisa,265,0
3310339696,i,Guile,1616,0
2350998816,i,Luke,266,0
1932041223,i,Edmond Honda,151,0
2945819608,i,Chun-Li,614,491.20000000000005
1360031446,i,Chun-Li,191,0
3793087003,i,Chun-Li,103,38.19101123595506
2599087438,i,Zangief,223,85.76923076923077
2841227030,i,Zangief,404,217.53846153846152
1956846799,i,Luke,2352,0
2452080606,i,Luke,147,0
4148776596,i,Edmond Honda,813,0
3278771200,i,Edmond Honda,462,0
3967250139,i,Jamie,770,0
2367110853,i,Jamie,197,85.06818181818181
4214782697,i,Jamie,545,276.038961038961
1950720853,i,Jamie,111,0
4264977218,i,Jamie,420,0
2117563272,i,Kimberly,1704,0
3772796881,i,Kimberly,303,0
3591583588,i,Chun-Li,343,120.51351351351352
2839381152,i,Manon,658,0.0
1234451394,i,Manon,703,0
3802820147,i,Juri,238,0
3923454320,i,Juri,194,0
3337505457,i,Juri,144,0
1861321841,i,Juri,139,92.66666666666666
4219337623,i,Juri,463,0
1143214008,i,Juri,126,49.875
1659452553,i,Juri,309,0
2391287359,i,Juri,451,0
2779174884,i,Luke,225,0
1128648145,i,Luke,914,0
2769788180,i,Luke,731,649.7777777777777
1924653363,i,Luke,418,0
3649367154,i,Edmond Honda,360,0
1386422134,i,Edmond Honda,511,237.25
3714068886,i,Edmond Honda,170,0
2046573449,i,Edmond Honda,403,403.0
1374989613,i,Jamie,444,156.7058823529412
4207811190,i,Kimberly,105,0.0
2950988409,i,Kimberly,406,183.66666666666666
1748881390,i,Chun-Li,249,0
4181053774,i,Manon,634,0
1029484622,i,Juri,100,0
1448488854,i,Juri,163,63.38888888888889
2033657049,i,Marisa,165,0
1032857568,i,Marisa,217,82.66666666666666
2317143816,i,Marisa,119,0
3673822818,i,Luke,114,0
1919585259,i,Luke,153,0
3041615499,i,Jamie,104,0
2660859984,i,Juri,113,20.545454545454547
1817249413,i,Marisa,111,37.0
2969782501,i,Marisa,909,0
3023604121,i,Luke,1099,0
3611995191,i,Luke,124,38.75
4174760938,i,Luke,131,0
2221000289,i,Chun-Li,414,82.80000000000001
2749211139,i,Chun-Li,461,0
3348223706,i,Chun-Li,453,0
3733019005,i,Chun-Li,211,0
3798884563,i,Chun-Li,125,0
1823755756,i,Chun-Li,252,0
3231633904,i,Chun-Li,285,0
1596673138,i,Chun-Li,104,0
3100663771,i,Chun-Li,334,0
1040418980,i,Chun-Li,2446,0
1841065901,i,Chun-Li,1271,0
1565383420,i,Chun-Li,174,0
3473200673,i,Chun-Li,433,0
2726565022,i,Juri,225,0
4157791620,i,Juri,294,84.0
3707693773,i,Juri,124,0
2722932123,i,Marisa,465,465.0
3222421352,i,Marisa,489,0
1772673751,i,Guile,325,0
1526038232,i,Luke,261,0
1431792698,i,Luke,106,0
3831824543,i,Luke,470,0
2975152658,i,Luke,257,154.2
2282601120,i,Luke,113,0
3721979021,i,Edmond Honda,1163,0
3000736137,i,Edmond Honda,409,0
1400894614,i,Jamie,241,160.66666666666666
1089784062,i,Jamie,1808,1205.3333333333333
2037113306,i,Jamie,127,55.35897435897436
1899493656,i,Rashid,214,0
1621049769,i,Blanka,698,0
4232487258,i,Juri,219,0
3780628189,i,Juri,753,251.0
1205002803,i,Juri,141,0
3684138745,i,Juri,126,39.78947368421053
3229664846,i,Juri,379,0
2480302260,i,Juri,279,80.56684491978609
1239652097,i,Juri,336,0
1998403505,i,Juri,207,0
3061126549,i,Juri,147,32.84042553191489
2267427269,i,Juri,497,0
3350799762,i,Juri,378,203.53846153846152
2865342936,i,Juri,122,0
2999480728,i,Juri,151,0
2511882952,i,Juri,942,652.1538461538462
3452615081,i,Juri,223,0
1127834699,i,Ken,122,66.54545454545455
3075373683,i,Ken,360,0
2944066434,i,Ken,102,0
2436229036,i,Ken,218,0
1553714755,i,Dee Jay,525,0
2999401929,i,Dee Jay,1344,0
1677929593,i,Lily,185,0
2589677445,i,Lily,466,0
2628661151,i,Rashid,220,0
3648053261,i,Blanka,254,0
2806084265,i,Cammy,230,0
2881182066,i,Cammy,126,0
1579903869,i,Cammy,111,0
2554694116,i,Cammy,506,84.33333333333333
3372388052,i,Cammy,1481,504.51648351648356
3907292149,i,Cammy,167,0
2186540369,i,Cammy,594,216.0
3238570168,i,Cammy,128,0
3674192745,i,Cammy,1360,226.66666666666666
4223747613,i,Cammy,230,0
1958494107,i,Cammy,112,0
3153181453,i,Cammy,1123,401.07142857142856
3418011627,i,Cammy,2175,0
3469487490,i,Ryu,323,0
3987680767,i,Ryu,1336,0
1256237041,i,Ryu,211,0
1784137108,i,Ryu,689,0
2207240384,i,Ryu,302,0
1843119636,i,Ryu,282,0
1927111280,i,Ryu,1467,0
1098724100,i,Luke,107,0
2741548704,i,Luke,103,0
1088306578,i,Luke,135,0
4087288462,i,Luke,164,0
1164563025,i,Luke,117,0
1420525334,i,Luke,116,38.666666666666664
3319986511,i,Luke,404,0
2144920901,i,Luke,173,0
2015350785,i,Luke,517,0
2483767552,i,Ken,130,0
2210881732,i,Ryu,139,0.0
2067098668,i,Ryu,276,138.0
4066055385,i,Ryu,251,53.785714285714285
1341822952,i,Juri,299,0
1037213980,i,Juri,757,0
1497565279,i,Ken,119,119.0
1370413864,i,Ken,132,0
4230662320,i,Luke,382,382.0
2587196341,i,Juri,163,0
2859101427,i,Chun-Li,1140,1140.0
3257098916,i,Ken,105,0
3663386079,i,Cammy,247,0
3383630343,i,Ken,3395,0
3988825120,i,Luke,177,0
1363785309,i,Luke,145,0
1577828751,i,Cammy,364,0
3088445373,i,Ken,165,76.15384615384616
1134550365,i,Manon,145,0.0
1591591013,i,Cammy,1431,0
1499441379,i,JP,2394,0
1501545675,i,Edmond Honda,163,0
3571601610,i,Cammy,433,0
2375734597,i,Manon,151,75.5
3455814309,i,Dee Jay,102,0
1966613767,i,Jamie,115,0
3988626009,i,Marisa,110,0
1341810997,i,Marisa,421,0
3029892514,i,Marisa,228,0
3852995204,i,Ryu,110,0
1670194995,i,Chun-Li,158,94.8
3995619619,i,Ryu,351,0
2310399742,i,Ryu,129,0
2410519904,i,Dee Jay,245,0
3903254514,i,Rashid,119,63.0
1028847012,i,Rashid,597,0
1691367856,i,Chun-Li,2880,0
3405836169,i,Chun-Li,570,0
1693621632,i,Manon,159,0
2199728282,i,Manon,206,103.0
1244521900,i,Manon,2614,1493.7142857142856
1470659136,i,Manon,275,65.0
1240677986,i,Zangief,297,0
3551442036,i,JP,123,0
1509317172,i,Dhalsim,1094,0
2088758341,i,Ryu,595,0
2722481020,i,Ryu,185,92.5
3475333668,i,Ryu,873,0
3939696234,i,Ken,348,0
3043740498,i,Ken,210,0
3877248695,i,Ken,227,0
2449405328,i,Ken,126,49.11864406779661
1920179533,i,Ken,444,0
2916545004,i,Ken,431,431.0
2130516079,i,Juri,192,0
1524352588,i,Juri,2110,0
3581808611,i,Juri,120,0
1314926126,i,Juri,109,65.39999999999999
2017339565,i,Juri,232,0
1783943150,i,Juri,224,0
3654974269,i,Juri,522,0
1740921428,i,Juri,111,0
2165363519,i,Juri,248,0
3215067437,i,Juri,156,0
3618541175,i,Marisa,1155,0
2241331608,i,Marisa,198,0
2666484579,i,Marisa,145,0
3214023205,i,Marisa,143,0
1333853155,i,Marisa,322,0
2285293547,i,Marisa,490,0
3426647804,i,Marisa,133,0
2508899493,i,Marisa,236,0
2794397973,i,Marisa,218,118.9090909090909
3851675641,i,Marisa,213,0
3617342216,i,Marisa,131,0
3271993683,i,Marisa,314,151.58620689655174
2382923383,i,Luke,222,0
3005325668,i,Luke,357,0
3622550210,i,Edmond Honda,351,0
1003971663,i,Edmond Honda,104,0
3583561860,i,Jamie,140,0
1499875106,i,Guile,278,164.27272727272728
3294460839,i,Luke,236,94.4
1736269303,i,Luke,183,0
3768195376,i,Luke,566,0
1159034476,i,Luke,311,115.37096774193549
2110971368,i,Luke,314,115.68421052631578
3879966557,i,Edmond Honda,177,70.8
3230263327,i,Edmond Honda,166,55.33333333333333
2740855936,i,Jamie,697,0
3564119881,i,Jamie,205,0
3972816680,i,Jamie,324,0
4033731256,i,Jamie,295,0
1176957931,i,Ryu,275,106.94444444444444
3849039336,i,Ryu,447,0
3583611963,i,Ryu,100,0
3388830924,i,Ryu,499,201.97619047619048
1990111209,i,Ryu,153,0
4284596891,i,Ryu,1936,0
3948879378,i,Ryu,242,161.33333333333331
4131017693,i,Ryu,1678,0.0
2531277511,i,Ryu,103,0
4102622118,i,Jamie,166,0
3773048292,i,Jamie,231,0
1596668303,i,Jamie,379,0
3865550017,i,Jamie,262,0
4132243343,i,Jamie,508,0
3555511144,i,Jamie,100,0
3290038373,i,Lily,190,0
3504696289,i,Juri,243,0
4044358177,i,Juri,175,0
3228102546,i,Juri,571,0
2257192124,i,Juri,337,0
1759451172,i,Juri,183,0
1529748892,i,Juri,346,177.55263157894737
2348290809,i,Juri,476,328.2758620689655
1164113311,i,Guile,302,0
3176649769,i,Luke,442,147.33333333333331
2592356827,i,Luke,390,216.66666666666669
3224476722,i,Luke,208,0
2112762760,i,Edmond Honda,194,0
1205712883,i,Zangief,116,0
3866401963,i,Zangief,310,0
3353085437,i,Zangief,883,0
1840961136,i,JP,347,167.51724137931035
2084120169,i,Cammy,101,0
3578845993,i,Cammy,150,0
3988554623,i,Cammy,148,0
1879521001,i,Cammy,999,0
2882151225,i,Ryu,343,0
2205701321,i,Ken,578,0
1636020757,i,Ken,155,50.22648083623693
3732177771,i,Ken,1158,842.1818181818182
1366767072,i,Ken,109,32.359375
2015154258,i,Ken,203,0
1836514256,i,Dee Jay,953,0
3823737478,i,Dee Jay,143,76.26666666666667
2665599494,i,Blanka,139,0
2172540780,i,Blanka,574,299.1267605633803
2171972566,i,Juri,353,0
3778544034,i,Juri,109,0
1730380265,i,Juri,122,66.80952380952381
2779923740,i,Juri,105,26.25
3292223671,i,Juri,145,0
3084247334,i,Cammy,644,0
1623064881,i,Cammy,174,0
1437661206,i,Cammy,110,0
3280954253,i,Cammy,427,0
1890699980,i,Cammy,360,111.89189189189189
2963278473,i,Cammy,129,0
3629950657,i,Cammy,104,0
2994866819,i,Edmond Honda,268,0
2329385973,i,Jamie,171,0
1030216201,i,Jamie,151,0
3986977398,i,Jamie,151,0
3152800679,i,Jamie,2436,431.375
2546199593,i,Jamie,135,37.241379310344826
1538527422,i,Random,866,0
4069296209,i,Random,788,0
3441567979,i,Kimberly,130,8.666666666666666
3636722279,i,Kimberly,154,154.0
4079967283,i,Kimberly,270,0
1878066579,i,Kimberly,459,0
2547460523,i,Chun-Li,851,0
2641048208,i,JP,444,0.0
3104224788,i,Cammy,230,92.5974025974026
2810034291,i,Cammy,1037,0
2457004994,i,Ken,748,0
3048986107,i,Dee Jay,443,0
2789200337,i,Juri,572,0
2244436884,i,Juri,1284,385.2
2532706048,i,Marisa,123,34.325581395348834
3371442109,i,Marisa,180,100.0
2875808705,i,Marisa,1265,983.8888888888889
1238077694,i,Guile,462,115.5
3910279230,i,Luke,220,0
1463001737,i,Luke,377,0
2389792694,i,Luke,454,170.25
3119748702,i,Luke,228,70.15384615384616
3300082352,i,Cammy,635,240.59006211180125
1148715415,i,Cammy,299,0
3463639266,i,Cammy,124,104.92307692307692
1697494620,i,Cammy,160,20.51282051282051
1189277861,i,Cammy,279,118.78217821782178
1301521115,i,Cammy,151,92.27777777777779
2212486659,i,Ryu,142,0
1738667496,i,Ryu,596,0.0
2140531792,i,Ryu,202,0
1702092415,i,Ryu,150,72.47191011235955
4265297024,i,Ryu,156,0
3272778791,i,Manon,248,49.6
2464551468,i,Manon,1856,0
3196488140,i,Manon,126,0
1753312821,i,Manon,510,0
3802958863,i,Manon,153,0
1324736376,i,Manon,1253,0
1224878767,i,Dee Jay,103,0
1719677720,i,Blanka,246,0
1320168394,i,Juri,360,0
1320386064,i,Juri,103,31.89677419354839
1082868589,i,Juri,164,95.22580645161291
2222051739,i,Marisa,2022,0
4167639877,i,Marisa,296,0
2458392175,i,Guile,130,0
4052285645,i,Guile,535,0
1582002082,i,Guile,190,0
4236993078,i,Ken,274,0
3624381647,i,Ken,363,0
3334198554,i,Ken,134,0
1399784621,i,Ken,673,0
2357404458,i,Ken,220,0
2863337120,i,Ken,130,26.581469648562297
1456280388,i,Cammy,975,0
1263305358,i,Cammy,735,0
3549872156,i,Cammy,114,38.0
3876239053,i,Luke,986,0
2082317884,i,Cammy,164,0
2867440526,i,Luke,237,0
3764048702,i,Luke,669,0
2480612732,i,Luke,1698,0
3842634568,i,Edmond Honda,400,218.18181818181816
3070989410,i,Edmond Honda,1190,0
1335724115,i,Edmond Honda,190,0
1275506101,i,Edmond Honda,4707,0
1294666559,i,Edmond Honda,196,0
3397298865,i,Edmond Honda,325,0
2774033963,i,Edmond Honda,181,64.64285714285714
4071808244,i,Edmond Honda,542,295.6363636363636
1814361012,i,Jamie,237,135.42857142857142
3819599350,i,Jamie,1711,0
4205216218,i,Luke,858,0
2175488010,i,Luke,116,24.369747899159663
2587491040,i,Luke,208,49.92
4077593153,i,Luke,452,0
3450199181,i,Luke,695,0
2835069655,i,Luke,685,0
3420041270,i,Luke,112,0.0
2112697812,i,Luke,469,130.27777777777777
2962105287,i,Luke,172,53.75
3352898704,i,Luke,692,0
2432309870,i,Luke,110,0
2764208602,i,Luke,237,0
4182557319,i,Dee Jay,239,0
2614940767,i,Dee Jay,124,0
1300238643,i,Dee Jay,215,0
2004860411,i,Dee Jay,469,0
1184797861,i,Dee Jay,331,0
2119891811,i,Marisa,1081,0
2174801639,i,Marisa,292,0
2065281591,i,Luke,431,0
2790806084,i,Edmond Honda,125,56.306306306306304
1300524879,i,Edmond Honda,103,0
3891769032,i,Jamie,1916,841.170731707317
1621914369,i,Jamie,109,37.984848484848484
1450469007,i,Jamie,754,0
3145264678,i,Kimberly,490,0
3496442298,i,Kimberly,178,0
3784478271,i,Kimberly,196,0
2686921919,i,Chun-Li,1099,1099.0
4163661754,i,Chun-Li,509,0.0
3709538658,i,Dee Jay,235,0
1733885378,i,Dee Jay,306,155.78181818181815
3963128226,i,Dee Jay,205,102.5
2834859122,i,Dee Jay,252,0
1074687961,i,Dee Jay,212,0
4237727150,i,Lily,432,159.1578947368421
1682017136,i,Lily,231,0
3744213326,i,Lily,203,0
2588236233,i,Lily,1313,0
2178605446,i,Rashid,800,0
3660482046,i,Blanka,826,0
1674861739,i,Juri,151,0
1220617854,i,Cammy,119,0
3957591376,i,Cammy,290,149.26470588235293
1350512575,i,Cammy,364,0
1031023076,i,Ryu,140,0
3893797338,i,Ryu,123,0
2501059265,i,Ken,197,0
4218420348,i,Ken,317,136.88636363636363
2800859846,i,Ken,1301,0
3948989698,i,Ken,5452,0
3288833628,i,Dee Jay,954,0
1533050445,i,Rashid,215,114.66666666666667
1073738538,i,Jamie,200,0.0
2366793028,i,Jamie,353,0
3154546752,i,Jamie,159,66.25
2068225448,i,Jamie,673,0
1653344241,i,Jamie,131,0
2669868048,i,Jamie,148,0
3635487392,i,Jamie,422,133.8048780487805
4249920303,i,Kimberly,566,0
3417301418,i,Kimberly,177,0
1416999333,i,Kimberly,1524,0
2305296590,i,Kimberly,196,0.0
4011395225,i,Kimberly,660,0
3286351961,i,Kimberly,311,0
1161861303,i,Kimberly,798,0
1542892545,i,Kimberly,1531,0
3025936488,i,Chun-Li,235,0
3859740310,i,Chun-Li,328,0
3870469942,i,Chun-Li,211,0
3242699487,i,Chun-Li,244,0
3333844413,i,Chun-Li,622,0
3600658955,i,Chun-Li,217,92.28735632183907
3597900646,i,Chun-Li,1993,0
2328722311,i,Chun-Li,473,0
3221848698,i,Chun-Li,765,153.0
2471923799,i,Chun-Li,428,200.625
1343324347,i,Chun-Li,507,0
3313447820,i,Chun-Li,1606,0
3089558364,i,Ken,139,139.0
2793917985,i,Dee Jay,400,121.73913043478262
3116075066,i,Rashid,128,80.0
3339316205,i,Juri,179,119.33333333333333
1414206554,i,Juri,104,0
2659962185,i,Juri,1843,0
3257997775,i,Marisa,201,67.0
4223670434,i,Luke,192,106.66666666666667
4061364568,i,Luke,250,31.25
2973256752,i,Manon,193,0
3161809138,i,Manon,1859,1115.3999999999999
2117390530,i,Manon,109,0
2152409038,i,Manon,554,443.20000000000005
2272505914,i,Zangief,522,348.0
2433460254,i,JP,1278,0
3754235251,i,Dhalsim,334,0
2183990602,i,Cammy,958,958.0
2461782090,i,Cammy,216,0
1606945239,i,Cammy,202,62.63565891472868
3039834278,i,Juri,439,0
4261483504,i,Juri,654,0
4008125471,i,Juri,102,0
3412802488,i,Juri,100,39.705882352941174
3836509252,i,Juri,592,65.77777777777777
1854598769,i,Juri,413,0
3312339355,i,Juri,115,0
1320366384,i,Luke,193,0
3522644635,i,Luke,210,0
2917779498,i,Jamie,142,76.07142857142857
1713653425,i,Jamie,180,45.0
3380268831,i,Jamie,107,54.945945945945944
1335778224,i,Jamie,1217,811.3333333333333
3849773237,i,Jamie,148,69.6470588235294
3554798926,i,Jamie,225,0
4058111591,i,Jamie,172,0
2757197262,i,Kimberly,153,55.43478260869565
2804521502,i,Kimberly,3615,0
2441471761,i,Chun-Li,408,155.42857142857142
1212796266,i,Manon,120,43.63636363636364
4255772619,i,Manon,431,192.25980392156865
1904814235,i,Dee Jay,448,107.52
3466910087,i,Dee Jay,257,0
2968912733,i,Dee Jay,156,93.6
1051489810,i,Dee Jay,992,0
1430078337,i,Dee Jay,188,0
3090342481,i,Cammy,449,0
4149923045,i,Cammy,137,0
2743168504,i,Cammy,369,0
2002673006,i,Cammy,136,0
1055680835,i,Cammy,456,0
4103617295,i,Cammy,463,0
2819733930,i,Manon,151,0
1561040253,i,Manon,163,0
2348468483,i,Manon,293,0
2156261541,i,Manon,200,0
2395668187,i,Juri,164,0
2289041555,i,Chun-Li,247,0
1966329416,i,Cammy,127,0
3280708473,i,Zangief,204,83.45454545454545
3979514882,i,Juri,241,0
1584256582,i,Luke,592,225.05785123966942
2254885849,i,Edmond Honda,712,267.0
3858502003,i,Ken,122,0
3242704406,i,Zangief,194,72.75
4096612804,i,Blanka,144,0
1457038873,i,Ken,873,225.29032258064515
1596773935,i,Zangief,100,37.5
2007164142,i,Cammy,339,0
3417728789,i,Dee Jay,127,57.63846153846154
3511730635,i,Luke,232,0
1190574093,i,Juri,209,81.36641221374046
2102570235,i,Jamie,1101,0
4080850327,i,Juri,375,0
3935090681,i,Juri,179,0
4046423583,i,Juri,402,268.0
3692264205,i,Juri,213,0
1413015849,i,Juri,652,0
2705388656,i,Juri,100,0
4259931496,i,Juri,148,0
1176256982,i,Juri,126,57.27272727272727
3588901598,i,Marisa,224,0
1420287073,i,Marisa,232,0
2131670336,i,Ken,423,195.23076923076925
3187518485,i,Ken,233,0
2708960571,i,Ken,140,0
2808237846,i,Ken,121,0
2001219066,i,Ken,164,0
2182688994,i,Ken,116,64.74418604651163
3074198139,i,Ken,107,54.87179487179487
3136040241,i,Ken,111,43.72727272727273
3887610841,i,Ken,180,0
2551411959,i,Ken,209,0
2047484812,i,Ken,366,0
3432468516,i,Ken,114,0.0
2741867092,i,Ken,293,0
2002970887,i,Kimberly,131,87.33333333333333
1690574405,i,Chun-Li,1294,0
3296134047,i,Chun-Li,140,35.0
2507816047,i,Chun-Li,375,0
2390308142,i,Chun-Li,229,0
2431082128,i,Chun-Li,270,124.34210526315789
1229449340,i,Chun-Li,167,77.2375
3529469949,i,Manon,143,107.25
3535759690,i,Manon,487,0
3587678617,i,Manon,1125,0
3943977401,i,Manon,237,0
1362465609,i,Zangief,103,0
1955629553,i,Juri,231,115.5
2904843572,i,Juri,509,0
1266772328,i,Marisa,228,120.33333333333334
1757288345,i,Marisa,280,0
3914169796,i,Guile,129,0
1114065913,i,Luke,430,215.0
3195458300,i,Luke,129,67.89473684210526
3368491680,i,Luke,130,0
2714476070,i,Jamie,194,0.0
1262336089,i,Jamie,105,43.75
4243311909,i,Jamie,218,91.41935483870968
2215859024,i,Jamie,2441,0.0
2567694739,i,Jamie,166,67.03846153846153
1102124570,i,Manon,175,58.33333333333333
1455452710,i,Zangief,363,0
1675058299,i,Zangief,156,0
3737896714,i,Zangief,300,0
3393815423,i,Zangief,279,0
1257580337,i,JP,174,0
2799992637,i,JP,546,0.0
2983678651,i,Cammy,211,0
4183771791,i,Cammy,307,0
3320229048,i,Luke,105,0
3493255242,i,Luke,641,0
3502772157,i,Luke,319,0.0
4135118334,i,Luke,531,0
2384840479,i,Luke,335,0
4096519705,i,Luke,146,0
3543549201,i,Luke,276,0
2514506813,i,Luke,386,0
1892812836,i,Luke,135,54.0
2223001170,i,Luke,375,150.0
2644249309,i,Luke,2137,0
4163487661,i,Cammy,137,0
2653917653,i,Cammy,1599,0
3622478482,i,Cammy,1028,429.8909090909091
3860185129,i,Ryu,267,0
3776916569,i,Ryu,719,0
1787749550,i,Ken,196,0
3480235282,i,Ken,156,0
1790017605,i,Ken,246,0
3504645232,i,Juri,336,0
3728782940,i,Juri,121,0
3976241871,i,Juri,843,0
4239445419,i,Marisa,286,155.25714285714284
1035007936,i,Marisa,459,175.5
2619916321,i,Marisa,299,0
3513955636,i,Marisa,403,0
2480726377,i,Marisa,680,0
2548228557,i,Marisa,419,0
2791543644,i,Marisa,125,71.42857142857143
2197784875,i,Dhalsim,1010,0
2770835985,i,Cammy,438,0
3902891723,i,Cammy,218,0
1050330837,i,Cammy,383,164.14285714285714
3707986188,i,Cammy,679,0
1583264643,i,Cammy,118,0
1732707301,i,Cammy,960,0
4238890826,i,Cammy,469,0
1403262917,i,Cammy,940,0
3725761896,i,Cammy,337,48.14285714285714
3841721261,i,Cammy,126,0
2076548156,i,Ryu,838,0
3944295401,i,Dee Jay,379,0
2327735094,i,Lily,1150,0
1427839338,i,Lily,150,64.28571428571428
1108920173,i,Rashid,107,15.285714285714285
1505479055,i,Blanka,697,464.66666666666663
3673251377,i,Juri,412,137.33333333333331
1431072056,i,Juri,101,0
1541348570,i,Juri,116,0.0
3295566032,i,Juri,499,158.77272727272728
3294282143,i,Juri,115,57.5
3118005018,i,Juri,183,91.5
3369031949,i,Juri,133,0
3037973551,i,Marisa,116,0
2599570673,i,Cammy,135,0
1225836925,i,Cammy,3674,0
1923057435,i,Cammy,216,89.14285714285714
1560192182,i,Cammy,281,224.8
3415533610,i,Cammy,124,0
3965257125,i,Cammy,480,144.0
2156142523,i,Cammy,546,0
2365384736,i,Zangief,143,0
1006540381,i,Zangief,116,0
1784170545,i,JP,292,0
2941834417,i,JP,2862,1244.3478260869565
3841896267,i,JP,415,0
3304974102,i,JP,245,72.05882352941177
2160651023,i,JP,361,168.05172413793102
2258418749,i,JP,1252,0
2214290348,i,JP,976,0
1717346540,i,JP,149,0
2820475890,i,JP,497,0
1158857034,i,JP,205,62.39130434782609
3925066150,i,JP,102,0
2517240189,i,Dhalsim,104,0
1813033161,i,Luke,188,0
1653961416,i,Luke,152,0
2119712520,i,Edmond Honda,126,0
1277275918,i,Jamie,1401,0
2509647222,i,Jamie,107,0
3439151177,i,Jamie,710,0
2975387406,i,Jamie,108,0
1590887252,i,Jamie,1751,0
2350530049,i,Jamie,158,0
3391185920,i,Jamie,231,0
1082475863,i,Lily,414,0
3758313546,i,Rashid,332,110.66666666666666
3484197965,i,Blanka,537,0
2957172020,i,Juri,132,32.37735849056604
2859596106,i,Luke,214,54.74418604651163
2573567785,i,Luke,725,0
4104636658,i,Jamie,414,0
2294181266,i,Jamie,342,129.49514563106797
1181340760,i,Blanka,172,0
2731647676,i,Blanka,253,0
4197370926,i,Blanka,1088,0.0
2863207080,i,Blanka,416,416.0
4287495722,i,Blanka,104,0
3509151573,i,Blanka,120,0
1260703073,i,Blanka,510,0
1015072002,i,Blanka,1913,637.6666666666666
1512187967,i,Blanka,209,104.5
3180606095,i,Blanka,267,0
3051903454,i,Blanka,232,66.28571428571428
4108140671,i,Cammy,211,114.29166666666666
2314811344,i,Cammy,373,0.0
1042063643,i,Cammy,303,0
3998970032,i,Cammy,984,268.3636363636363
1952799959,i,Cammy,189,0
3215622489,i,Cammy,109,0
3550572254,i,Ryu,912,0
4079339246,i,Ryu,335,0
3347957239,i,Ryu,121,41.25
2116211167,i,Ryu,202,73.45454545454545
1790708541,i,Ken,312,0
3109833986,i,Ken,277,0
3725032382,i,Ken,115,0
2418221055,i,Ken,302,160.63829787234042
1498852167,i,Ken,136,55.377245508982035
2879696117,i,Ken,1686,0
1038390205,i,Ken,257,0
3331476776,i,Ken,1457,0
2617179371,i,Jamie,392,0
2977255058,i,Jamie,120,28.235294117647058
1382716570,i,Jamie,128,0
1366489506,i,Kimberly,113,0
3030187375,i,Chun-Li,278,0
2592438141,i,Chun-Li,459,211.84615384615387
2713411120,i,Chun-Li,236,41.79166666666667
3815329416,i,Manon,193,87.88392857142857
1525718911,i,Zangief,208,0
1011440460,i,Zangief,126,63.0
2274913774,i,Luke,746,298.40000000000003
3338963015,i,Luke,1767,0
1460484932,i,Luke,234,112.32
3793563620,i,Luke,280,140.0
2763742089,i,Luke,805,536.6666666666666
2614947733,i,Luke,268,0
1284224407,i,Luke,272,0
3546501254,i,Luke,567,0
1206130921,i,Luke,102,0
2944507628,i,Luke,638,0
3519856184,i,Luke,441,147.0
2875600186,i,Luke,278,0
1365233207,i,Luke,508,0
2741973923,i,Luke,408,0
2328174021,i,Cammy,116,0
2877428870,i,Ryu,356,131.1578947368421
3425256004,i,Ryu,127,0
2320174951,i,Ryu,139,0
3934875821,i,Ryu,240,0
2614938969,i,Ryu,1020,0
2704206833,i,Ryu,299,186.875
1619483676,i,Ken,106,50.349999999999994
3976289025,i,Guile,771,0
4269098723,i,Guile,105,0
1266201512,i,Luke,102,0
3317587115,i,Cammy,581,0
2379863654,i,Cammy,105,0
2294991930,i,Cammy,334,0
1449951155,i,Cammy,147,0
2026565111,i,Cammy,1746,0
3451336076,i,Cammy,165,0
1815693748,i,Cammy,2117,483.2282608695652
2683718914,i,Cammy,130,0
3480479687,i,Juri,151,0
1757728587,i,Juri,183,0
2611077240,i,Juri,567,0
1586442800,i,Marisa,138,0
2720737400,i,Marisa,117,78.0
3478282012,i,Marisa,298,166.88000000000002
1079630239,i,Marisa,125,83.33333333333333
2130651571,i,Luke,136,0
4034607919,i,Luke,4913,0
1238367948,i,Luke,165,0
1284637517,i,Ryu,149,62.083333333333336
2449161036,i,Ken,554,0.0
2539195178,i,Ken,134,49.22448979591837
3843927882,i,Chun-Li,100,0
3719644838,i,Chun-Li,2084,0
3465629374,i,Manon,1077,0
1305367127,i,Manon,1725,575.0
4047951721,i,Zangief,892,297.3333333333333
3895693661,i,Zangief,122,0
2026032744,i,JP,1246,0
4074627512,i,JP,1306,0
1061629032,i,Dhalsim,612,108.0
2210441041,i,Dhalsim,929,0
1368534252,i,Cammy,191,0
2271232579,i,Cammy,207,60.21818181818182
1296306012,i,Cammy,118,0
3303796555,i,JP,182,0
3507179143,i,Dhalsim,630,0
3411537410,i,Dhalsim,550,220.0
3821808420,i,Dhalsim,171,85.5
1799944009,i,Cammy,119,0
3023382249,i,Cammy,293,97.66666666666666
1349804652,i,Cammy,241,20.083333333333332
4020807070,i,Cammy,124,55.58620689655172
1481134454,i,Ryu,1145,0
1997905000,i,Ken,2186,0
1412249486,i,Cammy,109,0
1652621279,i,Cammy,344,0
1792958827,i,Cammy,151,0
2734229416,i,Cammy,160,0.0
3426238939,i,Cammy,261,0
1670875574,i,Cammy,179,0
3300093481,i,Juri,136,0
1927883854,i,Juri,724,0
2956517790,i,Juri,1667,0.0
2520238995,i,Marisa,601,0
2848264265,i,Marisa,101,40.400000000000006
3746694749,i,Marisa,139,0
3309273080,i,Marisa,326,0
1072432789,i,Marisa,1016,290.2857142857143
3783708971,i,Guile,145,0
3208652060,i,Luke,2415,905.625
3883168289,i,Luke,205,82.0
3648679248,i,Chun-Li,1058,705.3333333333333
1791012966,i,Chun-Li,149,0
2401650817,i,Manon,104,0
4132051378,i,Manon,118,0
2113359317,i,Manon,433,0
2574065491,i,Manon,308,133.91304347826087
3551044401,i,Zangief,266,0
4184331405,i,Zangief,228,0
4269206595,i,Zangief,232,0
1958528383,i,Zangief,142,0
3889955573,i,Zangief,1110,277.5
1381244203,i,JP,146,35.755102040816325
3196002708,i,JP,208,0
1512430662,i,Manon,501,0
3263110843,i,Zangief,268,0.0
3229344951,i,Zangief,292,0
4259750744,i,Zangief,152,0
2802065947,i,Zangief,284,103.27272727272728
2668647449,i,Ken,110,55.0
2755032317,i,Ken,214,90.10526315789473
2285362797,i,Ken,309,0
1291564220,i,Ken,139,0
1259445031,i,Ken,151,75.5
1927418264,i,Ken,261,0
3186095470,i,Ken,107,37.21739130434783
2268524287,i,Ken,371,0
1943782687,i,Ken,1033,129.125
2271149644,i,Dee Jay,425,166.96428571428572
2222043535,i,Juri,511,0
3653973284,i,Juri,255,0
2304210509,i,Juri,148,0
3780406430,i,Juri,170,62.40506329113924
1493906219,i,Juri,203,0
2805117533,i,Juri,296,102.06896551724138
3878405015,i,Juri,1376,387.6056338028169
2243213482,i,Juri,156,0
1688922623,i,Chun-Li,155,0
3422818756,i,Manon,150,0
3945949189,i,Manon,128,0
3916719923,i,Manon,176,0
2243884494,i,Manon,369,0
1905065979,i,Manon,3236,0
1568456716,i,Zangief,153,0
2898877457,i,Zangief,407,0
2118738363,i,Zangief,160,0
3379255659,i,Zangief,367,0
1591027091,i,Manon,418,154.8148148148148
3786790580,i,Manon,133,0
3147338485,i,Cammy,437,0
4161986029,i,Cammy,275,74.32432432432432
1574214390,i,Cammy,119,0
3200351178,i,Jamie,271,0
4259379236,i,Jamie,125,0
3929123168,i,Jamie,848,312.4210526315789
3108166563,i,Kimberly,300,0
2219493885,i,Kimberly,865,0
3077937707,i,Cammy,370,148.0
1745121916,i,Dee Jay,426,0
2740373971,i,Ken,108,0
2670764682,i,Ryu,614,502.3636363636364
1730757476,i,Cammy,168,120.0
1861086897,i,Cammy,142,0
1361017733,i,Cammy,250,0
1638994975,i,Cammy,1081,0
2686393885,i,Kimberly,224,0
4038066636,i,Guile,167,0
1445666356,i,Guile,434,0
1082602988,i,Marisa,501,0
4056785055,i,Marisa,109,0
4249679226,i,Marisa,303,0
1367444298,i,Marisa,109,0
2489619953,i,Marisa,100,0
4113031042,i,Manon,127,54.42857142857142
2238399859,i,Chun-Li,1241,0
3101897473,i,Luke,628,448.57142857142856
1222544778,i,Ken,226,0.0
3646027109,i,Manon,111,0
3427021192,i,Juri,143,0
1193095150,i,Lily,144,0
1269010887,i,Ken,426,0
1546186346,i,Cammy,513,0
1531157700,i,Luke,285,0
3655204293,i,Marisa,638,0
2202469651,i,Marisa,107,0
1704072022,i,Luke,623,0.0
1051900476,i,Marisa,135,135.0
3902326512,i,Cammy,218,56.869565217391305
4237402963,i,Ryu,272,40.29629629629629
2270159303,i,Ken,1882,0
2426061387,i,Dhalsim,328,0
1454801983,i,Dee Jay,331,0
3273860943,i,Juri,148,35.83157894736842
4048658223,i,Ken,287,0
4208016348,i,Jamie,401,171.85714285714286
3488885431,i,Jamie,3018,1940.1428571428573
2533596051,i,Kimberly,198,0
3451952855,i,Chun-Li,189,0
4263256269,i,Manon,102,0
3738597731,i,Manon,393,0
2180113309,i,Manon,473,378.40000000000003
2563662820,i,Zangief,627,0
3639566731,i,Zangief,114,0
4056619239,i,Zangief,308,77.0
2182776577,i,JP,146,63.875
2537296377,i,Dhalsim,1308,1308.0
2097733007,i,Cammy,370,0
1418773269,i,Cammy,116,48.15094339622642
2456638829,i,Cammy,174,85.35849056603773
3774543141,i,Cammy,160,0
1594319702,i,Ryu,335,178.66666666666666
1529933725,i,Ryu,244,0
1499645899,i,Ryu,359,0
1504527730,i,Ryu,127,0.0
1963988719,i,Ryu,521,0
2720744922,i,Ken,121,0
3455152179,i,Ken,105,0
1582906832,i,Ken,238,238.0
2822864005,i,Ken,133,0
2760349487,i,Ken,253,0
3984988965,i,Blanka,110,0
1025480834,i,Juri,169,18.777777777777775
4058103434,i,Juri,127,37.797619047619044
2161065649,i,Marisa,231,0
4252999932,i,Marisa,136,0
3106999253,i,Marisa,163,0
3032775783,i,Marisa,843,0
3058656087,i,Guile,281,193.79310344827587
2597665021,i,Guile,137,38.05555555555556
1973621499,i,Luke,153,0
1877980147,i,Luke,438,219.0
4172568629,i,Luke,456,0
3707209478,i,Juri,168,0
3053025705,i,Juri,137,0
3254393628,i,Juri,189,0
4270804450,i,Juri,111,0
1461320487,i,Juri,161,0
3974969697,i,Juri,218,0
1665309412,i,Lily,961,0
4216787037,i,Juri,319,147.23076923076923
3758089283,i,Juri,158,79.0
2513772635,i,Juri,219,106.45833333333333
3058638211,i,Juri,108,0
3507114068,i,Juri,208,73.90862944162437
1609287908,i,Marisa,174,0
2667910829,i,Marisa,533,0
2285090715,i,Marisa,145,0
1133346155,i,Marisa,159,0
4026833697,i,Luke,316,0
4130838103,i,Luke,406,0
1723213801,i,Luke,1097,337.53846153846155
3585732483,i,Luke,1253,0
2045753738,i,Luke,242,0
3673532700,i,Luke,175,0
1705160521,i,Luke,225,0
3805954763,i,Luke,114,0
2557295240,i,Luke,105,39.02654867256637
1847283471,i,Luke,1119,373.0
3792480128,i,Luke,505,0
3072379596,i,Dhalsim,1949,0
3369058985,i,Dhalsim,182,0
1978149647,i,Cammy,412,0
1069387234,i,Cammy,209,0
1802185995,i,Cammy,150,0
3808161975,i,Cammy,411,82.2
2363129542,i,Cammy,444,0
3450901712,i,Cammy,515,0
3775819376,i,Cammy,130,0
2442757720,i,Cammy,382,84.88888888888889
3736764358,i,Cammy,206,74.9090909090909
2254858298,i,Cammy,162,0
2479845186,i,Ken,1767,0
2118877159,i,Ken,359,0
1954259053,i,Ken,1802,0
1198277389,i,Lily,526,0
2011305046,i,Rashid,297,198.0
1808384911,i,Rashid,321,0
4108456808,i,Juri,149,0
3122160121,i,Juri,104,0
1581603090,i,Juri,189,0
1234516852,i,Marisa,364,0
3401197747,i,Marisa,1219,0
3772465659,i,Marisa,248,146.54545454545456
2426314644,i,Marisa,155,38.75
1609127276,i,Luke,231,231.0
1639100780,i,Ken,367,0
3749185256,i,Ken,112,70.0
3168053406,i,Ken,173,86.5
3429662994,i,Ken,1357,339.25
1075801033,i,Ken,227,102.51612903225806
1740011176,i,Ken,118,0
1875825235,i,Ken,152,0
1783346113,i,Dee Jay,138,0
3395144396,i,Dee Jay,727,0
3747833948,i,Cammy,113,0
4291868820,i,Cammy,158,0
1326908086,i,Cammy,185,0
3460733856,i,Cammy,246,100.40816326530613
2521331280,i,Cammy,258,0
2247635864,i,Cammy,231,52.8
3471156197,i,Cammy,447,0.0
3745945408,i,Cammy,155,0
3868268038,i,Cammy,465,0
2291574676,i,Marisa,120,0
3173063961,i,Marisa,121,0
3911336966,i,Guile,1977,0
1467748630,i,Guile,390,125.80645161290322
3089869870,i,Luke,108,30.681818181818183
2681639915,i,Luke,759,506.0
3551328739,i,Luke,635,0
4085614649,i,Luke,126,36.58064516129033
1356428283,i,Luke,101,0
2547634085,i,Jamie,324,0
1759829486,i,Jamie,230,0
2638548336,i,Luke,1249,0
1877524281,i,Edmond Honda,170,0
1014519751,i,Edmond Honda,564,0
3847717121,i,Kimberly,123,0
1128192029,i,Chun-Li,158,0
1758329386,i,Manon,264,33.0
3177385111,i,Zangief,139,0
1376118268,i,Marisa,863,0
2745369845,i,Marisa,133,54.56410256410256
3007196554,i,Marisa,283,0.0
1134554026,i,Marisa,265,0
1876681407,i,Marisa,138,0
2954327787,i,Marisa,2372,0
1487735753,i,Marisa,300,0
3489277538,i,Marisa,2294,1433.75
3208300945,i,Marisa,355,0
4174568816,i,Marisa,118,0
4037702652,i,Marisa,234,0
2901774951,i,Luke,180,63.529411764705884
3397104204,i,Luke,1458,0
4294033585,i,Jamie,1785,0
1426569764,i,Jamie,113,47.80769230769231
3816957237,i,Random,130,0
1776299129,i,Random,214,98.76923076923077
1599649520,i,Random,105,0
2411333241,i,Random,1451,0
1569676025,i,Random,224,0
2959929047,i,Random,135,0
2001620651,i,Random,208,0
1293655627,i,Random,202,0
4047606202,i,Random,403,0
3920747589,i,Random,1534,0
3225548275,i,Random,407,154.0
3086858633,i,Random,2365,0
1884913590,i,Random,413,0
3293978433,i,Random,792,0
2761435993,i,Luke,119,0
2759352663,i,Luke,223,111.5
3694890943,i,Luke,664,0
3680103170,i,Luke,130,0
2940784151,i,Luke,255,145.7142857142857
1174341588,i,Luke,136,0
4082372446,i,Luke,466,176.9620253164557
2023668304,i,Luke,379,145.76923076923077
3493978667,i,Luke,1373,0
1822873648,i,Luke,301,0
2291963964,i,Edmond Honda,210,0
3772799242,i,Edmond Honda,208,0
3195586510,i,Edmond Honda,100,0
2202160064,i,Edmond Honda,119,0
2791737120,i,Edmond Honda,1137,0
1079184055,i,Edmond Honda,223,0
1426672262,i,Edmond Honda,161,0
4179439026,i,Edmond Honda,695,0
1418568673,i,Edmond Honda,161,53.666666666666664
4227604780,i,Edmond Honda,615,0
3131100446,i,Edmond Honda,567,236.25
3377465500,i,Edmond Honda,919,816.8888888888888
3369963553,i,Cammy,1117,0
1478201773,i,Cammy,210,60.666666666666664
3689883969,i,Cammy,914,139.2761904761905
2414234461,i,Cammy,569,0
4118510530,i,Cammy,109,0
1905565106,i,Cammy,138,0
3597569896,i,Cammy,457,182.8
2100130687,i,Cammy,131,0
2552781438,i,Cammy,2307,0
2378828112,i,Cammy,219,31.285714285714285
1125099720,i,Cammy,829,0
3926225182,i,Cammy,508,508.0
3665681212,i,Cammy,312,208.0
1286042733,i,Ryu,269,153.7142857142857
3509143958,i,Ryu,137,0
3503995675,i,Ken,726,0
2547244374,i,Ken,747,373.5
4043420507,i,Ken,291,153.1578947368421
3296094192,i,Dee Jay,660,424.28571428571433
4200064981,i,Dee Jay,146,0
1809413055,i,Dee Jay,886,0
3337597841,i,Dee Jay,232,0
3294241361,i,Lily,354,0
2546714349,i,Lily,163,65.2
1276626660,i,Lily,116,52.387096774193544
2525270209,i,Lily,124,0
3848020089,i,Rashid,327,0
1322551973,i,Blanka,177,0
3934432122,i,Lily,234,0
3765273328,i,Lily,1832,0
3453061641,i,Lily,190,95.0
4173238184,i,Lily,364,0
3323741792,i,Lily,340,89.47368421052632
3614104020,i,Lily,222,0
3783389003,i,Lily,106,0
2795254119,i,Lily,732,0
4158391248,i,Lily,188,0
2044290750,i,Lily,187,0
2535323856,i,Lily,374,0
2407554046,i,Lily,360,0
2262613478,i,Lily,414,0
3154124084,i,Juri,330,146.25
3668452221,i,Juri,484,0
1170369605,i,Marisa,170,0
2707955285,i,Marisa,389,0
1478680594,i,Luke,542,208.46153846153848
2930232259,i,Luke,186,0.0
1086763929,i,Luke,264,0
3131557492,i,Luke,360,211.76470588235296
1274586073,i,Edmond Honda,177,0
3729061319,i,Jamie,502,0
1016220655,i,Jamie,184,0
2432931139,i,Jamie,146,97.33333333333333
3064949201,i,Jamie,3998,0
2884710770,i,JP,1002,0
1364137801,i,Dhalsim,337,116.01639344262294
2157152949,i,Dhalsim,290,78.37837837837839
1918301697,i,Dhalsim,153,0
3886666246,i,Dhalsim,638,0
4189840752,i,Dhalsim,305,0
1888398362,i,Dhalsim,624,0
1027253195,i,Dhalsim,269,0
1148882686,i,Dhalsim,658,0.0
4106781326,i,Dhalsim,212,0
4140754963,i,Dhalsim,180,0.0
2252849658,i,Dhalsim,2480,0
3275182844,i,Dhalsim,127,0
2495655348,i,Cammy,467,0
4025785148,i,Luke,312,0
3643686420,i,Edmond Honda,176,0
3723290746,i,Edmond Honda,435,174.0
3512433139,i,Edmond Honda,158,109.91304347826086
3607090276,i,Edmond Honda,192,0
4177371575,i,Edmond Honda,269,0
2733201183,i,Edmond Honda,453,0
3986919499,i,Jamie,130,0
2918596362,i,Jamie,1405,0
2295759959,i,Jamie,437,218.5
2468714651,i,Jamie,1338,860.1428571428572
1604563350,i,Jamie,100,0
3090945440,i,Jamie,341,0
3843599766,i,Jamie,257,151.1764705882353
3396559474,i,Jamie,148,54.52631578947368
2128739420,i,Jamie,672,158.11764705882354
3676461164,i,Jamie,652,0
1706030036,i,Random,243,0
3878644027,i,Kimberly,109,0
3934041286,i,Chun-Li,1890,0
1407348009,i,Chun-Li,325,154.375
2768635201,i,Luke,389,201.20689655172416
1195077459,i,Luke,157,0
2395392581,i,Luke,658,0
3210237658,i,Luke,197,0
3900619198,i,Edmond Honda,1214,0
3492859144,i,Edmond Honda,377,142.64864864864865
3863366926,i,Jamie,845,845.0
3976171497,i,Jamie,147,0
1856007436,i,Jamie,314,0
1514249732,i,Jamie,166,0
2848768483,i,Kimberly,514,342.66666666666663
3345671813,i,Kimberly,189,0
1156384281,i,Chun-Li,176,75.42857142857143
1562813587,i,Chun-Li,223,148.66666666666666
3062334760,i,Ken,191,0
1473093033,i,Ken,168,84.0
2421561546,i,Ken,155,0
2119324697,i,Ken,533,0
1315478699,i,Ken,636,0
4120742861,i,Ken,687,0
1807125212,i,Dee Jay,751,0
1915646741,i,Cammy,2145,0
2362654136,i,Cammy,363,0
1604027424,i,Cammy,101,0
2760364935,i,Ryu,1464,0
1270127315,i,Ryu,296,0
1814853795,i,Ryu,294,0
2501612437,i,Luke,157,0
1685829235,i,Luke,486,0
1795045966,i,Luke,100,0
2014672484,i,Luke,108,0
2044001781,i,Edmond Honda,349,0.0
3852780450,i,Edmond Honda,877,0
3471097759,i,Kimberly,1559,0
2129246312,i,Kimberly,162,0
1089183075,i,Chun-Li,2357,0
2938913400,i,Chun-Li,471,0
3942671310,i,Chun-Li,530,302.85714285714283
3565762411,i,Chun-Li,229,0
2646337402,i,Chun-Li,500,0
1300297201,i,Chun-Li,433,173.20000000000002
1366660655,i,Chun-Li,316,114.9090909090909
3305391558,i,Chun-Li,767,0
1592893007,i,Chun-Li,482,219.0909090909091
3522996061,i,Chun-Li,825,825.0
2026342240,i,Manon,135,0
1889334894,i,Manon,327,0
3089120302,i,Manon,657,0
2548356613,i,Manon,209,120.57692307692307
2096506892,i,Manon,857,0
3430683871,i,Manon,106,0
4195635649,i,Manon,205,102.5
3731953786,i,Manon,397,0
4027761388,i,Manon,803,0
2932839449,i,Manon,104,0
4144551702,i,Dee Jay,349,0
2466765126,i,Dee Jay,305,0
1364323701,i,Lily,151,0
3188968641,i,Lily,173,0
3798893184,i,Rashid,1019,0
4054396192,i,Blanka,188,0
1523735900,i,Blanka,397,170.14285714285714
1701769283,i,Juri,660,0
4093458747,i,Juri,191,0
1836340263,i,Juri,295,156.71875
1987347051,i,Juri,202,0
3548525801,i,Juri,345,0
1841855396,i,Zangief,172,0
1494998394,i,JP,154,115.5
1190211364,i,Cammy,121,0
1908420474,i,Cammy,537,0
3271766124,i,Cammy,1109,0
3803673989,i,Cammy,145,0
1106596957,i,Ryu,153,0
1471473656,i,Ryu,151,0
3688158817,i,Ken,312,0.0
3442378881,i,Manon,234,117.0
3743751147,i,Manon,435,0
3297702954,i,Manon,214,0
1084305710,i,Manon,200,0
3435202942,i,Manon,190,95.0
2443745810,i,Manon,167,64.64516129032258
1394717970,i,Manon,399,0
3483932031,i,Manon,169,66.1304347826087
2003919591,i,Chun-Li,405,0
1640654927,i,Ken,1434,590.4705882352941
1957263384,i,Ken,110,0
1105880264,i,Ken,232,0
3266879630,i,Ken,163,0
2515484511,i,Ken,167,0
4262054719,i,Manon,384,0
1737497943,i,Ken,386,0
1879405804,i,Ken,362,160.88888888888889
3369447351,i,Ken,1003,0
2209046836,i,Ken,554,0
1798700551,i,Luke,278,0
3126875200,i,Jamie,1015,304.5
3766608541,i,Lily,1110,431.6666666666667
1208997965,i,Guile,601,0
2507313163,i,Guile,216,0
2893514758,i,Jamie,347,0
3333184178,i,Guile,467,222.38095238095238
3244341348,i,Guile,1518,0
1972525227,i,Guile,200,0
1628970982,i,Jamie,122,63.65217391304348
1493780496,i,Edmond Honda,181,0
2336413336,i,Cammy,226,105.6304347826087
1365911471,i,Juri,260,0
3681761835,i,Ken,736,0
4197925256,i,Chun-Li,107,53.5
1537454367,i,Ken,350,280.0
3165454682,i,Marisa,148,48.0
1502812579,i,Cammy,937,0
3524511748,i,Jamie,203,0
2882519839,i,Jamie,246,0
2094205929,i,Jamie,1239,0
3611536168,i,Jamie,713,0.0
3352463131,i,Jamie,150,0
2147083304,i,Jamie,1132,0
1453138178,i,Jamie,547,0.0
3268427795,i,Jamie,563,375.3333333333333
4274114978,i,Jamie,578,0
1626600456,i,Jamie,386,64.33333333333333
4131411516,i,Jamie,921,0
1489948387,i,Marisa,1294,0
1225606924,i,Marisa,984,492.0
3528303621,i,Marisa,702,273.0
3373462531,i,Marisa,126,0
2843896205,i,Guile,363,37.55172413793103
1831052861,i,Luke,635,308.42857142857144
2245391700,i,Luke,481,0
2693389788,i,Luke,330,0.0
3428210425,i,Luke,383,0
3739212861,i,Luke,141,0.0
3658812245,i,Luke,468,0
2375474148,i,Luke,122,0
1324652445,i,Luke,320,29.090909090909093
3055975976,i,Edmond Honda,428,0
3006861649,i,Jamie,377,0
2279643512,i,Jamie,264,0.0
2308283459,i,Random,354,0
2948447986,i,Kimberly,499,0
3656813760,i,Kimberly,181,0
3157684160,i,Chun-Li,212,0
1615409134,i,Chun-Li,123,0
2667736953,i,Chun-Li,210,79.8
4002635476,i,Manon,766,0
2591798952,i,Manon,579,0
3587048375,i,Cammy,299,0
2668528426,i,Cammy,1331,511.92307692307696
1353353682,i,Cammy,152,58.83870967741935
1643370855,i,Cammy,926,0
3135887304,i,Cammy,413,0
2609441185,i,Cammy,245,0
4082934865,i,Cammy,141,0
2546070424,i,Cammy,336,129.5
2803707773,i,Cammy,191,0
3055079575,i,Cammy,337,0
2208745185,i,Ryu,256,0
4188007074,i,Ryu,846,423.0
2115233288,i,Ken,208,0
3326914221,i,Ken,175,0
3203060791,i,Ken,636,318.0
1499028020,i,Ken,257,120.46875
4016118563,i,Ken,745,324.7435897435897
1636197926,i,Ken,145,68.54545454545455
3991325307,i,Dee Jay,111,0
1897197381,i,Lily,114,0
1906687178,i,Rashid,335,202.76315789473685
3782661166,i,Juri,391,0
1240312063,i,Marisa,458,378.3478260869565
2761117985,i,Marisa,259,86.33333333333333
3135697863,i,Marisa,187,64.16666666666667
1094574403,i,Marisa,121,64.53333333333333
2240285692,i,Guile,605,197.2826086956522
4181305497,i,Guile,148,0
2451234580,i,Luke,151,0.0
2273318627,i,Luke,762,290.2857142857143
2928323495,i,Luke,171,0
3509775252,i,Luke,493,0
4276291172,i,Edmond Honda,221,0
2631945869,i,Ken,114,0
1364567038,i,Ken,564,0
3136251828,i,Ken,367,0
2521890281,i,Dee Jay,102,68.0
1222398394,i,Lily,138,0
1373931739,i,Rashid,690,0
1774656079,i,Juri,410,0
1576535945,i,Juri,143,0
2922072516,i,Juri,296,0.0
1037206076,i,Juri,235,0
4000364804,i,Marisa,106,0
1291677089,i,Ken,470,0
3481457577,i,Ken,128,35.08629441624365
4232934495,i,Ken,670,0
2958556726,i,Ken,291,0
1894035962,i,Ken,377,0
2795399083,i,Ken,333,161.45454545454547
2917653175,i,Ken,142,62.9622641509434
1121459224,i,Ken,127,24.19047619047619
2357579814,i,Luke,348,0
3672968140,i,Luke,322,0
2109001428,i,Luke,159,0
3323597761,i,Luke,417,0
2931722292,i,Luke,670,0
3340012749,i,Luke,184,110.39999999999999
1897385516,i,Luke,170,0
3600531613,i,Luke,136,75.03448275862068
1646290862,i,Luke,1193,0
1454346004,i,Luke,146,0
1938384961,i,Luke,122,0
2936447229,i,Luke,142,47.33333333333333
2442237387,i,Luke,110,0
1267953057,i,Luke,883,0
1472180583,i,Luke,204,102.0
2071560183,i,Edmond Honda,265,0
2128159415,i,Edmond Honda,110,24.0625
1607333572,i,Edmond Honda,155,0
3925482734,i,Edmond Honda,388,0
1270806174,i,Edmond Honda,796,0.0
3149440654,i,Edmond Honda,299,0
3562691179,i,Edmond Honda,494,0
2436148987,i,Edmond Honda,467,0
3048158360,i,Edmond Honda,487,0
2198708427,i,Edmond Honda,3111,0
2681573167,i,Chun-Li,130,0
3074048954,i,Manon,256,0
3539237613,i,Manon,196,0
1851789242,i,Manon,176,0
1973475635,i,Manon,223,0
1566390767,i,Zangief,330,0
2247646916,i,Zangief,105,0
2873750104,i,JP,1406,0.0
1778935798,i,Cammy,138,0
3313584032,i,Cammy,487,0
3720732855,i,Cammy,145,54.375
1466356627,i,Cammy,168,0
3319491432,i,Cammy,215,111.97916666666667
2398783283,i,Ken,201,103.74193548387096
1672817882,i,Ken,1197,441.75
1025012611,i,Ken,135,43.732394366197184
3853395889,i,Ken,124,0
1831678496,i,Ken,234,88.75862068965517
2293597721,i,Ken,652,456.4
1131634744,i,Dee Jay,1782,0
2870468417,i,Dee Jay,455,0
2074504198,i,Cammy,210,0
2052404351,i,Cammy,230,0
1561917846,i,Cammy,132,0
1865582649,i,Cammy,348,0
1432225156,i,Ryu,205,0
2849091421,i,Ryu,165,0
3949411642,i,Ryu,172,0
3614326209,i,Juri,138,0
2394602103,i,Juri,114,0
2161967378,i,Juri,533,0
1117029514,i,Juri,113,0
4158310859,i,Juri,173,0
2851384621,i,Marisa,162,0.0
1563999909,i,Marisa,198,0
3399550657,i,Marisa,215,118.25000000000001
3470581375,i,Cammy,275,0
4287298308,i,Cammy,913,0
1166728679,i,Ryu,359,0
2756166798,i,Ken,444,222.0
1590293577,i,Ken,114,0
1476830739,i,Ken,355,194.140625
2938592654,i,Ken,947,0
3616037251,i,Ken,153,0
4292880090,i,Lily,270,90.0
2988709214,i,Lily,300,88.23529411764706
2923563319,i,Juri,113,70.625
1108692939,i,Juri,345,0
4234245970,i,Guile,1022,1022.0
2871511530,i,Guile,102,0
1556441409,i,Guile,246,0
1477881189,i,Guile,163,93.14285714285714
1351643923,i,Luke,114,0
2272166706,i,Luke,264,158.4
1425475453,i,Luke,1263,561.3333333333333
2704968920,i,Jamie,2643,0
2466405296,i,Jamie,920,230.0
1074186990,i,Random,115,28.75
2829065810,i,Lily,679,441.35
3722167149,i,Blanka,175,0
3888180697,i,Juri,133,34.396551724137936
3273985809,i,Juri,118,53.55384615384615
2870596588,i,Juri,118,0
2089387098,i,Juri,137,0.0
4244492362,i,Juri,148,0
3145591564,i,Juri,192,0
1439348652,i,Juri,248,0.0
2728238164,i,Marisa,119,52.24390243902439
3581996437,i,Jamie,134,0
4280961446,i,Jamie,723,241.0
1513920539,i,Jamie,114,40.23529411764706
2212719874,i,Jamie,188,70.0
3725618199,i,Jamie,416,0
3531622249,i,Jamie,254,254.0
1556752814,i,Jamie,309,0
1957993873,i,Jamie,200,66.66666666666666
2800272356,i,Random,110,48.4
1542626902,i,Jamie,713,316.88888888888886
3415483943,i,Jamie,305,152.5
2263206235,i,Jamie,110,0.0
1506041114,i,Kimberly,344,0
1867404561,i,Kimberly,356,0
1202663202,i,Jamie,364,0
3564959895,i,Jamie,158,0
3457774027,i,Kimberly,160,81.95121951219512
3504765665,i,Kimberly,299,0
4234678869,i,Chun-Li,126,69.09677419354838
3859637244,i,Manon,673,294.4375
1601606746,i,Manon,461,0
3250921593,i,Zangief,1790,0
1555402197,i,Ryu,800,400.0
3273076403,i,Ryu,516,0
1804623325,i,Ryu,310,155.0
1065616611,i,Ryu,1194,0
1266103698,i,Ryu,1573,0
1851420185,i,Ryu,414,414.0
3992198252,i,Ryu,275,0
1488314194,i,Ryu,1351,886.59375
3460426019,i,Ryu,281,0
3237138167,i,Ryu,355,0
1445318158,i,Ryu,1307,0
1256330018,i,Ryu,684,114.0
3554475887,i,Ryu,576,172.79999999999998
4201473068,i,Ryu,180,0
2621138295,i,Luke,683,341.5
1779395065,i,Luke,293,75.34285714285714
2235445016,i,Luke,305,0
2210366394,i,Luke,168,0
2230759384,i,Lily,280,0
2539015413,i,Rashid,287,0.0
3231922786,i,Rashid,196,0.0
3913744464,i,Jamie,317,0
3659079333,i,Jamie,239,0
3232347010,i,Jamie,925,0
3149725794,i,Jamie,548,0
1889776764,i,Jamie,151,0
4094302178,i,Jamie,180,61.15384615384615
3000536211,i,Jamie,153,39.11278195488722
3869248384,i,Jamie,1111,0
3726828231,i,Jamie,183,0
3777647681,i,Jamie,431,0
3088246767,i,Luke,476,173.0909090909091
3480974419,i,Luke,787,0
2131553880,i,Luke,121,0
2519862291,i,Luke,385,171.11111111111111
2259504747,i,Luke,437,0
1063288244,i,Edmond Honda,846,0
1051000526,i,Edmond Honda,105,63.0
2569403450,i,Edmond Honda,556,463.33333333333337
2781980023,i,Edmond Honda,193,0
1789530613,i,Edmond Honda,625,240.88541666666669
2561464109,i,Edmond Honda,1095,0
3397306477,i,Edmond Honda,249,0
4145173904,i,Edmond Honda,1650,0
1532586461,i,Marisa,509,0
1200591147,i,Marisa,193,85.77777777777777
2219985935,i,Juri,193,0
1459337271,i,Juri,292,0
1535181460,i,Juri,156,84.5
3569744615,i,Juri,110,0
3980730763,i,Manon,295,0
1968056729,i,Manon,198,0
1942208795,i,Manon,298,0
2992735027,i,Manon,316,316.0
1882104480,i,Chun-Li,112,32.0
1088586129,i,Edmond Honda,239,0
1332308723,i,Edmond Honda,141,0
3632895519,i,Edmond Honda,139,0
4281544357,i,Luke,237,0
2146667268,i,Luke,304,122.50746268656717
3353490075,i,Zangief,119,40.64851485148515
4113558626,i,JP,1458,0
4092421035,i,Luke,103,0
1933006652,i,Marisa,120,0
3932289009,i,Marisa,361,0
1484457496,i,Jamie,268,83.04225352112675
2644415610,i,Ken,181,0
2572632883,i,Kimberly,250,0
2644628192,i,Marisa,162,0
3791181991,i,Ryu,455,172.34848484848484
3112266586,i,Ryu,292,80.40579710144928
2856369040,i,Ryu,100,58.333333333333336
3914478050,i,Ken,117,0
1830763459,i,Ken,392,0
1030080023,i,Ken,225,0.0
3750822129,i,Ken,101,0
2926524388,i,Lily,131,0
1893153309,i,Kimberly,658,0
2780596096,i,Cammy,167,0
1837621381,i,Guile,165,0
2761275850,i,Zangief,100,0
1227603026,i,Luke,141,60.82352941176471
3994897550,i,Cammy,165,0
4240721533,i,Cammy,135,0
3484302739,i,Cammy,1530,0
2690175222,i,Cammy,2936,0
1963814324,i,Cammy,116,0
3303401355,i,Cammy,2802,0
3935597326,i,Cammy,155,15.5
1085455755,i,Cammy,116,0
1243483315,i,Ryu,102,68.0
3246854075,i,Ryu,219,0
3491495499,i,Edmond Honda,174,0
3463825554,i,Edmond Honda,3155,0
2678327704,i,Jamie,479,0
3212777429,i,Jamie,148,87.05882352941177
3106973747,i,Kimberly,148,0
4098880310,i,Kimberly,203,0
2146775654,i,Kimberly,1904,0
3101852249,i,Chun-Li,203,0
1381436062,i,Chun-Li,306,144.5
3603354946,i,Manon,612,374.00000000000006
1905922968,i,Zangief,354,295.0
1996646813,i,Zangief,173,66.25531914893617
1343919326,i,Zangief,736,292.8979591836735
3116789754,i,Zangief,1037,0
1480489856,i,Cammy,142,0
3607560194,i,Cammy,123,56.375
3745840747,i,Ryu,178,39.073170731707314
1787743604,i,Ryu,120,80.0
1340172499,i,Ryu,402,234.50000000000003
4015989934,i,Ryu,130,0
2483181817,i,Ryu,908,0
1188096076,i,Ryu,205,64.0625
1043659494,i,Guile,551,0
3637453340,i,Guile,156,0.0
2817644672,i,Guile,155,0.0
3115832480,i,Guile,108,0
1146905951,i,Guile,564,0
2988699754,i,Guile,231,0
1261145326,i,Luke,165,0
1486590591,i,Luke,364,0
3294182451,i,Luke,117,0
4139596255,i,Luke,365,0
2244763611,i,Luke,157,56.56617647058823
1786312393,i,Luke,304,0
2406653897,i,Cammy,151,0
2206404535,i,Cammy,103,0
3115989712,i,Cammy,178,0
2016591087,i,Cammy,150,46.15384615384615
1389038283,i,Cammy,132,0.0
1175654424,i,Cammy,308,0
4231963997,i,Cammy,295,0
4283406056,i,Cammy,265,73.01020408163265
2750182674,i,Ryu,370,0
3184418956,i,Ryu,141,70.5
4289341148,i,Ryu,107,0
1261035782,i,Ken,535,224.8312883435583
1070348866,i,Ken,289,0
3620043429,i,Ken,631,0
3057743376,i,Ken,133,0
1579501840,i,Ken,147,0
1498702548,i,Ken,173,0
3033418771,i,Ken,157,19.625
1058464365,i,Ken,107,0
3543081471,i,Ken,250,112.90322580645162
1018445602,i,Ken,224,0
2732048529,i,Ken,318,108.78947368421053
1925502204,i,Kimberly,369,0
2946055914,i,Manon,502,365.0909090909091
2590651649,i,Manon,151,0
2375676115,i,Manon,160,0
4019104067,i,Zangief,510,0
3925776905,i,Dhalsim,744,0
2799370023,i,Cammy,137,0
1761214717,i,Cammy,344,0
2813348226,i,Cammy,1053,0
1291033814,i,Cammy,541,0
3468842582,i,Ryu,209,0
1811786599,i,Ryu,819,455.0
3482975659,i,Ken,159,92.3225806451613
2225444454,i,Ken,386,96.5
1051916228,i,Jamie,211,0.0
2964377524,i,Kimberly,245,0
1969930639,i,Kimberly,444,0
2255790771,i,Chun-Li,1356,1017.0
1065245007,i,Chun-Li,108,0
3480513328,i,Manon,594,0
1932482661,i,JP,205,0
1363370014,i,JP,233,0
1820696077,i,Dhalsim,1431,0
1143193511,i,Cammy,690,345.0
2780157012,i,Ryu,190,0
3679926401,i,Ryu,272,0
3923400775,i,Ryu,129,0
2127309583,i,Ryu,546,0
2080653335,i,Guile,184,0
1666837304,i,Luke,122,0
3533580729,i,Luke,1662,1022.7692307692308
2190416456,i,Edmond Honda,943,0
2610501480,i,Edmond Honda,150,103.84615384615384
4088969748,i,Jamie,111,0
4060080304,i,Jamie,245,61.25
1663973676,i,Jamie,189,68.72727272727273
3475355538,i,Jamie,1087,457.6842105263158
1287453534,i,Ryu,740,293.20754716981133
3255848911,i,Lily,114,0
2760137365,i,Lily,145,0
1921986595,i,Lily,582,0
1515298579,i,Lily,1826,0
4142547259,i,Lily,2640,0
3561043035,i,Lily,221,0
3612434402,i,Lily,197,56.285714285714285
2559799581,i,Rashid,696,253.0909090909091
1609785022,i,Rashid,333,81.11538461538461
3246608008,i,Rashid,290,0
3148303515,i,Rashid,244,133.0909090909091
3739949273,i,Rashid,850,0.0
2282712172,i,Ken,1094,0
4029865850,i,Dee Jay,100,0
2847893532,i,Dee Jay,227,0
1292640725,i,Dee Jay,121,0
3083337970,i,Lily,1833,0
3283367519,i,Rashid,487,324.66666666666663
1075274787,i,Rashid,668,259.77777777777777
1841220079,i,Blanka,874,0
3294441204,i,Manon,114,0
4063467306,i,Manon,170,80.95238095238095
3898950518,i,Zangief,2305,0
2097876667,i,Zangief,213,182.57142857142856
2769882795,i,Zangief,1514,0
4148267538,i,Zangief,1003,0.0
1985230319,i,Marisa,213,0
4153144035,i,Luke,276,0
3199236558,i,Luke,106,53.0
2796228175,i,Luke,116,0
3567497769,i,Luke,619,0
1326348044,i,Luke,119,0
3349366485,i,Luke,523,217.91666666666669
3292350171,i,Edmond Honda,715,0.0
1344579816,i,Jamie,135,0
2724328592,i,Jamie,136,0
3887074146,i,Jamie,291,0
2242686976,i,Kimberly,1263,0
1090770992,i,Kimberly,1086,610.875
4088238865,i,Kimberly,163,65.5360824742268
3493935514,i,Kimberly,544,0
3406003464,i,Kimberly,516,172.0
2869413725,i,Kimberly,463,0
2682583088,i,Jamie,1214,303.5
3701029882,i,Kimberly,411,205.5
2998364909,i,Chun-Li,267,0
1166721652,i,Chun-Li,465,0
3248550578,i,Chun-Li,1484,0
3954186736,i,Ken,593,185.5195530726257
1500270992,i,Rashid,239,139.41666666666669
1676222044,i,Juri,180,90.0
3966373213,i,Juri,244,97.126213592233
1608390268,i,Juri,302,0
3586470016,i,Juri,172,65.15151515151516
2048728345,i,Marisa,313,0
1986667546,i,Jamie,102,0
2956519768,i,Jamie,667,0
4283815962,i,Jamie,502,313.75
1384646048,i,Jamie,176,0
3731118887,i,Jamie,262,0
4119193379,i,Jamie,162,0
1295096610,i,Jamie,1554,0
1985645466,i,Jamie,1809,0.0
4028939264,i,Jamie,175,0
1554261036,i,Jamie,824,329.6
3143902828,i,Jamie,203,0
1068073411,i,Jamie,283,0
2459137332,i,Jamie,348,0
1475516624,i,Ken,1751,0
4248508479,i,Ken,235,117.5
3081060806,i,Dee Jay,460,0
4083883666,i,Lily,655,0
3697341058,i,Juri,360,130.66666666666669
2217578125,i,Juri,315,0
3729057506,i,Juri,601,0
2838627822,i,Juri,565,0
2679909814,i,Marisa,195,78.0
1048424504,i,Marisa,299,0
1214826724,i,Marisa,190,80.0
1809615803,i,Guile,103,46.64150943396226
1371988408,i,Luke,139,59.822784810126585
1670698028,i,Ken,126,0
1346951249,i,Ken,119,62.333333333333336
2057381260,i,Dee Jay,812,0
3527298122,i,Dee Jay,313,0
2269767474,i,Dee Jay,325,0.0
1933618465,i,Dee Jay,331,116.82352941176471
3701514230,i,Dee Jay,1124,0
3709868676,i,Dee Jay,798,0
2481204666,i,Dee Jay,531,0
1333360565,i,Dee Jay,245,0
3206490586,i,Lily,282,0
1509494502,i,Lily,347,0
3628786816,i,Guile,512,170.66666666666666
2635030125,i,Guile,1182,0
1878470309,i,Guile,720,0
3293492513,i,Guile,240,80.0
1796754896,i,Guile,232,116.0
4213302422,i,Luke,648,0
2065739429,i,Luke,614,0
1905764193,i,Luke,404,0
2161991457,i,Luke,600,0.0
1103260362,i,Edmond Honda,641,641.0
3431484280,i,Edmond Honda,184,0
2084981196,i,Jamie,191,191.0
1861486723,i,Guile,279,0
2133186029,i,Guile,508,0
1520451380,i,Jamie,667,0
1954375515,i,Jamie,101,0
3890598440,i,Ryu,253,0
1896692147,i,Ryu,336,63.39622641509435
1451605383,i,Ryu,304,0
2386158411,i,Ryu,315,0
2987186794,i,Ryu,358,128.28333333333333
1549071020,i,Ryu,736,0
2929209486,i,Ryu,114,0
2597875567,i,Ryu,244,61.0
1371245848,i,Ryu,393,0
2821446186,i,Ryu,124,29.931034482758623
2098529224,i,Luke,978,0
1746014416,i,Luke,2246,0
4102947563,i,Luke,221,49.662921348314605
4087055014,i,Luke,1480,0
3514101680,i,Luke,180,0
3161684590,i,Luke,527,0
3078623647,i,Luke,109,0.0
1266205761,i,Luke,275,0
3514563916,i,Luke,1079,0
4149588428,i,Luke,367,0
4146088702,i,Luke,189,75.60000000000001
4044692864,i,Luke,214,93.625
1846555155,i,JP,303,0
3687373861,i,Ryu,328,194.37037037037035
4174337302,i,Ryu,351,0
2050885495,i,Ryu,1630,633.8888888888889
3373923842,i,Edmond Honda,474,0
2488297381,i,Edmond Honda,117,0
1034222785,i,Luke,468,0
1227159598,i,Luke,419,104.75
2972772442,i,Luke,547,256.40625
2423435056,i,Luke,263,0.0
1285849023,i,Cammy,310,144.66666666666666
3802339212,i,Cammy,241,0
2742731294,i,Cammy,260,123.1578947368421
1380681180,i,Ryu,154,0
2180058983,i,JP,246,0
3938927001,i,Manon,133,0
2527064279,i,Jamie,329,0
1536397753,i,Jamie,383,0
1296302803,i,Jamie,713,0
2899213865,i,Jamie,411,0
1437844011,i,Jamie,545,0
1092862420,i,Random,2288,0
1091646639,i,Kimberly,208,0
2929238343,i,Kimberly,166,134.5945945945946
2953710199,i,Chun-Li,459,173.67567567567568
3913954426,i,Marisa,276,50.18181818181818
2466306283,i,Jamie,163,0
2633865536,i,Ken,139,0
2967072378,i,JP,405,0
1542820454,i,Ken,251,0
3561144323,i,Juri,477,159.0
1755187009,i,Jamie,432,0
4201786345,i,Jamie,517,118.81366459627328
2861944511,i,Jamie,682,330.0
1051814502,i,Jamie,109,0
2870873760,i,Jamie,3123,0
3812028264,i,Jamie,246,13.666666666666666
3553451017,i,Jamie,574,0
2488197448,i,Jamie,875,0
2718438176,i,Jamie,709,0
2704751743,i,Jamie,451,0
3678266562,i,Jamie,166,0
2765751378,i,Jamie,158,0
2536013298,i,Jamie,187,0
1607886812,i,Marisa,237,0
1347184854,i,Luke,532,0
3784048901,i,Luke,1600,615.3846153846155
3704227458,i,Luke,112,74.66666666666666
1188949763,i,Luke,103,57.22222222222222
1390596097,i,Edmond Honda,228,0
1877667516,i,Jamie,401,0
1936863051,i,Jamie,154,0
2452230410,i,Jamie,253,0
1268980763,i,Ryu,424,195.6923076923077
1807748817,i,Ken,117,87.75
2097209996,i,Ken,365,243.33333333333331
2413136680,i,Ken,352,0
3043388958,i,Dee Jay,258,0
1817232017,i,Dee Jay,799,577.0555555555555
3574535040,i,Lily,229,0
1137602321,i,Lily,341,0
3905207326,i,Lily,405,135.0
2725023878,i,Blanka,409,0
3014628187,i,Juri,742,742.0
3848054104,i,Juri,228,0
1055159902,i,Juri,108,30.578313253012052
3889500837,i,Juri,164,0
1230062629,i,Marisa,388,0
2375625485,i,Zangief,388,0.0
1802317636,i,Cammy,1109,0
2358891088,i,Cammy,115,0
1072225665,i,Cammy,222,63.96610169491526
3558875532,i,Cammy,234,0
4230841268,i,Cammy,190,0
3389366253,i,Cammy,217,0
2715134330,i,Cammy,189,0
1824488565,i,Ryu,537,0
2319781705,i,Ryu,626,0
2814295081,i,Ryu,387,0
1523807249,i,Ken,169,0
2166639935,i,JP,148,0
3502262256,i,JP,603,0
1498217704,i,JP,621,0
1500303155,i,JP,2153,0.0
2543517461,i,JP,404,0
3898047826,i,JP,195,0
2410430711,i,JP,716,0
1048275556,i,JP,106,0.0
3121889929,i,JP,265,0
3893112772,i,JP,265,0
2336631245,i,JP,584,0
2483516594,i,Ken,120,0
3371688607,i,Ken,109,65.39999999999999
2798502410,i,Ken,131,30.761133603238864
1233120448,i,Ken,334,0
1539809290,i,Ken,480,0
2760503919,i,Ken,296,118.4
1231762175,i,Ken,301,0
2687445307,i,Ken,360,0
1868683290,i,Ken,275,158.65384615384613
3415635446,i,Ken,145,84.58333333333334
4245355089,i,Ken,105,0
1037279317,i,Lily,355,0
2562791302,i,Lily,1674,0
4062209206,i,Blanka,312,0
3913579614,i,Blanka,698,249.28571428571428
2758081417,i,Blanka,627,0
3546381530,i,Chun-Li,635,120.95238095238095
3058887089,i,Chun-Li,876,0
2873275477,i,Chun-Li,264,0
2987746401,i,Chun-Li,292,103.61290322580646
3895736708,i,Chun-Li,284,0
2187484557,i,Chun-Li,2898,0
3757986092,i,Chun-Li,570,0.0
3637629828,i,Chun-Li,163,0
3134910374,i,Chun-Li,113,0.0
2325818542,i,Kimberly,608,0
1876851575,i,Chun-Li,242,0
2642625617,i,Manon,229,0
1835551790,i,Manon,112,0
4219891119,i,Manon,752,0
3908992866,i,Manon,506,0
1218160800,i,Manon,236,0.0
3655876959,i,Manon,300,150.0
3499589479,i,Manon,529,186.7058823529412
1537974299,i,Manon,331,0
2036687498,i,Manon,227,0
1169483196,i,Manon,105,0
4194893854,i,Manon,951,0
2627460973,i,Zangief,415,0
3415690770,i,Zangief,763,0
2601587778,i,Zangief,349,0
3955178572,i,Zangief,228,82.9090909090909
2359024205,i,Jamie,485,0
4212992283,i,Jamie,671,319.5238095238095
3221395087,i,Jamie,201,107.51162790697673
1097102738,i,Jamie,817,0
2872119826,i,Jamie,507,202.8
1222252762,i,Kimberly,154,0
1715554155,i,Kimberly,149,0
1109349524,i,Kimberly,832,0
4008826160,i,Kimberly,201,0
1830082721,i,Chun-Li,250,0
2538996295,i,Chun-Li,467,0
3468179378,i,Chun-Li,534,0
1012492468,i,Chun-Li,167,70.975
1092850149,i,Guile,869,0
3164601099,i,Luke,969,490.96000000000004
3494930933,i,Jamie,117,117.0
3297939110,i,Kimberly,270,116.75675675675676
2303219752,i,Kimberly,291,0
1718025465,i,Chun-Li,259,94.18181818181819
2061772980,i,Manon,603,0
2680675901,i,Manon,496,0
1956256150,i,Manon,304,0
3187972202,i,Zangief,173,76.88888888888889
1004081664,i,Zangief,144,0
3225682679,i,JP,3078,0
2053011495,i,Dhalsim,347,0
2193629874,i,Dhalsim,1566,0
3076793176,i,Dhalsim,272,94.15384615384615
1353337944,i,Cammy,713,0
3185043134,i,Cammy,1057,264.25
3503468171,i,Cammy,408,0
4269047662,i,Cammy,195,0
4214197480,i,Cammy,223,0
4127975153,i,Cammy,499,249.5
3098548891,i,Cammy,344,0
1452918800,i,Chun-Li,107,0
3021443833,i,Chun-Li,183,0
3016537256,i,Chun-Li,115,34.84848484848485
3013781451,i,Chun-Li,206,0
2592390834,i,Chun-Li,1018,339.3333333333333
1066542375,i,Chun-Li,114,0.0
1376740519,i,Chun-Li,117,0
3630869951,i,Chun-Li,106,0.0
3442743204,i,Chun-Li,363,0
3423141159,i,Chun-Li,222,74.0
1186631768,i,Ken,207,0
3502151069,i,Ken,123,0
2713096828,i,Ken,105,0
3209211039,i,Ken,216,0
1318449873,i,Ken,159,0
4041227635,i,Ken,377,0.0
3347207798,i,Ken,305,0
2665972077,i,Ken,396,201.47368421052633
1593252683,i,Ken,122,0
2366814809,i,Ken,411,0
3116118085,i,Juri,761,380.5
3057732874,i,Juri,173,0
1991871270,i,Juri,127,61.951219512195124
1132987393,i,Marisa,119,0
2806592368,i,Guile,204,0
2978664341,i,Guile,164,0
2853610412,i,Luke,155,124.0
2313682299,i,Luke,158,0
3083979999,i,Luke,254,0
2885965994,i,Chun-Li,286,0
2926880041,i,Chun-Li,114,0.0
1960537044,i,Manon,122,0
3958222514,i,Manon,474,379.20000000000005
1981445526,i,Manon,465,0
3969734356,i,Juri,174,48.333333333333336
3110686706,i,Juri,162,0
4080320084,i,Juri,368,0
4247972843,i,Juri,815,0
2620437905,i,Juri,174,0
3734460154,i,Juri,477,137.31818181818184
2505174666,i,Juri,321,0
2314156432,i,Juri,350,100.0
2669246686,i,Ken,507,264.52173913043475
1566816755,i,Ken,260,0
3880650398,i,Ryu,247,123.5
3299593657,i,Ryu,852,0
3655041615,i,Ryu,467,0
2569681113,i,Ryu,441,0
3142169740,i,Ryu,134,0
2517742802,i,Ryu,208,61.1764705882353
3399911745,i,Ryu,615,230.625
1371655646,i,Ryu,233,0
1338046700,i,Ryu,1350,450.0
2005183012,i,Ryu,219,0
3895299613,i,Ryu,1728,460.8
3515553407,i,Ryu,148,0
2132099530,i,Ryu,325,0
3973535083,i,Manon,235,0
3544692713,i,Manon,241,0
4242894538,i,Manon,528,0
2556635197,i,Manon,159,0
1464652967,i,Manon,194,0
3586895253,i,Manon,125,0
1793515389,i,Manon,236,0
2354511257,i,Manon,270,0
1654343461,i,Random,668,256.92307692307696
2552869695,i,Kimberly,393,0
1715320810,i,Kimberly,452,0
3413077772,i,Kimberly,110,0
2417696088,i,Kimberly,107,0
4244870238,i,Cammy,262,0
3577133828,i,Cammy,454,90.80000000000001
1855881304,i,Cammy,104,0
3559516507,i,Cammy,213,69.67289719626167
1440295516,i,Cammy,306,0
4116454568,i,Cammy,806,806.0
2459901864,i,Cammy,235,0
3651823679,i,Cammy,575,0
3363738983,i,Cammy,326,0
1033303912,i,Cammy,1212,0
1905280527,i,Cammy,476,0
3357389131,i,Cammy,135,0
3950903748,i,Cammy,133,0
1504124423,i,Cammy,111,33.06382978723404
2915094928,i,JP,749,0
4137953447,i,JP,1853,0
2162911175,i,Dhalsim,1409,0
4021659941,i,Dhalsim,127,56.44444444444444
3144077758,i,Cammy,219,88.4423076923077
3516944932,i,Dhalsim,151,0
1449505525,i,Dhalsim,127,48.84615384615385
3509218173,i,Kimberly,103,0
2109730974,i,Kimberly,699,0
1475908291,i,Kimberly,508,0
1675681902,i,Kimberly,147,0
2903008178,i,Kimberly,457,0
1553475134,i,Kimberly,1063,0.0
1565317716,i,Cammy,237,118.5
1521659238,i,Cammy,273,0
3566820147,i,Cammy,121,0
1295879271,i,Cammy,390,0
4069668446,i,Blanka,245,0
3917295929,i,Marisa,834,156.375
2456845424,i,Zangief,108,0
1553706631,i,Dee Jay,117,0.0
3769834825,i,Dee Jay,198,101.06249999999999
4290960002,i,Lily,204,106.74418604651163
2269615878,i,Juri,387,0
3999397425,i,Juri,199,0
3869255148,i,Juri,227,0
1253976398,i,Juri,665,0
2662468892,i,Dee Jay,677,0
4248873217,i,Juri,108,0
1549008925,i,Marisa,149,0
3393776632,i,Manon,144,0
2667811544,i,Cammy,188,0
3615568760,i,Cammy,117,0
1389542871,i,Cammy,1031,0
3607450931,i,Ryu,641,0
1083611826,i,Ryu,141,75.0
2088451826,i,Ryu,801,0
2952931584,i,Ken,502,0
1355615773,i,Ken,249,0
3975227937,i,Dee Jay,284,0
1677896602,i,Dee Jay,188,0
4058862245,i,Dee Jay,325,81.25
2474388315,i,Dee Jay,680,226.66666666666666
1941654779,i,Lily,488,366.0
1014125295,i,Manon,199,0
2919508823,i,Zangief,925,0
3067914283,i,Zangief,362,0
3272848538,i,JP,155,0
2159053509,i,Cammy,151,66.58267716535433
1340161931,i,Cammy,161,0
1590550003,i,Cammy,468,234.0
4226223296,i,Ryu,672,316.2352941176471
1555580758,i,Ryu,152,0
1890774202,i,Ryu,198,116.21739130434784
3545333409,i,Ken,306,0
1722673361,i,Ken,526,0
2170157325,i,Ken,311,0
2445784065,i,Ken,101,39.350649350649356
1556997152,i,Ken,158,0.0
1344239826,i,Ken,108,72.0
1025990871,i,Ken,234,117.0
2660286554,i,Ken,181,90.5
2582556165,i,Ken,204,0
1199446892,i,Cammy,103,0
2664236491,i,Cammy,941,338.76
3181194661,i,Cammy,106,0
2101358456,i,Cammy,150,0
1700130008,i,Cammy,189,0
2917922331,i,Ryu,184,0
1884032699,i,Ryu,1044,387.7714285714286
2358272565,i,Ken,151,125.83333333333334
1651685802,i,Ken,388,129.33333333333331
3760589167,i,Ken,210,70.0
3356280078,i,Zangief,510,0
1358223324,i,Zangief,110,0
2659271423,i,Zangief,105,0
3151233393,i,Zangief,145,0
1454452480,i,Zangief,1078,0
3052616619,i,Zangief,272,0
1610943400,i,Zangief,399,239.39999999999998
2545498000,i,Zangief,198,0
3870441291,i,Kimberly,131,0
3928713507,i,Kimberly,478,239.0
2189635298,i,Kimberly,611,0
3775137820,i,Kimberly,108,0
1601270434,i,Chun-Li,407,85.18604651162791
2906940184,i,Chun-Li,391,0
3794040559,i,Chun-Li,166,166.0
2993986775,i,Marisa,149,0
2036679244,i,Marisa,557,0.0
4272860062,i,Marisa,110,42.5
1380195199,i,Guile,419,197.1764705882353
1098461048,i,Guile,298,0
1162052499,i,Guile,270,112.5
1639232126,i,Guile,974,454.53333333333336
3209250346,i,Guile,102,16.105263157894736
2819577850,i,Luke,197,0
1531238607,i,Luke,1889,0
4224100947,i,Luke,581,210.8053097345133
2829390307,i,Luke,169,0
1661886020,i,Luke,162,0.0
3201940699,i,Jamie,206,113.09803921568628
4159435638,i,Jamie,132,0
1796996987,i,Juri,213,162.88235294117646
3192632791,i,Juri,184,45.333333333333336
2197039220,i,Juri,334,0
1679378146,i,Juri,139,0
1832621994,i,Rashid,389,205.94117647058823
1120794759,i,Blanka,111,0
3986637444,i,Juri,303,0
2859815874,i,Juri,150,0
3099872836,i,Juri,197,0
2642914146,i,Luke,1206,0
4053894891,i,Jamie,441,0
1456505465,i,Kimberly,205,0
2606420705,i,Chun-Li,463,0
2594048285,i,Manon,117,0
4025564658,i,Manon,103,0
4003695503,i,Zangief,442,0
1666446571,i,JP,871,0
1897447637,i,Juri,218,0
3591974208,i,Juri,298,0
3053850057,i,Juri,306,0
3666382449,i,Juri,224,0
3119131114,i,Juri,160,0
1038356170,i,Cammy,184,0
2101922780,i,Cammy,858,0
1870837344,i,Ryu,610,0
4034681545,i,Ryu,380,108.57142857142857
3085796514,i,Ryu,127,80.81818181818181
1324062633,i,Ryu,924,0
3346606012,i,Ryu,480,0
1686881218,i,Ryu,230,0
1040177069,i,Ken,1418,0.0
1847231440,i,Ken,223,0
4229968996,i,Ken,170,63.75
4252360027,i,Juri,204,0
3135054922,i,Juri,252,0
3515319976,i,Juri,559,301.0
1247161141,i,Marisa,218,95.0
2215282281,i,Marisa,174,0
2830489914,i,Guile,323,258.40000000000003
3824430265,i,Guile,204,89.47368421052632
4280399295,i,Guile,411,0
3413465149,i,Guile,816,0
1063158590,i,Luke,153,0
1153138310,i,Luke,298,134.9433962264151
2675725443,i,Luke,938,402.0
1158208451,i,Luke,150,0
3324385459,i,Luke,2388,0
4246044338,i,Luke,308,130.50847457627117
2002988148,i,Luke,1031,0
1420436983,i,Luke,156,0
1240501948,i,Edmond Honda,392,0
4210917763,i,Edmond Honda,597,0
1551120252,i,Zangief,335,0.0
2626665971,i,Zangief,1039,61.11764705882353
1743112981,i,JP,509,0
3551335285,i,JP,198,0
3158751094,i,JP,177,0
3306987800,i,JP,256,0
4197902618,i,Dhalsim,369,0
3270669474,i,Dhalsim,976,209.14285714285714
2164248882,i,Dhalsim,2322,0
2954333208,i,Dhalsim,1221,0
3271146885,i,Cammy,421,183.51282051282053
1992088267,i,Marisa,129,45.61071428571429
3112654765,i,Luke,270,45.0
1349152975,i,Luke,241,91.34677419354838
3194632223,i,Luke,263,0.0
1324990864,i,Edmond Honda,163,0
2404085687,i,Jamie,553,0
2476836860,i,Jamie,127,0
1487821638,i,Kimberly,682,0
3125403246,i,Kimberly,135,51.92307692307693
3728678388,i,Chun-Li,335,0
3895317666,i,Chun-Li,142,142.0
1655216057,i,Manon,168,103.38461538461539
1332423718,i,Ken,154,55.1358024691358
3554892277,i,Luke,297,60.78947368421052
2787154662,i,Luke,771,0
1074508117,i,Luke,129,0
1224019725,i,Luke,191,106.11111111111111
3816230198,i,Luke,118,0
1403147476,i,Luke,809,0
3188949375,i,Edmond Honda,118,0
2651011391,i,Manon,258,0
1869723513,i,Manon,115,0
3409043126,i,Manon,149,0
3713965467,i,Manon,195,0
2329226292,i,Juri,267,0
2192883216,i,Juri,614,0
3728380700,i,Juri,2179,0
1447559833,i,Juri,179,0
3967943181,i,Juri,133,0
4095010070,i,Juri,240,0
3829113142,i,Juri,121,44.57894736842105
1355624367,i,Juri,212,0
1034113836,i,Marisa,216,0
1561221724,i,Marisa,147,0
1082539833,i,Marisa,987,434.28000000000003
1867851572,i,Cammy,154,42.24
4026226294,i,Ken,272,0
3724714814,i,Ken,124,49.6
2493546360,i,Ken,2731,0
1798593126,i,Dee Jay,431,215.5
2080492999,i,Lily,1040,0
1734649705,i,Rashid,786,0
3865052068,i,Cammy,229,0
3727758383,i,Cammy,119,59.5
2322240853,i,Cammy,167,0.0
3576826394,i,Cammy,933,0.0
2577679470,i,Cammy,189,0
3429539510,i,Juri,337,0
3789155878,i,Juri,466,180.38709677419354
3583922202,i,Juri,276,0
1195210868,i,Juri,355,0.0
2950013205,i,Marisa,139,0
1578109038,i,Marisa,566,0
3716532057,i,Marisa,248,0
2298753319,i,Marisa,186,0
4112532824,i,Cammy,575,0
1155405889,i,Cammy,196,123.2
1228521754,i,Ryu,198,104.21052631578947
2922983273,i,Ryu,326,0
1421766115,i,Ryu,479,0
2448363402,i,Ryu,800,266.66666666666663
3046716317,i,Ryu,1177,0
1486558157,i,Ryu,134,0
4136804748,i,Ken,361,0
2278085990,i,Ryu,189,13.5
1378850664,i,Cammy,1231,0
2676611656,i,Cammy,226,0
3876012755,i,Cammy,114,0
2690522991,i,Cammy,215,0
3297141385,i,Marisa,1601,0
4018476712,i,JP,387,0
2372879816,i,Cammy,366,366.0
4153295002,i,Cammy,549,137.25
4063284648,i,Zangief,786,0
3787122971,i,Blanka,840,0
1474821461,i,Blanka,608,364.8
2977229094,i,Juri,134,0
2375548780,i,Juri,247,0
2063115494,i,Marisa,744,0
2805958180,i,Marisa,419,0
1658064069,i,Marisa,163,58.054794520547944
2479572340,i,Chun-Li,197,0
3380054619,i,JP,105,0
2261505922,i,Zangief,141,0
2481743909,i,Cammy,159,0
3995905093,i,Zangief,130,58.5
4111504479,i,Juri,167,0
2461746345,i,Cammy,255,127.5
3681467499,i,Jamie,103,38.625
3505745156,i,Jamie,132,0
1982319670,i,Jamie,254,0
2898600469,i,Jamie,568,0
1191623169,i,Marisa,2539,1813.5714285714287
3804419069,i,Luke,198,0
2860455440,i,Luke,191,0
3109528476,i,Luke,235,0.0
1073934756,i,Jamie,1384,0
3278271844,i,Jamie,843,0
3107373823,i,Jamie,1072,484.1290322580645
1467839071,i,Jamie,196,0
2501209276,i,Jamie,181,76.21052631578947
1526307019,i,Jamie,475,0
1877171242,i,Kimberly,400,0
3203321844,i,Kimberly,152,84.94117647058823
2581299602,i,Kimberly,2123,0
2080558641,i,JP,148,74.0
2505662539,i,JP,909,0
3937363256,i,JP,158,0
1309192984,i,JP,662,94.57142857142857
2116729527,i,JP,106,0
1212187683,i,JP,237,43.09090909090909
2484575763,i,JP,1069,0.0
1754102354,i,JP,317,0
3962089245,i,JP,194,59.69230769230769
3227849333,i,JP,1644,0
1881156446,i,JP,270,162.0
3729481427,i,JP,237,72.92307692307693
1077556870,i,JP,334,0
1016782697,i,Cammy,165,0
2148593616,i,Cammy,1139,0
1914038544,i,Cammy,105,0
3698784867,i,Cammy,1683,0
2965038399,i,Cammy,356,0
1628194151,i,Cammy,195,45.5
1290048847,i,Cammy,217,0
3434859418,i,Cammy,225,88.63636363636363
1593897664,i,Ryu,127,0
3532755383,i,Ryu,256,0.0
3524022656,i,Cammy,165,16.5
2352185827,i,Cammy,332,141.85454545454544
1814133989,i,Cammy,222,72.36075949367088
1215174617,i,Cammy,127,0
2775560146,i,Cammy,1470,918.75
1904272470,i,Cammy,130,0
2906428578,i,Cammy,123,65.83098591549295
2539998097,i,Cammy,2106,0
3781555769,i,Cammy,1151,0
1254041790,i,Cammy,267,0
2784176935,i,Juri,276,0
3880393516,i,Juri,1434,0
3416497523,i,Juri,112,40.72727272727273
1713389254,i,Juri,1337,0
2590335669,i,Juri,1218,415.9024390243903
2086699295,i,Juri,105,11.76
2624854338,i,Juri,208,69.33333333333333
1423610216,i,Juri,222,0
1760890864,i,Juri,477,197.78048780487805
2669376982,i,Juri,288,0
1016447236,i,Juri,233,0
1450923870,i,Juri,144,0
4274046695,i,Ken,299,0
2677110911,i,Ken,122,0
2805262113,i,Ken,228,0
3357059422,i,Ken,264,0.0
1984304777,i,Ken,306,0
4076749874,i,Ken,612,459.0
3965892621,i,Zangief,104,54.73684210526316
1349035718,i,Zangief,114,37.32743362831859
1665692698,i,Dhalsim,538,0
1997647604,i,Cammy,113,0
1578944525,i,Cammy,154,53.42857142857143
1809719143,i,Cammy,102,0
4259278826,i,Cammy,388,0
2130566660,i,Cammy,394,0
1335276658,i,Cammy,106,0
2830188140,i,Cammy,156,0
2856539626,i,Cammy,158,79.0
3191157423,i,Cammy,405,188.0357142857143
2206266732,i,Cammy,223,0
2506035467,i,Cammy,573,55.45161290322581
