4157235029,p,Jamie,785,471.0
2145044598,p,Zangief,822,0
1502894466,p,Blanka,457,0
2850695847,p,Lily,728,314.03921568627453
2465917814,p,Cammy,757,411.80800000000005
2597033941,p,Manon,311,92.14814814814814
2683095164,p,Marisa,577,0
2567053251,p,Cammy,912,0
1442117049,p,Marisa,2548,1123.7131842713954
2857762236,p,Marisa,2371,1506.5729166666665
4227718189,p,Zangief,907,400.1470588235294
2667976063,p,Blanka,323,191.16326530612244
4019556893,p,Cammy,283,0
2952485251,p,Cammy,452,198.97826086956522
3719038402,p,Ryu,402,234.50000000000003
3918625829,p,Marisa,834,238.28571428571428
1983747857,p,Ken,1391,632.7292418772563
2165249953,p,Lily,882,0
3386164407,p,Zangief,1959,783.6
3114061795,p,Ken,1619,816.6008771929825
2945613550,p,JP,119,96.26966292134831
3658469028,p,Guile,401,213.86666666666667
3007231631,p,Ken,329,278.38461538461536
2836641497,p,Edmond Honda,2237,0
1569634648,p,Ken,907,453.5
2510106247,p,Jamie,2206,0
2635786881,p,Jamie,2559,0
1308753782,p,Cammy,1701,703.8620689655172
2271090489,p,Lily,201,0
3658629737,p,Manon,416,185.9217877094972
3150691875,p,Jamie,275,210.2941176470588
3648104346,p,Jamie,966,0
1315498941,p,Cammy,363,0
1483692203,p,Ryu,5637,1879.0
2803557062,p,Ryu,1655,0
3957736866,p,Ryu,498,339.5454545454545
4038247098,p,Ryu,1769,0.0
3024682808,p,Ryu,1090,0
3704143040,p,Ryu,2291,2291.0
1712405846,p,Ryu,1915,865.3790087463557
2849450890,p,Ryu,2001,844.2757475083056
4103262841,p,Ryu,2389,0
3601717365,p,Ryu,583,252.21985815602838
1974410617,p,Ken,384,0
3839996023,p,Ken,317,161.33035714285714
3933944076,p,Ken,1009,560.5555555555555
2746950235,p,Ken,547,227.69856459330143
2587003833,p,Ken,577,255.09473684210525
2196385422,p,Ken,198,155.1891891891892
1329823239,p,Ken,1620,0
3726344156,p,Jamie,4650,0
2268601568,p,Jamie,2867,872.5652173913044
2808167230,p,Jamie,3005,2303.8333333333335
2749637668,p,Jamie,1801,1100.6111111111113
3269151993,p,Jamie,842,0
2537673222,p,Jamie,750,0
3434779650,p,Jamie,527,0
3882418574,p,Jamie,759,370.54627949183305
1411609885,p,Jamie,1492,0
1889011817,p,Jamie,761,0
2414252005,p,Jamie,932,466.0
1543614577,p,Jamie,724,402.22222222222223
4108299496,p,Jamie,1755,0
4050444728,p,Zangief,831,385.8214285714286
2461595514,p,Zangief,1719,0
3770910660,p,Zangief,1621,844.2708333333334
1601632724,p,Zangief,328,0
3870073153,p,Zangief,259,0
1295840956,p,Zangief,377,188.5
1149898865,p,Zangief,131,0
4075140543,p,Zangief,810,530.0
2682201314,p,JP,2374,1187.0
2549380049,p,JP,3955,1412.5
3601040843,p,JP,171,105.95705521472392
1470782096,p,JP,423,238.81549815498155
3729675562,p,JP,253,96.8515625
3650580218,p,JP,699,0
2139466289,p,JP,491,421.7564102564102
1736247116,p,Dhalsim,2023,0
4175795433,p,Cammy,625,292.21854304635764
1811854889,p,Cammy,4861,0
1938885731,p,Lily,228,0
3831468733,p,Lily,618,0
2823908634,p,Lily,930,421.8556701030928
1906140483,p,Lily,794,366.4615384615385
1507742569,p,Lily,2392,1268.4848484848485
3085100602,p,Lily,861,533.0
1524179553,p,Lily,969,411.825
4023671268,p,Lily,2173,0
3172592137,p,Lily,514,224.875
3666951491,p,Lily,577,280.7027027027027
3232881651,p,Lily,1350,675.0
1014384943,p,Lily,1434,0.0
1240598956,p,Lily,1294,727.875
3406007855,p,Lily,879,367.95348837209303
1673992727,p,Lily,447,0.0
3541198523,p,Lily,2111,0
2915344793,p,Zangief,2658,1705.8805970149253
2418033921,p,Zangief,1321,729.2509293680297
2092927173,p,JP,1043,308.15909090909093
2514716978,p,JP,521,209.33035714285714
3171326231,p,Cammy,150,0
3558816505,p,Cammy,1166,0
1252920542,p,Cammy,1483,925.4812030075188
3205616450,p,Cammy,257,175.0122699386503
3544770465,p,Cammy,2206,1470.6666666666665
1741735601,p,Cammy,1170,560.958904109589
2222128906,p,Cammy,918,451.5967741935484
3047617867,p,Ryu,1149,631.1408450704226
4097430027,p,Ryu,1495,649.3992606284658
3299043564,p,Ryu,4293,2474.2906403940883
2644633098,p,Ryu,2626,1458.888888888889
3712127423,p,Ryu,873,582.0
4249939025,p,Ryu,532,288.16666666666663
1446378888,p,Ryu,3074,0
3299217939,p,Ryu,2032,1322.4126984126985
1024483549,p,Cammy,2410,1606.6666666666665
1600058199,p,Cammy,427,210.1950464396285
2166445650,p,Ryu,2964,0
1963332653,p,Ryu,222,128.07692307692307
1686735073,p,Ryu,3289,0
2244268342,p,Ryu,1261,558.0034843205575
2136754248,p,Ryu,1003,729.4545454545455
2203600107,p,Ryu,1230,568.2456140350877
3809664393,p,Ryu,1012,0
4047231160,p,Ken,1167,767.7631578947369
1612073779,p,Ken,1822,707.1524752475248
4094542140,p,Ken,1507,856.2500000000001
3180259963,p,Ken,1362,616.2661596958175
4191092619,p,Ken,712,385.26027397260276
3971996670,p,Ken,306,181.10204081632654
2192107363,p,Ken,1281,698.7272727272726
2356338589,p,Ken,1650,0
3499914616,p,Ken,1101,0
1174211580,p,Ken,1009,326.2847100175747
1527127798,p,Ken,361,177.75683890577508
1375733053,p,Ken,718,351.73279352226723
4159623337,p,Ken,515,128.75
1205191151,p,Ken,822,472.88803088803087
2069306508,p,Ken,878,0
2287555131,p,Ken,865,375.14336917562724
2322934212,p,Ken,657,383.25
2764189398,p,Dee Jay,222,134.125
1861495363,p,Dee Jay,918,667.6363636363636
3059703792,p,Dee Jay,2148,1534.2857142857142
2118421086,p,Dee Jay,202,98.75555555555555
3337306327,p,Dee Jay,1668,278.0
3623111462,p,Rashid,1540,627.5603217158177
4003959316,p,Dee Jay,2681,1772.1864406779662
1684338366,p,Dee Jay,655,594.0697674418604
3934511269,p,Dee Jay,1980,0
2755409346,p,Dee Jay,195,0
3191034053,p,Dee Jay,531,480.42857142857144
2168855465,p,Jamie,974,424.5641025641026
3287896351,p,Kimberly,179,0
3364685249,p,Kimberly,1256,619.1549295774648
2160290424,p,Chun-Li,1089,507.2981366459627
4095209370,p,Manon,1606,654.2962962962963
3591159197,p,Manon,394,32.83333333333333
1544529658,p,Zangief,971,491.4938271604939
2844851383,p,Zangief,1051,526.4971537001898
4062677443,p,Zangief,230,130.59322033898306
2328669579,p,Guile,298,0
2361472826,p,JP,3775,2145.7894736842104
2850655627,p,JP,232,123.61154855643044
1147557486,p,Luke,217,0.0
3668870404,p,Luke,434,171.8341158059468
1198521169,p,Luke,1298,0
4151996597,p,Luke,349,0
1223935871,p,Luke,829,452.18181818181813
2084628483,p,Luke,491,230.62121212121212
1504887620,p,Luke,238,112.21292775665398
3007180265,p,Luke,654,350.6385542168675
3533664922,p,Luke,327,160.6315789473684
3883146413,p,Dhalsim,1341,0
2566955260,p,Cammy,2533,1392.363354037267
2468906475,p,Cammy,2070,564.5454545454545
3936011197,p,Cammy,2248,1005.8847457627119
1423357782,p,Ryu,1395,737.2209567198178
1291257835,p,Ryu,1326,666.8323699421966
2234453071,p,Ken,1266,509.4878048780488
1810155682,p,Ken,858,402.734693877551
2221906380,p,Ken,1070,469.15384615384613
2620858703,p,Dee Jay,970,466.0863509749304
1388181008,p,Dee Jay,2314,1061.9806763285023
3886819440,p,Lily,221,128.98832684824905
4065992473,p,Lily,896,0
2937002381,p,Rashid,1728,972.0
3662945448,p,Rashid,366,149.11111111111111
1036585591,p,Blanka,472,0
1072731994,p,Juri,2073,1420.6573426573427
1801924643,p,Juri,1734,895.9000000000001
4110195906,p,Juri,707,317.75280898876406
2382139061,p,Juri,2374,1445.0434782608697
1087463827,p,Marisa,1137,582.595041322314
4162404503,p,Marisa,2010,876.474245115453
2739957810,p,Marisa,980,420.0
1196724907,p,Marisa,235,147.55813953488374
2906489684,p,Marisa,1490,630.4933586337761
4240259336,p,Guile,1224,918.0
2854438065,p,Guile,2422,1211.0
1900674597,p,Guile,1476,0
3977222208,p,Guile,139,60.02272727272727
2471399912,p,Guile,401,124.71291866028709
3206272884,p,Edmond Honda,1082,0
2114971747,p,Edmond Honda,1079,600.7198581560283
2638949975,p,Edmond Honda,183,0
1270205411,p,Edmond Honda,2332,2031.0967741935483
2791607494,p,JP,1242,0
2211963551,p,JP,1849,1232.6666666666665
4021617472,p,JP,411,0
1664141873,p,JP,350,91.53846153846155
1117661777,p,JP,989,543.95
1377728501,p,JP,799,468.23118279569894
2455494181,p,JP,2586,0
3256633225,p,JP,2050,0
3706669418,p,JP,810,0
2397252795,p,JP,1565,0
3774718204,p,JP,2270,1191.75
3492839902,p,JP,185,58.18021201413428
4050903328,p,JP,160,49.96491228070176
3098628494,p,JP,2673,1603.8
4076868489,p,JP,566,0
3693662664,p,Dhalsim,1535,0
2445856626,p,Dhalsim,197,0
3983473473,p,Ken,2242,1168.7803278688523
3376914750,p,Ken,726,339.12925170068024
1605452402,p,Lily,736,382.7822410147992
3577209754,p,Rashid,551,190.73076923076923
1390039399,p,Marisa,115,56.557377049180324
3184787816,p,Guile,182,92.1304347826087
3085917804,p,Luke,1253,642.6561604584527
4208787835,p,Chun-Li,592,227.26066350710903
4108643211,p,Manon,2523,1671.8674698795182
3996774829,p,Rashid,1912,1274.6666666666665
4079385279,p,Manon,2191,717.0545454545454
2242376421,p,Manon,1053,0
4252270325,p,Zangief,1668,782.2156862745098
3850027138,p,Zangief,1308,0
2066064770,p,Zangief,1856,1290.5960264900662
1816268342,p,JP,1078,542.4331210191083
3163736502,p,Cammy,669,393.0
4078001918,p,Cammy,4595,3603.921568627451
2688993880,p,Cammy,884,473.875
1397594278,p,Zangief,5768,2806.054054054054
3518794851,p,JP,1013,427.75088339222617
3696949801,p,Cammy,1082,618.2857142857142
3158195176,p,Cammy,2081,0
3356350880,p,Cammy,500,0
1989868464,p,Cammy,419,0
3116553475,p,Cammy,2549,0
2022497946,p,Cammy,194,0
4136703173,p,Ryu,2288,1694.8148148148148
3852995629,p,Ryu,356,0
2056873806,p,Ryu,330,143.11827956989248
4279252279,p,Ryu,2886,0.0
3747909407,p,Ryu,1180,628.0112044817927
2522532840,p,Ryu,1030,469.97867803837954
1501819616,p,Ryu,997,640.9285714285714
2517604796,p,Ryu,769,436.4594594594594
3886461828,p,Ken,1002,461.6723549488055
4174968945,p,Ken,545,267.9583333333333
3654994980,p,Lily,909,0
2522884602,p,Rashid,1102,585.8
2430144705,p,Rashid,1363,486.7857142857143
2283197628,p,Rashid,809,296.1045751633987
1029087273,p,Blanka,389,259.3333333333333
2504532508,p,Blanka,1142,473.5121951219512
4121655529,p,Blanka,186,0
2717304028,p,Blanka,851,425.5
2554685253,p,Juri,2668,1745.233082706767
3888792953,p,Juri,1592,1008.2666666666667
2801991312,p,Juri,1097,505.6484375
2513122680,p,Juri,1363,733.5418181818183
3253138449,p,Juri,1986,0
2975862458,p,Marisa,1670,948.0729166666667
3653756391,p,Marisa,2128,425.6
1039515504,p,Marisa,1663,950.2857142857142
3869921152,p,Ryu,1364,1084.2051282051282
2589322571,p,Marisa,1025,512.5
2346502012,p,Marisa,428,221.03947368421055
3956208165,p,Marisa,752,386.403162055336
3516698643,p,Marisa,418,0
2328549628,p,Marisa,1496,0.0
2288929968,p,Marisa,824,426.7142857142858
1803610626,p,Marisa,1449,0
2559673163,p,Marisa,796,0
3995634415,p,Marisa,2802,1868.0
2106140058,p,Marisa,524,291.11111111111114
1189198057,p,Guile,530,243.6290322580645
1440305040,p,Guile,1373,0
3692070768,p,Guile,224,74.66666666666666
2231194036,p,Guile,341,158.77248677248676
4234122683,p,Guile,1785,0
1851078231,p,Guile,440,146.66666666666666
1634873452,p,Guile,147,102.0
1750243356,p,Guile,596,0
2016554969,p,Guile,1655,551.6666666666666
3682470519,p,Guile,1468,0
3537078614,p,Ryu,826,0
3624987588,p,Ryu,205,0
1128925837,p,Ryu,3070,1567.6595744680849
1790674144,p,Ryu,932,648.3478260869565
2990632527,p,Ryu,2000,2000.0
3604621767,p,Ryu,734,535.3882352941176
1713361046,p,Ryu,237,0
3877632992,p,Ryu,409,409.0
3574155272,p,Ryu,994,0
1232803779,p,Ryu,257,145.26086956521738
3237853690,p,Ryu,488,0
4002259993,p,Ryu,1640,1148.0
1124903538,p,Ryu,1242,0
4078952722,p,Ryu,1477,1107.75
1247164627,p,Ryu,1877,656.9499999999999
3937694096,p,Ryu,1049,734.3
3207824086,p,Cammy,102,71.57894736842105
2092917541,p,Cammy,2194,1058.6433566433566
3968118671,p,Cammy,1667,833.5
3384536444,p,Cammy,424,295.91666666666663
1292255686,p,Ryu,355,0
1145636478,p,Ryu,593,593.0
2083096506,p,Ryu,553,411.6777777777778
3844154802,p,Ryu,810,414.4186046511628
1182353677,p,Ryu,804,0
4227322211,p,Ryu,314,0
3430778005,p,Ryu,885,457.4157303370787
3982522755,p,Marisa,2939,2072.7684210526313
1058417737,p,Ryu,3289,0
1091051153,p,Ryu,1125,495.5357142857143
3614930059,p,Ryu,528,246.80130293159607
1560425448,p,Ryu,209,109.29787234042554
3881304650,p,Ryu,271,162.6
4185061830,p,Ryu,283,0
2648794291,p,Cammy,706,523.297124600639
2863074783,p,Cammy,2270,0
2191070701,p,Ryu,384,164.73043478260868
3766203363,p,Ryu,2037,0
2842163359,p,Ryu,414,224.88888888888889
1234422409,p,Ryu,1741,900.5172413793103
3501796061,p,JP,701,0
2343501530,p,Ryu,494,0
2836799697,p,Ryu,1277,662.1481481481482
2813596354,p,Ryu,2277,0
2557195717,p,Ken,1909,1527.2
1360239126,p,Ken,1498,0
1249960650,p,Ken,125,66.01123595505618
4131567432,p,Ken,490,238.20437956204378
1776843584,p,Ken,572,282.2857142857143
3979573383,p,Ken,1352,603.9672131147541
1534746947,p,Ken,189,139.16720257234726
2763345394,p,Juri,2012,932.8822055137844
2695418541,p,Juri,817,434.4666666666667
2101352799,p,Juri,2628,0
1724537283,p,Marisa,742,433.7964693665628
1925313066,p,Marisa,210,123.9647577092511
3677293119,p,Guile,2642,0
2282966870,p,Guile,1816,0
1611787767,p,Guile,879,363.0652173913044
3745651015,p,Luke,407,0
1971609637,p,Luke,2074,1147.0726256983241
3491411920,p,Luke,3804,2211.6279069767443
2303454831,p,Luke,762,0
3234415811,p,Luke,229,154.0228426395939
2482793609,p,Jamie,3218,1672.8492063492065
1167991318,p,Jamie,3704,2665.757575757576
2122279397,p,Jamie,1124,0
1772582015,p,Kimberly,3230,0
3463479203,p,Zangief,541,0
2803822192,p,Zangief,1490,0
1813430031,p,JP,507,0
2870164814,p,JP,236,0
3844510201,p,JP,489,0
2788750191,p,Dhalsim,3235,1399.6704871060172
1749518856,p,Dhalsim,2673,0
2190833502,p,Cammy,1276,604.421052631579
1011844052,p,Cammy,772,0
1239516321,p,Cammy,1312,923.2592592592592
3350704336,p,Kimberly,5606,0
1727804704,p,Kimberly,1574,790.7210401891253
3618806270,p,Manon,2949,1315.3210227272727
4101531344,p,JP,832,529.4545454545455
4080848214,p,JP,278,197.00787401574803
1908260250,p,Dhalsim,667,168.50526315789475
2327877584,p,Cammy,1222,567.5956284153006
2397825461,p,Cammy,838,373.1617873651772
4282831168,p,Ryu,1989,1283.225806451613
1262824198,p,Ryu,1781,0
2746227948,p,Ken,567,282.04615384615386
2428566026,p,Ken,394,246.25
2144149615,p,Ken,2908,1290.4878892733566
3754024863,p,Ken,1084,548.9487179487179
1739616180,p,Dee Jay,995,405.3703703703703
4221747146,p,Dee Jay,1330,658.5121951219512
4153448679,p,Rashid,2392,0
3113364276,p,Juri,893,492.37328767123284
2770312062,p,Luke,709,371.5518987341772
2718191849,p,Marisa,294,157.13793103448273
1625836159,p,Marisa,1463,828.6923076923077
2581344524,p,Marisa,1124,0
3968702972,p,Guile,1144,536.9348659003832
1599598997,p,Guile,1628,859.4748603351956
3648819118,p,Luke,1175,812.248322147651
2199458971,p,Edmond Honda,2208,1132.4291845493563
3110757229,p,Jamie,592,323.8744394618834
3879817942,p,Guile,193,118.29032258064517
3151309478,p,Jamie,1310,954.9532710280373
3030561129,p,Random,1292,765.9161676646706
2428609306,p,Kimberly,2106,1020.1726618705036
3848356187,p,Manon,1065,0
3568152132,p,Manon,1374,0
4127743751,p,Zangief,762,499.53333333333336
1229534355,p,JP,2373,1102.707627118644
4288556535,p,JP,1474,816.1129943502825
2517769857,p,Marisa,1685,0
3224585323,p,Marisa,577,288.5
2098507443,p,Marisa,499,235.24285714285713
3555674287,p,Guile,112,0
2654740815,p,Guile,635,211.66666666666666
3363850182,p,Luke,186,162.15384615384616
3459768737,p,Luke,809,0
1590721915,p,Luke,1278,734.8499999999999
3199263699,p,Luke,129,93.74534161490683
3117663671,p,Marisa,831,465.8975741239892
4078615536,p,Guile,232,127.60000000000001
3513139723,p,Guile,1344,836.0930232558139
2279764779,p,Luke,1120,528.8888888888889
2292197292,p,Luke,1874,1220.0520833333333
3751941146,p,Luke,895,485.58510638297867
1993697224,p,Luke,563,308.0984251968504
2993057566,p,Luke,1115,763.5326086956522
2213673136,p,Edmond Honda,705,344.622905027933
2075831865,p,Edmond Honda,790,493.75
4049276189,p,Edmond Honda,2272,1846.0
2916438344,p,Jamie,1863,823.2759336099584
3276627924,p,Jamie,994,646.8133971291866
2070727623,p,Jamie,1271,794.375
3038474197,p,Kimberly,647,348.38461538461536
3634287622,p,Chun-Li,314,170.18700475435816
2386542864,p,Chun-Li,1591,781.0363636363636
4176561338,p,Chun-Li,702,265.390243902439
4123425228,p,Manon,340,203.52112676056336
1336138552,p,Manon,675,303.8519637462236
1658400827,p,Manon,755,418.73949579831935
3523563604,p,Manon,1720,0
1947607824,p,Manon,2699,1265.15625
3678698682,p,Manon,455,241.84684684684686
2758900773,p,Manon,870,481.45631067961165
4261209862,p,Zangief,520,236.6137566137566
2979113273,p,Zangief,553,285.2684989429175
4058300756,p,Zangief,104,50.51428571428571
4031657326,p,Zangief,435,209.73214285714286
3514290098,p,Zangief,131,0
3083500501,p,Zangief,968,577.910447761194
1117175485,p,Zangief,650,0
2449880227,p,Zangief,1206,469.7052631578947
1711641882,p,Zangief,1275,711.3157894736842
3923800977,p,Zangief,973,194.60000000000002
3476171911,p,Zangief,491,0
2115445950,p,Cammy,123,61.98425196850393
2433772465,p,Cammy,809,333.49734042553195
1255814189,p,Cammy,866,476.3
4045067648,p,Cammy,441,112.6467391304348
1549046889,p,Ryu,3881,0
3222111792,p,Ryu,185,97.0
4242090559,p,Ryu,741,417.34482758620686
1454289191,p,Ryu,1464,665.4545454545454
2493848411,p,Ryu,1638,693.7411764705882
1534900593,p,Ryu,3919,1785.873417721519
2776390344,p,Ryu,1994,1281.857142857143
2676630938,p,Ryu,1742,705.5831932773109
1284517762,p,Ryu,1946,1807.0
2674991723,p,Ryu,590,257.1794871794872
2877670461,p,Ken,1016,331.1071428571429
3264573533,p,Ken,3699,1924.819004524887
1165307932,p,Ken,871,228.669616519174
3279586190,p,Ken,1230,0
2719355080,p,Marisa,1766,706.4000000000001
3480803035,p,Ken,733,321.06611570247935
3819379719,p,Marisa,2304,1335.6521739130435
2907848752,p,Marisa,232,121.09268292682927
1779706453,p,Marisa,434,0
2851535703,p,Guile,1699,733.6590909090909
2820817125,p,Luke,1004,546.772972972973
1261179657,p,Luke,3262,1675.081081081081
2115437807,p,Edmond Honda,2651,1500.9338235294117
2729484385,p,Jamie,2015,1474.390243902439
1624321020,p,Jamie,1899,773.6666666666666
2640885027,p,Kimberly,134,19.142857142857142
4032416008,p,Chun-Li,1543,958.8642857142858
1089475736,p,Chun-Li,163,74.56382978723404
3041696964,p,Chun-Li,4238,0
1171533861,p,Manon,369,0
1691975298,p,Manon,105,60.78947368421053
3675451071,p,Zangief,395,191.6568047337278
3169462181,p,Zangief,869,511.4427083333333
1812642993,p,JP,1291,966.4863387978143
3770132653,p,JP,530,300.3333333333333
1071461281,p,JP,3395,0
1101944141,p,Cammy,410,227.0769230769231
1168074899,p,Dee Jay,3084,2056.0
4096288737,p,Ryu,2359,1144.8913560666138
2116831627,p,Ryu,1985,0
2207834643,p,Ken,510,263.22580645161287
2636578230,p,Dee Jay,398,244.92307692307693
1644723249,p,Rashid,2174,724.6666666666666
3119866814,p,Rashid,1743,0
3178241693,p,Marisa,1266,635.2851985559568
3553693977,p,Marisa,1225,877.9166666666666
1234914066,p,Luke,762,217.7142857142857
2872422263,p,Luke,297,205.07142857142856
2441607107,p,Luke,1127,664.0092059838895
1517028354,p,Jamie,772,0
3092245932,p,Ryu,2655,1131.4556962025317
2879909848,p,Ryu,504,472.5
3564311389,p,Marisa,763,401.66384778012684
2130448953,p,Luke,1322,826.25
3961107904,p,Luke,217,119.44380403458213
3147347717,p,Luke,660,332.4087591240876
3984988277,p,Luke,301,164.07450980392156
1259087237,p,Edmond Honda,707,322.63888888888886
1936673906,p,Dee Jay,325,147.265625
2805296596,p,Dee Jay,2661,1218.8496503496503
1702762493,p,Dee Jay,712,321.0610079575597
3087646013,p,Dee Jay,2117,1330.1504424778761
2459750447,p,Dee Jay,2731,0
1658207856,p,Dee Jay,606,227.25
2724491160,p,Dee Jay,537,268.5
3477512980,p,Dee Jay,370,298.38709677419354
3314368176,p,Dee Jay,298,144.03333333333333
2563528960,p,Dee Jay,410,175.7142857142857
3745919796,p,Dee Jay,343,185.52201257861634
2536088704,p,Dee Jay,135,0
3253197604,p,Dee Jay,1914,0
3493803112,p,Dee Jay,595,245.0
2226714539,p,Dee Jay,1145,630.0887573964498
1658647082,p,Dee Jay,1324,882.6666666666666
1095725582,p,Dee Jay,1866,1043.6949152542372
1438554813,p,Rashid,1437,655.8615384615384
3059021727,p,Juri,1318,635.294964028777
2616101394,p,Juri,448,0
2134680171,p,Marisa,747,0
2340441289,p,Marisa,2485,1301.6666666666667
4153751684,p,Marisa,344,172.9942196531792
3437451942,p,Guile,738,349.57894736842104
1270793997,p,Guile,356,177.04172274562583
3585575711,p,Guile,1662,0
2806238334,p,Luke,231,165.1918604651163
1661683760,p,Luke,1837,1549.277108433735
1690961568,p,Luke,1442,0
3086141841,p,Luke,918,614.1398601398602
3055885185,p,Luke,286,166.83333333333334
2046142684,p,Edmond Honda,441,277.2
1361601984,p,Edmond Honda,174,110.37313432835822
2094218060,p,Edmond Honda,1466,1036.9268292682925
3408633128,p,Jamie,1541,900.0530973451328
1543311156,p,Jamie,268,81.8888888888889
4083877775,p,Juri,1316,0
1604538301,p,Marisa,1339,0
2094916604,p,Marisa,1158,560.90625
3836882906,p,Marisa,1067,571.1765536723163
4130219845,p,Luke,1332,613.96875
3690483690,p,Luke,1933,1087.3125
2907161290,p,Luke,655,0
2318272827,p,Edmond Honda,2086,0
3500820588,p,Jamie,665,210.0
1212747669,p,Kimberly,1772,0
2662519410,p,Manon,2200,1008.4252758274824
2273856083,p,Manon,2042,0
3268545808,p,Manon,1681,948.4241245136187
3110936577,p,Zangief,789,0
3451984540,p,JP,1538,0.0
3984790893,p,Dhalsim,843,555.1463414634146
2616949483,p,Cammy,564,305.247311827957
1063956916,p,Cammy,2710,0
1659365806,p,Zangief,606,381.55555555555554
3960799828,p,Zangief,1642,0
2390729841,p,JP,748,0
3827755327,p,JP,857,642.75
4238853063,p,JP,1552,0
3727356530,p,JP,550,300.0
1566288042,p,JP,240,0
1271043833,p,JP,1292,516.8000000000001
2806310772,p,JP,1039,0
3135696583,p,JP,239,0
1657866028,p,JP,863,431.5
1319193508,p,JP,285,225.0
1246143506,p,JP,1402,701.0
1650180125,p,JP,1820,0
3018690314,p,Marisa,252,161.53846153846155
2150337262,p,Marisa,696,277.39130434782606
1202779010,p,Juri,2102,1197.7207977207977
3772347228,p,Juri,513,361.125
2166770565,p,Blanka,1004,0
2486741388,p,Rashid,1438,925.1133333333333
1491515847,p,Dee Jay,1079,613.9137931034483
1060366346,p,Dee Jay,2375,1240.6716417910447
1142186461,p,Ken,1291,0
4044473396,p,Ken,853,500.03448275862064
1791247116,p,Guile,1958,1102.2814814814815
2187294890,p,Guile,1247,526.5111111111111
2015749181,p,Guile,685,0
2509693819,p,Marisa,659,252.20987654320987
1930939735,p,Marisa,445,296.66666666666663
2679870754,p,Marisa,1935,0.0
2542669188,p,Marisa,167,0
2386293779,p,Marisa,1009,424.84210526315786
2195608114,p,Marisa,1653,553.3054393305439
2642744724,p,Dhalsim,587,346.39222614840986
2104482120,p,JP,556,302.9487179487179
2590393796,p,JP,618,0
1485775185,p,JP,198,0
2821104139,p,JP,367,169.00225733634312
2108036103,p,JP,1882,1195.8541666666665
3141374530,p,JP,172,98.60586319218241
2072100640,p,JP,341,209.4714285714286
3079466649,p,Kimberly,3709,0
2860755110,p,Rashid,878,439.0
1797876672,p,Luke,302,117.44444444444444
4283986994,p,Ken,971,443.9675516224189
1966128066,p,Chun-Li,1952,1518.2222222222222
3382840582,p,Ken,807,450.61783439490443
1512869254,p,Guile,976,672.5378151260504
3517841042,p,Ken,196,0
3774983179,p,Zangief,978,0
2836939065,p,Rashid,1982,550.5555555555555
3235683180,p,JP,201,150.75
2099262157,p,Juri,590,300.72022160664824
2688401182,p,Zangief,3307,0
3194836652,p,Dee Jay,697,190.09090909090907
2393720507,p,Jamie,1372,0
4087129857,p,Kimberly,1596,532.0
3181327426,p,Zangief,1564,699.6842105263158
1717669386,p,Ryu,1517,0
2009726520,p,Ken,267,122.05714285714285
2889906592,p,Marisa,597,447.75
3543948563,p,Cammy,307,172.73657289002557
1704820074,p,Manon,360,120.0
1620872821,p,Dee Jay,109,0
3524378481,p,Edmond Honda,741,0
1562498280,p,Zangief,149,95.71523178807946
1070074827,p,JP,1091,616.0387931034484
2117171777,p,Dee Jay,235,107.61682242990653
4083754188,p,Edmond Honda,1003,0
2917502270,p,Ken,1608,804.0
3437838789,p,Cammy,2680,670.0
1602692299,p,Guile,4087,670.0
2096702612,p,Guile,666,0
3214750346,p,Luke,1125,574.7816593886463
1220321435,p,Luke,1161,743.9417475728156
1974262781,p,Luke,895,435.61946902654864
3503741078,p,Luke,1496,0
1703897801,p,Edmond Honda,597,0
4005891648,p,Edmond Honda,2895,1158.0
3567375799,p,Edmond Honda,1169,649.4444444444445
1883123093,p,Jamie,1644,791.5555555555555
1321647517,p,Jamie,870,420.8604206500956
1693566287,p,Jamie,1326,0
2956745805,p,Jamie,928,409.1182795698925
2563749606,p,Kimberly,1186,561.6155988857939
2667350075,p,Chun-Li,403,246.2777777777778
2599577745,p,Chun-Li,778,408.0920245398773
2571080702,p,Chun-Li,287,0
3826075476,p,Manon,645,645.0
2737874123,p,Manon,4490,1662.9629629629628
4090762898,p,Manon,774,442.2857142857143
2597523371,p,Cammy,147,69.49856733524355
1662175590,p,Ryu,809,418.57488653555214
2999499376,p,Ryu,1460,0
2763432277,p,Ryu,1534,0
2341947391,p,Ryu,1577,0
2908165281,p,Ryu,1399,699.5
2475256835,p,Ryu,1667,836.9020408163266
3256859293,p,Ryu,864,0
1212099812,p,Ken,112,49.51015531660693
4155250235,p,Ken,1318,1318.0
3869510840,p,Ken,1045,326.5625
2147426561,p,Ken,163,92.13043478260869
2786231871,p,Ken,661,319.98616874135547
3128180305,p,Ken,2948,1241.2631578947369
1713166726,p,Ken,704,363.6043956043956
4262975691,p,Ken,438,247.56521739130432
2457287305,p,Ken,628,316.0657894736842
2679726594,p,Dee Jay,184,0.0
4215121665,p,Ken,738,462.8300395256917
4247369312,p,Dee Jay,1833,832.8195652173913
1468095635,p,Dee Jay,2234,0
2285967151,p,Dee Jay,1635,0
1999267828,p,Juri,1233,739.8
3596803189,p,Marisa,1018,671.88
3545221101,p,Marisa,1578,793.9006211180124
3267668172,p,Guile,1407,0
2438968345,p,Guile,1042,0
3950613651,p,Guile,1136,555.9148936170212
4129162922,p,Luke,259,147.47978910369068
3026867189,p,Luke,1541,995.5132743362832
2981621448,p,Edmond Honda,1126,0
2976496997,p,Jamie,1343,669.040293040293
1759940073,p,Jamie,222,0
3880723310,p,Jamie,1093,440.65612648221344
3902894159,p,Chun-Li,675,356.89655172413796
3484125943,p,Manon,1260,650.7692307692308
4116295077,p,Zangief,302,0
2376400118,p,Edmond Honda,952,714.0
2204485776,p,Edmond Honda,344,249.10344827586206
1277311684,p,Edmond Honda,2546,0
1443646524,p,Edmond Honda,1055,0
3664635112,p,Edmond Honda,1152,399.36
1698946373,p,Edmond Honda,3890,2593.333333333333
2809366558,p,Edmond Honda,2384,1103.7037037037037
2112180123,p,Edmond Honda,2604,0
1514449365,p,Edmond Honda,133,0
2186437971,p,Edmond Honda,468,301.3150684931507
2484401582,p,Edmond Honda,919,689.25
1886859987,p,Edmond Honda,850,0
3228159589,p,Edmond Honda,2706,0
2953446246,p,Edmond Honda,648,387.73770491803276
1422855765,p,Edmond Honda,1343,0.0
4280534744,p,Edmond Honda,2534,1810.0
3221370557,p,Edmond Honda,368,0
3778869879,p,Edmond Honda,474,355.5
1783358733,p,Dee Jay,1356,616.3636363636364
3761465480,p,Dee Jay,1638,0
1034383479,p,Dee Jay,1063,502.0328542094456
3698487005,p,Dee Jay,1333,0
2089067179,p,Dee Jay,333,169.02272727272728
2837068020,p,Dee Jay,396,275.4782608695652
1758739462,p,Dee Jay,2450,0
1420574696,p,Dee Jay,386,261.4838709677419
4113011182,p,Dee Jay,1082,0
1561703941,p,Lily,266,0
2037751983,p,Lily,2437,0
2191192909,p,Lily,359,225.32978723404253
1982682983,p,Lily,517,241.26666666666668
4277944628,p,Lily,2102,0
3500940291,p,Ryu,1003,668.6666666666666
2870981681,p,Lily,1073,548.8333333333334
3594069997,p,Lily,233,0
1874787811,p,Lily,729,0
4248027995,p,Rashid,1845,856.3446215139442
1247319685,p,Guile,435,108.75
2104231837,p,Guile,719,332.818359375
1953252261,p,Guile,848,0
2641839151,p,Guile,2984,0
4045728315,p,Guile,163,0
1041398388,p,Guile,715,429.0
3637945054,p,Guile,985,0
1017599600,p,Guile,2504,0
1095931351,p,Guile,1625,1017.5233644859812
3942738084,p,Guile,1993,1494.75
4279538239,p,Guile,2309,0
2519525231,p,Guile,284,170.4
3704640596,p,Guile,160,0
4123213141,p,JP,451,386.57142857142856
1322392875,p,Dhalsim,956,475.5736040609137
3475655195,p,Cammy,298,167.01098901098902
3080290221,p,Cammy,191,0
1256304506,p,Cammy,1516,664.7076923076924
1279778534,p,Cammy,3464,0
3162791402,p,Ryu,256,129.32871972318338
3364157562,p,Ryu,1153,534.021052631579
2388593172,p,Ryu,1216,1013.3333333333334
2008157670,p,Ryu,2961,0
2559323648,p,Ryu,1377,1077.6521739130435
2323308701,p,Ken,256,122.51428571428572
4013049793,p,Ken,425,264.75409836065575
2144321319,p,Ken,301,156.6849315068493
3707144685,p,Ken,486,331.3636363636363
3713993750,p,Ken,2004,690.1192052980132
1862198159,p,Zangief,178,102.4848484848485
3115998210,p,Zangief,2091,0
1397869288,p,Zangief,673,303.4335260115607
3947928580,p,Zangief,660,458.85714285714283
4065894115,p,Zangief,1217,346.3008130081301
3521086990,p,JP,1829,1087.8366013071895
3100555185,p,JP,433,0
2676704681,p,JP,436,0
2917358429,p,Dee Jay,2811,0
3726467442,p,JP,112,54.25
3766543161,p,Cammy,5369,0
2062473470,p,Cammy,198,84.85714285714285
2246883143,p,Cammy,1611,674.8625454545454
1917560359,p,Cammy,768,351.0857142857143
3569656830,p,Cammy,1182,1182.0
1118262341,p,Cammy,799,301.33714285714285
2279884443,p,Cammy,820,423.758389261745
2646346269,p,Jamie,1208,0
1939565151,p,Jamie,580,253.33333333333334
3600971850,p,Jamie,507,242.73359073359072
1737724584,p,Jamie,273,0
3280208519,p,Jamie,205,134.53125
3934672578,p,Jamie,1874,798.0191387559809
1049784047,p,Jamie,1891,1071.5666666666666
3728993117,p,Kimberly,788,352.0851063829787
1085972852,p,Kimberly,531,0
1875961355,p,Kimberly,1560,0
1491521532,p,Kimberly,3844,1281.3333333333333
1976992481,p,Kimberly,1015,1015.0
2099077702,p,Zangief,1385,989.2857142857143
1609310189,p,Kimberly,532,0
2075894123,p,Kimberly,195,0
1769372115,p,Kimberly,329,154.8235294117647
2132277459,p,Kimberly,2604,1636.8
2969774208,p,Dee Jay,4008,0
3337583158,p,Dee Jay,1720,0
3774108029,p,Dee Jay,2047,791.1111111111111
3404681491,p,Dee Jay,163,65.2
1551239079,p,Dee Jay,426,0
2714015347,p,Dee Jay,2831,0
2755237838,p,Dee Jay,630,132.02205882352942
3048207785,p,Dee Jay,644,598.0
3732870150,p,Dee Jay,1483,843.7758620689656
3709761558,p,Dee Jay,1010,745.4761904761905
1757579079,p,Dee Jay,1240,0
3892244420,p,Lily,2790,1674.0
1514807011,p,Lily,1427,0
1064267346,p,Lily,1544,882.2857142857142
3894039862,p,Lily,586,0
2704512158,p,Lily,144,0
4172023624,p,Manon,390,0
2283899471,p,Manon,594,0
3176786857,p,Manon,500,0
3297953741,p,Manon,393,0
2587519671,p,Manon,975,361.1111111111111
2174662631,p,Zangief,404,0
1549468598,p,Zangief,903,343.14
1589481989,p,Zangief,137,74.94017094017094
2840287278,p,Zangief,3905,0
2762425719,p,Zangief,323,215.33333333333331
2362441416,p,Zangief,1863,859.8461538461539
2017825611,p,Zangief,197,0
1207230187,p,Zangief,407,358.16
3381735214,p,Zangief,152,86.99371069182389
2689205496,p,Zangief,135,0
2652975827,p,Zangief,224,0
1257069478,p,Zangief,1626,0
1924555735,p,Cammy,1608,702.7086614173228
2118265578,p,Cammy,424,0
4116054124,p,Ryu,2246,1152.8141592920354
2946263704,p,Ryu,266,146.3
4119000930,p,Ryu,1345,0
3514113084,p,Ryu,1043,461.036231884058
1069520334,p,Ken,795,423.6513157894737
1615079254,p,Dee Jay,1759,930.0459770114943
3974540163,p,Dee Jay,307,139.7125748502994
3598735276,p,Dee Jay,319,156.53531598513013
1990435333,p,Lily,254,199.57142857142856
3478797837,p,Lily,367,183.5
1597949659,p,Rashid,835,835.0
1619692320,p,Blanka,1608,1036.5619834710744
3587951157,p,Blanka,1711,0
1750473526,p,Marisa,435,180.36585365853657
1080061788,p,Marisa,2549,1742.3544303797469
2175932737,p,Guile,388,200.57627118644066
2367262216,p,Guile,821,368.0344827586207
2426902086,p,Guile,1401,757.2972972972973
3562994966,p,Guile,754,375.62241169305724
1181408660,p,Guile,110,0
2985032841,p,Guile,697,449.6774193548387
1294037454,p,Luke,1968,0
3682951964,p,Luke,499,274.45000000000005
1009738736,p,Luke,1015,439.51713395638626
2994680978,p,Luke,429,333.85887096774195
2614210501,p,Edmond Honda,2994,0
2649196188,p,Edmond Honda,1056,905.1428571428571
1786841492,p,Edmond Honda,865,0
2134295238,p,Edmond Honda,493,367.66101694915255
1028783438,p,Ken,1210,627.1341463414634
2988662055,p,Ken,261,139.48931116389548
3680800543,p,Ken,651,358.91634980988596
3188562299,p,Ken,1872,962.742857142857
1409209160,p,Ken,422,191.8181818181818
3035671686,p,Ken,1497,0
2300854204,p,Dee Jay,249,178.76923076923077
4091064005,p,Dee Jay,972,601.1052631578948
4210585944,p,Dee Jay,323,0
1044149421,p,Dee Jay,1192,559.8787878787879
3756306007,p,Rashid,2409,1735.8970588235295
3153613276,p,Rashid,1087,652.1999999999999
1966575050,p,Blanka,159,159.0
1938385565,p,Juri,927,455.6058394160584
2170992652,p,Juri,140,103.1578947368421
3682677367,p,Juri,655,308.8920454545455
3928689130,p,Juri,239,135.96444444444444
1818699259,p,Juri,772,386.0
3823439709,p,Ryu,173,0
2114260608,p,Ryu,2438,1052.7727272727273
3023502731,p,Ryu,2478,1020.3529411764705
2113868842,p,Ryu,1362,682.9568965517241
1033718028,p,Ryu,1279,472.24615384615385
1674803721,p,Ryu,274,0
3574288781,p,Ryu,143,0
4183692567,p,Ken,914,511.97744360902254
1211112228,p,Ken,201,86.14285714285714
3612543182,p,Ken,1343,583.7815315315315
3226512574,p,Ken,2124,997.2439024390243
1251190378,p,Ken,1654,0
4201797344,p,Ken,725,0
2086588074,p,Ken,134,46.97416974169742
2723834686,p,Dee Jay,1017,605.0506329113923
1218712395,p,Ken,1014,529.6220472440946
1295064886,p,Ken,297,0
2738741457,p,Ken,1246,607.025641025641
3951503960,p,Ken,4328,1623.0
2296101247,p,Ken,3589,1573.9598965071152
3678212091,p,Dee Jay,1237,0
3865228799,p,Lily,501,0
3622273830,p,Lily,807,244.54545454545456
2054603280,p,Lily,2340,2340.0
2281077063,p,Lily,1250,520.334928229665
1377772485,p,Rashid,1258,0
1579468623,p,Rashid,536,197.90769230769232
1003111222,p,Juri,2674,1252.6523489932886
1918984080,p,Marisa,2003,1084.4644970414201
1782808158,p,Marisa,1790,834.6629213483145
3415717219,p,Marisa,5322,0
3482294943,p,Luke,1336,0
3375229944,p,Zangief,686,372.4
1774347027,p,JP,3417,2119.06976744186
1954356539,p,JP,1189,495.4166666666667
3142711508,p,JP,1925,0
2455426932,p,Cammy,1464,769.220338983051
3844591226,p,Cammy,2079,1374.5454545454545
2643791111,p,Cammy,1635,725.3007518796992
3307251539,p,Cammy,453,453.0
3955516942,p,Ryu,467,244.5191011235955
1249460086,p,Ryu,1402,745.6982892690513
3789322820,p,Jamie,4682,0
3981357912,p,Ryu,3041,1341.6176470588234
2766932468,p,Ken,1907,911.5220125786163
4057506919,p,Ken,979,540.8461538461538
2455333319,p,Ken,3486,1520.2105263157894
1765597782,p,Ken,995,0.0
3390383411,p,Dee Jay,430,305.857740585774
1914455343,p,Dee Jay,503,0
3986312518,p,Lily,1810,335.18518518518516
1781399319,p,Kimberly,225,146.73913043478262
1820181911,p,Kimberly,2133,1675.9285714285713
4203558475,p,Chun-Li,1809,948.5027027027027
2594849410,p,Chun-Li,2238,1424.1818181818182
4254825795,p,Manon,2029,1023.9813084112149
3184220661,p,Manon,964,241.0
3627240217,p,Manon,567,386.59090909090907
4110639323,p,Zangief,687,351.8780487804878
3844098829,p,Zangief,138,0
4222122361,p,Zangief,322,149.1834862385321
1929299228,p,JP,4301,0
1406653513,p,JP,233,148.96721311475412
3823573019,p,Rashid,217,217.0
1603775324,p,JP,598,290.7403314917127
3162875458,p,JP,333,0
2405933916,p,JP,132,76.13483146067415
3242913944,p,Cammy,923,923.0
2211746990,p,Jamie,344,86.0
2222668759,p,Jamie,806,0
3571256820,p,Jamie,471,286.2941176470588
4071123159,p,Jamie,663,282.6744186046511
4129175678,p,Jamie,1435,646.7605633802817
1716943605,p,Jamie,258,129.0
1052711719,p,Jamie,2786,0
3210473958,p,Jamie,744,340.8
3713015879,p,Jamie,1274,834.3008849557523
4203272370,p,Jamie,1379,631.8494983277592
2947678999,p,Random,1353,0
3784824867,p,Random,678,0
3717861225,p,Kimberly,267,157.38947368421051
2873454292,p,Kimberly,1297,807.9672131147541
1684771254,p,Kimberly,558,167.4
3810119688,p,Kimberly,1529,849.4444444444445
1426356476,p,Kimberly,643,0
2824236708,p,Lily,601,0
1122716312,p,Lily,301,173.94472361809045
2093055084,p,Lily,3779,0
2071723231,p,Zangief,707,0
2490197125,p,Blanka,1903,1903.0
3802498908,p,Blanka,250,86.95652173913044
3121394821,p,Blanka,1958,0
3409145732,p,Blanka,310,190.76923076923077
2484355807,p,Blanka,395,296.25
1791043508,p,Blanka,233,159.77142857142857
2104559568,p,Zangief,330,0
3305039171,p,Zangief,2999,999.6666666666666
2643952966,p,Zangief,276,178.58823529411765
4008207661,p,Zangief,3564,2367.8630136986303
1682537699,p,Zangief,725,395.45454545454544
1483766892,p,Zangief,1327,0
3510376317,p,Zangief,1227,736.1999999999999
1196046047,p,Zangief,280,142.64150943396226
3724328654,p,Zangief,164,106.11764705882354
2763421323,p,Zangief,788,389.76344086021504
1854949024,p,Zangief,1582,0
3853492442,p,Zangief,108,0
1999406798,p,Zangief,3222,805.5
1018749315,p,Zangief,378,152.65384615384616
1138956245,p,Zangief,1629,751.8461538461539
1462956706,p,Juri,2264,687.3983286908078
3352558799,p,Juri,1339,831.9999999999999
1853906970,p,Marisa,818,361.2833333333333
1474620250,p,Marisa,458,241.72222222222223
3279926728,p,Marisa,3363,2117.4444444444443
3568195232,p,Guile,3870,1290.0
2515618870,p,Rashid,551,178.95726495726495
3960113220,p,Guile,2873,1368.095238095238
3871699433,p,Guile,966,368.0
1515082929,p,Luke,1883,1148.551867219917
3431867570,p,Luke,2298,1234.4628099173553
3896612992,p,Luke,2447,0
1520765351,p,Luke,447,237.2962962962963
1143664844,p,Edmond Honda,202,116.14999999999999
1155089437,p,Jamie,2188,1122.051282051282
4257489820,p,Jamie,1684,762.566037735849
2019878875,p,Jamie,291,224.22662889518412
4259530661,p,Kimberly,810,0
3660516765,p,JP,1590,0
3572289164,p,JP,709,0
3238392897,p,JP,234,160.875
3808076796,p,JP,2160,1665.0
4055559813,p,JP,474,0
2967849389,p,Dhalsim,815,455.2758620689655
1457082247,p,Dhalsim,282,135.48042704626334
3423884432,p,Rashid,495,305.9375
1678602488,p,Rashid,3132,0
3368931857,p,Rashid,622,303.4146341463415
3344338421,p,Rashid,373,79.36170212765957
1646065139,p,Rashid,4012,0
1421168281,p,Rashid,570,0
1382944094,p,Rashid,350,167.8861788617886
1849117951,p,Blanka,2045,0.0
3445369607,p,Blanka,352,158.82926829268294
4037952139,p,Blanka,1771,1127.0
4221729243,p,Blanka,267,0
1779733761,p,Blanka,1194,0
3098006489,p,Blanka,449,229.69894736842105
2899595126,p,Blanka,1938,0
1664819516,p,Blanka,1539,0
3554673190,p,Blanka,1794,0
1739592047,p,Blanka,1134,0
2676141368,p,Blanka,672,303.219512195122
1159968387,p,Zangief,2127,1125.1016393442624
2272205654,p,Zangief,1132,0
3725280612,p,Zangief,2285,1142.5
3025018482,p,Zangief,2488,355.4285714285714
1442207065,p,Zangief,623,216.69565217391303
2975672761,p,Zangief,429,188.57142857142856
1591757592,p,Zangief,237,0
3273223005,p,Zangief,1850,829.1158536585366
1858405611,p,Zangief,838,0
4103574592,p,Zangief,1851,0.0
3679041024,p,Zangief,144,96.0
2349470714,p,Zangief,111,0
1670858598,p,Zangief,273,0
1604791351,p,Zangief,697,151.01666666666668
2940892463,p,Ken,770,385.0
4102875352,p,Ken,228,152.0
2655063521,p,Ken,110,55.0
3768475822,p,Ken,1063,535.9966159052453
2990349784,p,Ken,144,84.11214953271028
1366606692,p,Blanka,1807,816.0645161290322
2852251851,p,Ken,2021,808.4000000000001
1708425230,p,Ken,1844,0
1159693007,p,Ken,606,287.91117092866756
2225692765,p,Guile,3038,2412.529411764706
1802570952,p,Edmond Honda,781,421.1034482758621
2418222539,p,Edmond Honda,441,211.9368932038835
2390831553,p,Jamie,2170,1295.2713178294573
1933423245,p,Chun-Li,1020,507.0348837209302
3938946886,p,Zangief,929,461.20567375886526
3489000214,p,Cammy,1526,777.9607843137254
3762144163,p,Ryu,818,405.2477064220184
3524888207,p,Manon,2558,0
1177124791,p,Ryu,474,0
3666946897,p,Ryu,843,337.20000000000005
1322170121,p,Ken,2446,1778.909090909091
3575777352,p,Ken,3460,0
2134895036,p,Juri,1554,969.4
3189042643,p,Marisa,604,310.3119266055046
4050597906,p,Guile,1336,364.3636363636363
1261760975,p,Luke,2198,1055.04
3361820137,p,Luke,552,207.552
3068766832,p,Edmond Honda,376,240.32989690721647
2316877530,p,Ken,541,0
3429444824,p,Dee Jay,816,403.6363636363636
4226125324,p,Dee Jay,144,0
2963939387,p,Dee Jay,1186,536.8724279835391
1147976656,p,Dee Jay,1701,1219.5849056603772
1461510798,p,Lily,2543,2543.0
1766558760,p,Rashid,848,444.1904761904762
2692366790,p,Blanka,1162,0
1016924756,p,Blanka,4194,0
4230593926,p,Blanka,2329,1164.5
1805094394,p,Juri,800,381.58995815899584
2352531066,p,Juri,243,145.546875
4193259646,p,Marisa,4157,3414.678571428571
1935392336,p,Marisa,957,526.1855670103093
2455432278,p,Marisa,380,195.38002980625933
2986259251,p,Marisa,1922,1051.6603773584905
4027530513,p,Manon,158,109.0
1920332605,p,Manon,931,0
1347292709,p,Manon,227,138.2551440329218
2475862561,p,Manon,1993,797.2
2023777250,p,Zangief,188,110.78571428571429
1203469352,p,Zangief,327,144.2153846153846
1067584110,p,Zangief,3634,2295.157894736842
1514465016,p,Zangief,431,0
1325950213,p,Dee Jay,2200,952.2686025408348
1329344943,p,Dee Jay,3856,3856.0
2154658306,p,Rashid,504,0
4293620230,p,Rashid,265,98.84920634920636
4059125072,p,Rashid,972,243.0
3700089767,p,Jamie,149,138.35714285714286
4140075582,p,Blanka,236,0
2827629411,p,Blanka,359,0
1548124442,p,Juri,321,259.685393258427
1321634632,p,Juri,3149,2074.1009615384614
3872092522,p,Juri,818,428.4761904761905
3128064750,p,Marisa,747,522.9
3488136529,p,Marisa,2060,983.4577603143418
1826440963,p,Marisa,252,0
1226731102,p,Marisa,644,301.09090909090907
3513186720,p,Marisa,401,0
3075793290,p,Marisa,715,0
1318686041,p,Marisa,505,246.62790697674419
4067141427,p,Marisa,391,252.14018691588782
3881271706,p,Guile,1064,501.22314049586777
2841889095,p,Luke,1099,0
2784305787,p,Edmond Honda,297,207.89999999999998
4016774365,p,Edmond Honda,3337,0
3068659872,p,Edmond Honda,932,559.1999999999999
3660207544,p,Edmond Honda,117,75.70588235294117
4011870542,p,Edmond Honda,345,345.0
2958661949,p,Edmond Honda,365,0
3648887627,p,Edmond Honda,1223,0
2025759992,p,Jamie,3243,0
3405023615,p,Jamie,915,0
3568274449,p,Jamie,342,215.46
1258913152,p,Jamie,281,157.63414634146343
3397023506,p,Jamie,1084,687.9230769230769
2705630607,p,Jamie,1036,323.75
3082357075,p,Jamie,398,191.94326241134752
2494764840,p,Jamie,2650,0
2701453446,p,Rashid,387,286.66666666666663
1255222400,p,Rashid,693,173.25
3486637621,p,Rashid,1383,904.2692307692308
1825015857,p,Rashid,1010,959.0756302521008
3124039748,p,Rashid,983,458.73333333333335
1330434106,p,Rashid,4247,2831.333333333333
3663275340,p,Juri,347,0
2940998643,p,Juri,3966,0
1888257718,p,Juri,795,406.6730769230769
1333619015,p,Juri,131,0
1797441448,p,Juri,204,102.0
2872463785,p,Chun-Li,682,0
3099382417,p,Chun-Li,2150,900.091407678245
2916427454,p,Manon,212,125.27272727272728
3839729327,p,Manon,970,0
2131617380,p,Manon,1275,0
1795903307,p,Manon,1039,698.6379310344828
2746507373,p,Manon,527,302.7113095238095
3031228228,p,Zangief,245,0
1884996840,p,Zangief,2162,0
4115717294,p,Zangief,1618,829.7435897435897
1801418085,p,Zangief,915,423.7027027027027
1054263282,p,Zangief,714,373.86614173228344
3575406597,p,Zangief,1690,0.0
1916640882,p,Zangief,1404,702.0
3036537307,p,JP,288,0
3752298746,p,JP,265,164.64497041420117
3942174205,p,JP,3305,826.25
3869355815,p,JP,739,0
3325570382,p,Dhalsim,2234,0
4210472413,p,Rashid,1933,1198.9493670886075
3809102097,p,Blanka,684,356.31627906976746
1695580319,p,Blanka,2255,0
2949732085,p,Blanka,804,607.4666666666667
1415374410,p,Blanka,210,114.35643564356437
1580042018,p,Juri,2237,1230.3500000000001
3279677053,p,Juri,131,71.53900709219859
3062782721,p,Zangief,794,0
1597881389,p,Zangief,1470,759.5000000000001
1842299270,p,Zangief,352,176.0
2342855516,p,Zangief,1266,0
4286032766,p,Zangief,756,0
2805023025,p,Zangief,428,184.32116788321167
4172628202,p,Manon,235,108.46153846153847
1050195263,p,Manon,2741,2153.642857142857
3950634585,p,Ken,795,795.0
4242966538,p,Ken,2893,1232.5998151571164
3572120069,p,Ken,911,0
2962950684,p,Ken,1546,773.0
3088737238,p,Ken,704,416.0
2590130796,p,Ken,1047,473.484076433121
3689552286,p,Ken,1399,685.0275862068966
3760703912,p,Dhalsim,1151,737.5339805825244
4045549953,p,Dhalsim,188,115.6923076923077
2278219392,p,Dhalsim,1157,771.3333333333333
3055047950,p,JP,381,0
1671840938,p,JP,153,124.16834170854271
2026581975,p,JP,613,313.79761904761904
1258585392,p,JP,1317,0.0
1785834491,p,Blanka,393,204.15584415584414
3407144113,p,Rashid,590,0
2585171436,p,Rashid,1494,747.0
3374768093,p,Rashid,918,463.37142857142857
2442309105,p,Lily,1711,0
2448559154,p,Lily,1785,0
1111505056,p,Lily,189,0
2140302817,p,Lily,2180,1183.4285714285713
4210664451,p,Cammy,327,142.53846153846155
2133575079,p,Marisa,1678,770.3935264054514
3780153558,p,Zangief,2342,0
3498807287,p,Guile,2616,1526.0
2491538837,p,Luke,484,121.0
2118530552,p,Rashid,1152,0
4072596463,p,Dhalsim,2968,1726.576923076923
2830813028,p,Cammy,2007,1186.6204379562046
4238353158,p,JP,371,192.4169491525424
1657815373,p,Ken,1214,579.1559633027523
1451864790,p,Chun-Li,545,269.888178913738
1025477100,p,Ryu,430,266.97802197802196
3986126493,p,Cammy,547,0
2894185765,p,Ken,1249,598.4791666666667
1925838118,p,Lily,1236,755.3333333333334
1570675502,p,Ryu,2670,1738.6046511627908
2710438200,p,Zangief,938,414.6646341463415
1433905156,p,Juri,1063,1063.0
3869335364,p,Kimberly,1363,0
2603309275,p,Ken,2005,895.5008210180624
2769064245,p,Blanka,2654,0
2553849401,p,Kimberly,408,0
1141721828,p,Blanka,541,306.59497645211934
3321942030,p,Ken,1544,692.1379310344828
1067115407,p,Ryu,488,262.7692307692308
1753895163,p,Edmond Honda,2362,0
2185928574,p,Manon,276,191.07692307692307
3771806432,p,Marisa,1315,0
2286162568,p,Blanka,2836,0
3491468884,p,Cammy,434,211.19786096256684
2159045112,p,Dhalsim,937,549.8099173553719
2860251487,p,Edmond Honda,847,0
1959627640,p,Lily,264,0
1162401160,p,Rashid,5223,5223.0
1801055458,p,Blanka,433,378.875
1205308320,p,Blanka,1591,0
1765693692,p,Blanka,414,202.85999999999999
2796889772,p,Juri,1016,0
2280914799,p,Juri,939,0
1547446917,p,Dhalsim,5079,0
1870762266,p,Juri,2449,1077.7734204793028
2363650131,p,Juri,580,326.25
3567948866,p,Juri,1086,465.4285714285714
3824164562,p,Juri,550,191.64948453608247
1311276273,p,Marisa,2398,0
2198290685,p,Marisa,669,317.49152542372883
3586598228,p,Marisa,1121,482.21787709497204
2742168344,p,Marisa,738,320.8695652173913
3216748590,p,Marisa,2226,1021.1009174311927
4152651791,p,Marisa,3042,0
1546395496,p,Marisa,490,431.2
4074743003,p,Guile,338,0
2592192940,p,Edmond Honda,1142,0
1683740326,p,Edmond Honda,176,105.6
4056779842,p,Edmond Honda,644,0
2522840359,p,Edmond Honda,468,0
1709554161,p,Edmond Honda,895,895.0
2917390367,p,Edmond Honda,257,204.08823529411762
3707890271,p,Edmond Honda,3755,0
3916660552,p,Edmond Honda,831,639.2307692307693
4081189593,p,Edmond Honda,921,0
1747146529,p,Edmond Honda,275,0.0
2372759441,p,Edmond Honda,271,0
2359379331,p,Edmond Honda,569,0
2568112544,p,Edmond Honda,249,0
2927377195,p,Edmond Honda,2441,732.3
1153629609,p,Edmond Honda,3726,2230.160583941606
2986101655,p,Edmond Honda,1508,0
2953711026,p,Edmond Honda,3055,0
1775175191,p,Edmond Honda,1004,1004.0
2915344336,p,Edmond Honda,1204,0
4126292379,p,Dhalsim,1474,0
2558218458,p,Dhalsim,1591,676.0623229461756
2986097525,p,Dhalsim,988,483.5633802816902
1309492260,p,Dhalsim,2620,1287.2832369942196
1584699296,p,Dhalsim,1257,0
3004437850,p,Dhalsim,979,626.7238493723848
3356747022,p,Dhalsim,440,235.24183006535947
3657507550,p,Dhalsim,1130,904.0
3057571307,p,Dhalsim,254,175.29577464788733
3424705340,p,Cammy,188,0
3441316839,p,Cammy,542,298.1
2713016679,p,Cammy,533,264.0990990990991
2015211150,p,Cammy,535,311.3377926421404
2304923920,p,Cammy,1407,787.9200000000001
1988063231,p,Cammy,673,0
2493261120,p,Cammy,710,379.48275862068965
2476319051,p,Ryu,519,233.55
1610288437,p,Ryu,1475,0.0
2420478321,p,Ryu,2104,935.1111111111111
3887065692,p,Ken,224,169.3658536585366
1482244561,p,Ken,3046,1467.9932279909706
1974193356,p,Ken,2174,1083.056831922612
3509493532,p,Ken,868,0
1848549789,p,Ken,806,0
1197204132,p,Ken,493,0
1501105426,p,Ken,546,151.20000000000002
3478866784,p,Ken,1103,486.06779661016947
2522724813,p,Rashid,2839,1431.468802698145
1391126781,p,Juri,758,159.13812154696132
3148086549,p,Juri,1669,939.2348178137652
4017830426,p,Juri,908,513.5746606334842
4144405408,p,Marisa,768,480.0
1925885935,p,Marisa,5035,2198.2954545454545
2369490969,p,Marisa,4115,2019.1614906832297
3530851515,p,Blanka,250,147.03389830508476
4173847868,p,Marisa,1383,681.2807881773399
2950728090,p,Marisa,1605,737.5113739763422
3848272828,p,Guile,1451,723.2676923076923
3135040645,p,Luke,368,276.0
1676077217,p,Luke,1533,1008.3368983957218
3450771546,p,Luke,2996,1610.35
2141213805,p,Jamie,557,333.7299578059072
1700923561,p,Jamie,6096,2786.7428571428572
1074061325,p,Jamie,3976,1626.414492753623
1144093703,p,Chun-Li,329,0
2015443135,p,Chun-Li,1675,1085.2112676056338
3683208112,p,Manon,2227,0
1080172044,p,Manon,1539,715.8139534883721
1504270543,p,Zangief,2412,1138.2471910112358
1951080933,p,JP,5155,2727.161290322581
3189988090,p,JP,1332,913.132075471698
3820617011,p,JP,320,171.42857142857142
2041982598,p,Cammy,2919,1341.956375838926
1725303534,p,Ryu,887,541.2203389830509
2557748934,p,Ryu,332,205.37674418604652
3859296343,p,Guile,1278,582.9874776386404
2394872953,p,Edmond Honda,411,0
1569852156,p,Edmond Honda,1393,839.0905511811025
1783615346,p,Zangief,283,175.0690690690691
2882916438,p,JP,3671,0
2537186452,p,Cammy,1247,764.9663865546219
1638144426,p,Ken,584,344.02909090909094
1793015926,p,Dee Jay,2297,1178.2538860103627
2723493278,p,Rashid,5803,0
3592883760,p,Rashid,2917,1458.5
3332577150,p,Juri,1808,843.7333333333333
2838551537,p,Juri,573,304.3134715025907
3068983842,p,Marisa,1670,0
3681991896,p,Guile,872,568.695652173913
4093314795,p,Luke,1120,585.3937947494034
2127672583,p,Luke,514,0.0
3049636898,p,Luke,1018,493.57575757575756
4184122335,p,Manon,1750,771.1864406779661
3793881280,p,Manon,1141,533.2124183006536
2518825607,p,Manon,1187,633.0666666666666
3839573932,p,Zangief,216,0
1553630186,p,Zangief,280,108.35249042145594
3725639232,p,JP,1716,1002.4158415841583
3915731717,p,JP,100,51.39664804469274
2364898142,p,Cammy,799,399.5
1015126976,p,Cammy,830,420.42483660130716
2347983738,p,Cammy,2243,1264.6702127659573
2371953487,p,Ryu,3010,1477.4358974358975
4233050699,p,Ryu,1273,658.2341463414634
1557116370,p,Ryu,350,0
1136738886,p,Ryu,612,393.59107806691446
2566108498,p,Ken,2184,1031.530944625407
2646268162,p,Ken,731,389.65198237885465
3032674280,p,Ken,3351,1731.085308056872
1619392897,p,Edmond Honda,1389,613.3905109489051
1843780528,p,Edmond Honda,1693,794.0619469026549
2414464817,p,Jamie,2199,1561.608695652174
1452398776,p,Jamie,818,415.9322033898305
3668836546,p,Kimberly,117,90.4639175257732
3477068460,p,Kimberly,1818,0
2320877702,p,Chun-Li,619,311.02463054187194
4102013203,p,Manon,806,0
2248626261,p,Manon,207,107.10136157337367
3162433141,p,Zangief,2328,1094.1599999999999
2034494460,p,Zangief,316,158.0
2421592601,p,Zangief,781,393.43609022556393
2057455429,p,Zangief,410,0
2285418566,p,Zangief,421,256.81
1979879751,p,Zangief,3034,1728.3852459016393
2481717730,p,Zangief,1187,554.1432360742706
2272958434,p,JP,731,346.2631578947368
4047757048,p,Dhalsim,743,370.0874524714829
3929156911,p,Dhalsim,1576,0
1620804736,p,Ryu,1638,795.0982727814174
3317766063,p,Luke,162,0
4000990000,p,Ryu,258,258.0
2272335709,p,Ken,851,396.8745724059293
1319080999,p,Ken,2921,1125.8020833333335
3714702448,p,Ken,419,236.82608695652172
2306176377,p,Dee Jay,260,125.18518518518518
3308999223,p,Juri,861,433.6423357664234
3589336376,p,Luke,1710,818.0779000846741
2546544414,p,Manon,260,125.0
1223657188,p,Manon,868,385.77777777777777
1889476106,p,Zangief,659,324.4307692307693
1415891177,p,JP,188,68.36363636363636
3636520956,p,Cammy,946,396.36871508379886
1392150248,p,Ken,1240,555.940959409594
1622153024,p,Rashid,895,201.6403162055336
1650530424,p,Blanka,1154,678.8235294117648
2728022961,p,Juri,287,214.26712328767124
3380305104,p,Juri,1241,876.0
3457513259,p,Marisa,312,186.752688172043
3382263047,p,Marisa,502,423.2549019607843
3974291598,p,Marisa,894,453.3404255319149
1878979341,p,Guile,2610,1315.7851239669421
3472897604,p,Guile,816,462.75324675324674
4089033285,p,Luke,439,292.27851458885937
1322773575,p,Luke,1181,0
1341440703,p,Luke,4277,2062.6666666666665
3780084764,p,Edmond Honda,889,631.4392523364486
3589068406,p,Jamie,1537,768.5
1565059126,p,Kimberly,1448,0
2816148423,p,Kimberly,1633,690.0261958997722
2151855742,p,Juri,1558,0
4013203917,p,Juri,4076,1871.5455497382197
1885659858,p,Juri,927,457.0
3821842275,p,Marisa,426,278.1210191082802
3374980953,p,Guile,1773,888.8894878706199
3427383964,p,Guile,663,0
1409351178,p,Luke,3941,2198.9076620825144
3055760695,p,Edmond Honda,1181,0
3848419743,p,Edmond Honda,449,281.00680272108843
3806793254,p,Jamie,3053,1324.2819063004847
1594189677,p,Jamie,1242,0
2027382858,p,Chun-Li,1116,602.2857142857142
1676786853,p,Chun-Li,1997,1157.0180032733224
2115297693,p,Zangief,3754,1658.5854545454547
3362717117,p,Kimberly,1635,1169.8706896551726
3469334568,p,Chun-Li,2764,0
3758846118,p,Manon,779,358.8121212121212
3059349378,p,Manon,1310,0
2550654658,p,Zangief,124,92.0
3532336412,p,Cammy,498,294.0
1460298231,p,Ryu,3237,1235.9454545454546
1007777039,p,Ryu,318,150.6315789473684
3750157325,p,Ryu,1639,861.478841870824
2645672927,p,Ryu,792,380.15999999999997
3893774181,p,Ryu,242,0
3149928704,p,Ryu,555,0
3549342657,p,Ryu,2056,934.5454545454545
2918346969,p,Ryu,201,0
1607470848,p,Ryu,1488,372.0
3586261125,p,Ken,348,161.6234309623431
4034004233,p,Ken,558,0
3550649101,p,Ken,502,0
2718559421,p,Ken,5804,0
2652545180,p,Blanka,1167,466.8
3832759849,p,Blanka,1829,0
1308915938,p,Blanka,290,0
2677585728,p,Blanka,4762,2142.9
1918577586,p,Juri,1459,511.5974025974026
2858609394,p,Juri,792,414.0704041720991
2193024393,p,Juri,1132,617.9795918367347
1483509044,p,Juri,110,0
4238469262,p,Juri,1407,879.375
1515933952,p,Juri,224,0
1938928008,p,Juri,159,0
2562246828,p,Marisa,243,133.54054054054055
2781727118,p,Marisa,2845,0
3072806498,p,Marisa,295,0
2335446835,p,Marisa,138,62.1
3427625061,p,Marisa,409,285.2236842105263
1716983716,p,Ken,405,0.0
1362000743,p,Ken,906,292.258064516129
1551253417,p,Dee Jay,500,245.9016393442623
3425103769,p,Kimberly,1289,837.85
2336583425,p,Dee Jay,703,0
2003373978,p,Dee Jay,2070,1433.076923076923
3980405398,p,Lily,1041,497.43074792243766
2723001551,p,Lily,1479,767.9423076923077
3720811318,p,Lily,590,0
3224083467,p,Rashid,879,0
3631304650,p,Rashid,678,275.3723076923077
4032142368,p,Luke,1677,930.4285714285713
3084335004,p,Luke,711,358.02127659574467
2787737634,p,Rashid,1921,640.3333333333333
1843265638,p,Rashid,745,0
2687858652,p,Blanka,1309,781.6996466431095
3030349333,p,Blanka,495,171.34615384615384
1735435079,p,Blanka,970,661.7757009345794
1494449136,p,Juri,1027,508.5529865125241
3486006104,p,Juri,3582,0
3382677356,p,Marisa,310,0
4118427677,p,Kimberly,493,0
1996286599,p,Kimberly,426,222.6818181818182
3908718729,p,Kimberly,936,0
2538328147,p,Kimberly,1740,0
2592872407,p,Kimberly,1070,505.15021459227466
2554726380,p,Kimberly,687,450.30252100840335
2510185241,p,Kimberly,173,0
4135382137,p,Kimberly,496,0
3545724454,p,Kimberly,907,504.9278350515464
2499967932,p,Kimberly,3496,0
2409683356,p,Kimberly,652,301.19565217391306
3923197030,p,Kimberly,677,374.34117647058827
1362215296,p,Kimberly,182,0
3906586253,p,Kimberly,105,0
1805911320,p,Kimberly,2048,0
2840718957,p,Kimberly,759,0
2941602934,p,JP,1015,529.5652173913044
3622709085,p,Juri,372,206.66666666666669
1793557489,p,Marisa,1506,727.3877551020408
2245232198,p,Guile,1640,889.156626506024
3822336007,p,Guile,1433,698.8430609597924
2515893573,p,Edmond Honda,500,322.5806451612903
1127861860,p,Jamie,213,149.1
1943402905,p,Chun-Li,4420,3113.217391304348
3455847433,p,Chun-Li,263,157.79999999999998
2543702531,p,Manon,377,0
3277172472,p,Zangief,766,582.16
1600183292,p,Zangief,603,302.2094117647059
1240426922,p,Zangief,952,462.6292134831461
2829675932,p,Zangief,1322,618.3548387096774
1741588037,p,JP,1088,524.8
1529908500,p,JP,798,501.73652694610774
3758786568,p,JP,1126,624.4181818181819
1420119439,p,Cammy,937,417.69879518072287
4156439068,p,Zangief,1244,759.7583892617449
3315405192,p,JP,1016,362.8571428571429
1884863036,p,JP,237,148.85950413223142
2059346982,p,Ryu,477,230.27586206896552
3688894618,p,JP,401,235.8823529411765
3156537143,p,JP,250,0.0
2444065106,p,JP,1212,480.22641509433964
1250362689,p,JP,3106,0
4281568370,p,JP,934,0
3492063495,p,JP,471,0
2726952467,p,JP,230,0
1658831642,p,JP,318,188.44444444444443
4057508408,p,JP,1666,0.0
2610439017,p,JP,710,383.64912280701753
2635555393,p,JP,1043,0
1910296887,p,JP,3705,0
2437590258,p,JP,1425,0
4081854610,p,Ryu,1968,0
1214415282,p,Ryu,2051,1166.948275862069
3146527086,p,Ryu,283,153.0691823899371
1573149697,p,Ryu,519,0
1020271607,p,Ryu,236,0
3581768629,p,Ryu,1259,0
2321311164,p,Ryu,762,0
2287842453,p,Ryu,482,229.1246376811594
1298343583,p,Ryu,412,156.95238095238093
3752886102,p,Ryu,582,363.75
3720897756,p,Ryu,448,224.0
2800598246,p,Ryu,1677,890.90625
4080623224,p,Ryu,2094,0.0
2784742140,p,Lily,597,329.99999999999994
4215372927,p,Rashid,546,256.13272311212813
4115348908,p,Rashid,2220,947.9047619047618
3426849128,p,Rashid,1852,872.7816091954022
1676509604,p,Rashid,273,144.3561151079137
2748210749,p,Rashid,1170,595.7012195121952
1351220492,p,Rashid,997,0
2318053411,p,Rashid,1210,630.8547008547009
3285191469,p,Blanka,1166,0
3201735007,p,Blanka,657,0
1939710737,p,Blanka,2504,0
2572815353,p,Blanka,1382,1023.7037037037037
4214489095,p,Blanka,1389,804.1578947368421
2198677088,p,Blanka,1240,1240.0
1653664559,p,Blanka,395,0
4281799265,p,Blanka,434,0
3113153168,p,Ken,1263,421.0
3842944721,p,Ken,150,66.07142857142857
1779722660,p,Ken,1730,681.067463706234
1851043431,p,Ken,1122,0
1237357811,p,Ken,667,324.4864864864865
3479911309,p,Ken,425,249.31930693069305
3838992172,p,Ken,303,171.26086956521738
3826157035,p,Ken,2725,1233.9622641509434
2721908215,p,Ken,1654,1102.6666666666665
4191348708,p,Ken,388,0
2338359610,p,Dee Jay,761,318.55813953488376
4186920992,p,Dee Jay,273,0
4057920619,p,Cammy,133,0
4187206713,p,Cammy,2444,0
3375381156,p,Cammy,287,0
3645362015,p,Cammy,1446,883.6666666666667
3576126687,p,Ryu,1509,671.0976863753214
3343843882,p,Ryu,2841,1996.3783783783786
1362026968,p,Ryu,616,342.22222222222223
1958918258,p,Ryu,5599,0
1116791334,p,Ken,1481,768.859574468085
2633644540,p,Ken,301,0
4060944439,p,Ken,1140,447.6923076923077
3806298275,p,Ken,668,321.22404371584696
1024490061,p,Ken,110,0
2905068900,p,Ken,537,259.4678899082569
1068070003,p,Ken,207,172.5
3192125900,p,Ken,515,0
2716924569,p,Ryu,650,0
2089568484,p,Ryu,4665,0.0
3634630307,p,Ryu,1312,785.6744186046511
3048877745,p,Ryu,616,322.5511811023622
1197495015,p,Ryu,1311,874.0
1991759799,p,Ryu,1158,636.5165562913908
4124400002,p,Ryu,973,570.1171875
3925229159,p,Ryu,555,0
1963351263,p,Ryu,1162,565.7105263157895
1196821133,p,Ryu,2878,0
2217751356,p,Ryu,326,0
2230553771,p,Ryu,1415,832.3529411764706
1746162197,p,Manon,2019,0
2733537296,p,Manon,1023,421.34693877551024
1541366346,p,Manon,1260,630.0
2151980347,p,Zangief,2049,2049.0
1227824862,p,Zangief,1157,626.1411764705882
1790050963,p,Zangief,682,487.14285714285717
3040907795,p,Zangief,268,0
2099729946,p,JP,142,97.15789473684211
3671494730,p,JP,458,284.97777777777776
3721352017,p,JP,2199,1399.3636363636363
3935248004,p,JP,354,220.00934579439252
3511283504,p,Cammy,472,0.0
2108956285,p,Cammy,2175,725.0
3824569321,p,Cammy,179,0
1982715418,p,Cammy,2126,1023.6296296296296
2913336098,p,Cammy,3147,1264.1039325842696
2001716896,p,Dee Jay,2391,1114.2237330037083
1486532050,p,Dee Jay,164,0
3427784761,p,Lily,709,0
2188059918,p,Blanka,1279,524.1803278688525
1032131943,p,Juri,1281,376.7647058823529
3704334495,p,Marisa,1136,540.952380952381
1787813940,p,Guile,493,232.4142857142857
1436969899,p,Luke,1070,535.0
2223174415,p,Luke,1486,1050.1066666666666
3901976075,p,Kimberly,2317,1091.1453488372092
2162974454,p,Chun-Li,767,469.22352941176473
4198749898,p,Chun-Li,1274,595.5566265060241
1415867215,p,Manon,2579,1878.9857142857143
1605952564,p,Manon,221,138.125
2433086817,p,Zangief,168,0
3834488549,p,Dhalsim,118,55.23404255319149
1523492904,p,Dhalsim,956,0
1436813541,p,Dhalsim,1362,676.029197080292
1712575382,p,Dhalsim,1389,1198.3529411764707
2516323011,p,Dhalsim,4924,1641.3333333333333
4235361202,p,Dhalsim,1059,392.6913875598086
2413594709,p,Dhalsim,1031,0
2338152578,p,Dhalsim,1139,607.4666666666667
3786906091,p,Cammy,824,0
1867932933,p,Cammy,1199,0
3743196667,p,Cammy,824,446.3333333333333
2477016458,p,Cammy,2512,0
2218723597,p,Cammy,448,0
2714562617,p,Cammy,1677,0
4205768667,p,Cammy,378,162.0
2279245450,p,Cammy,1842,810.9829351535836
1708750320,p,Cammy,1381,551.6284916201117
1303682398,p,Cammy,1970,856.5217391304348
4013315807,p,Ryu,980,502.72727272727275
1584220215,p,Ken,1308,524.2178988326848
2181552345,p,Ken,253,160.50537634408602
1321156874,p,Ken,1824,710.2300884955752
3453649628,p,Ken,898,457.2234432234432
2830043199,p,Lily,1509,694.0837988826815
2693212493,p,Lily,1675,0
2762112447,p,Blanka,1919,1036.7011494252874
3989957946,p,Juri,308,0
3729583934,p,Marisa,222,0
3685672600,p,Guile,967,382.1209677419355
2627049905,p,Luke,713,0
3276398589,p,Luke,644,0.0
1667393245,p,Luke,1855,954.5145631067961
3220777453,p,Luke,374,0
1446670921,p,Luke,1104,520.4571428571428
1254856581,p,Edmond Honda,4983,3322.0
3828719457,p,Edmond Honda,533,250.8235294117647
3788720344,p,Cammy,2543,1111.8232558139534
2603677965,p,Ryu,2953,1426.354716981132
3170388635,p,Ken,337,224.66666666666666
2234209154,p,Ken,433,157.45454545454547
2420015833,p,Ken,2245,1374.4897959183675
1005332419,p,Ken,1917,519.1875
1025670033,p,Juri,2148,0.0
2013771449,p,Juri,644,369.50819672131144
1285919424,p,Marisa,2714,1489.220512820513
3969995013,p,Luke,894,0
1234983664,p,Edmond Honda,3041,1013.6666666666666
3397447649,p,Jamie,976,529.8285714285714
4245383864,p,Jamie,1663,757.6496710526316
1535336187,p,Zangief,556,0
3980368119,p,Zangief,1013,669.7520661157025
2064088710,p,Zangief,1561,718.4147727272727
3612974318,p,Dhalsim,4451,0
3973337370,p,Rashid,2038,1106.3428571428572
1333135248,p,Rashid,2619,0
3022796806,p,Rashid,1252,1043.3333333333335
1236951867,p,Rashid,997,489.8554913294797
3952707861,p,Rashid,1588,0
3441460400,p,Rashid,2091,1137.75
1189277301,p,Blanka,779,0.0
2728905850,p,Blanka,3046,1015.3333333333333
2555249092,p,Blanka,217,130.2
4029944298,p,Blanka,1171,871.4418604651163
4082472484,p,Blanka,3447,0
1418840183,p,Blanka,243,121.5
4186430192,p,Blanka,190,42.22222222222222
2146751527,p,Blanka,674,0
2238287825,p,Blanka,341,244.6304347826087
3744722726,p,Blanka,1280,0
1669605451,p,Blanka,1016,508.0
2875720602,p,Blanka,527,428.1875
2639120314,p,Luke,920,306.66666666666663
3941625423,p,Luke,893,0
2604824070,p,Luke,1893,996.3157894736842
3167852792,p,Luke,3410,3182.6666666666665
3844860960,p,Luke,472,346.1333333333333
3397407339,p,Luke,1739,0
2913765525,p,Luke,1019,590.7246376811595
2516387944,p,Luke,1520,0
4101505217,p,Edmond Honda,940,0
2676472611,p,Edmond Honda,879,0
1071538464,p,Edmond Honda,1494,373.5
1723955883,p,Edmond Honda,2516,0
3375980989,p,Edmond Honda,2255,0
1651334616,p,Edmond Honda,181,60.33333333333333
2220586195,p,Edmond Honda,879,0
1832854929,p,Edmond Honda,1022,511.0
2090357379,p,Edmond Honda,310,157.71137026239066
1966772583,p,Jamie,290,0
2640387642,p,Luke,107,79.94252873563218
1137330730,p,Luke,2459,1557.3666666666666
3532843928,p,Dhalsim,3071,2047.3333333333333
2857999780,p,Luke,569,252.88888888888889
2290745771,p,Edmond Honda,445,0
1963729983,p,Edmond Honda,1726,1117.655737704918
3063122223,p,Edmond Honda,467,272.4166666666667
1569411074,p,Jamie,176,95.21311475409837
1985431342,p,Jamie,405,0
2862509246,p,Jamie,3268,0
1904561538,p,Kimberly,1646,877.8666666666667
2256002045,p,Kimberly,3097,1864.2135922330096
1799458637,p,Kimberly,421,202.40384615384616
1919093151,p,Kimberly,126,58.800000000000004
3250058006,p,Kimberly,721,0
3597322902,p,Chun-Li,407,198.91961414790998
3951888383,p,Chun-Li,522,235.97260273972603
1131256106,p,Chun-Li,1498,0
2217109448,p,Chun-Li,1530,810.6716417910447
2583252535,p,Zangief,1187,712.1999999999999
2754386019,p,Zangief,440,275.73333333333335
1526449275,p,Zangief,688,336.0919540229885
2099618415,p,Zangief,778,374.2278481012658
2676345146,p,Zangief,1774,0
2710829017,p,Zangief,924,0
3231125612,p,Zangief,131,0
3011811409,p,JP,935,0
2755174322,p,JP,3745,2808.75
1572461763,p,JP,1771,1294.9247311827958
1536184525,p,JP,106,67.45454545454545
4179011411,p,JP,366,0
4197710940,p,JP,148,0
1759127411,p,Dhalsim,1877,1255.3961038961038
3676097403,p,Dhalsim,1117,584.2769230769231
2617692203,p,Dhalsim,532,0
3620837557,p,Cammy,579,0.0
1440687065,p,Marisa,774,0
1904006805,p,Marisa,3260,2028.0232558139535
4253347601,p,Marisa,2488,1378.1568627450981
2120540581,p,Marisa,4195,2689.1025641025644
1960836428,p,Guile,1343,0.0
1062074931,p,Guile,782,452.09375
3335998342,p,Guile,301,301.0
3623815461,p,Luke,456,217.02673796791444
2254048105,p,Edmond Honda,557,294.14606741573033
2350372747,p,Edmond Honda,265,0
3876401084,p,Jamie,4063,1787.9666160849772
2006040643,p,Jamie,2362,1157.3799999999999
1506484877,p,Jamie,2191,1300.464516129032
1294637744,p,Random,1115,349.14141414141415
4154470923,p,Chun-Li,598,0
2795450649,p,Chun-Li,1221,407.0
2417797484,p,Chun-Li,381,222.86164623467602
3826916316,p,Manon,1272,664.1104972375691
2774105796,p,Manon,1072,501.61509433962266
1049643090,p,Cammy,912,463.90751445086704
1827232555,p,Cammy,921,690.75
1860282515,p,Cammy,524,221.83941605839416
2474600511,p,Cammy,504,355.764705882353
3095398448,p,Cammy,3567,0
3564706477,p,Cammy,257,65.74418604651163
2510133541,p,Cammy,653,0
1959384023,p,Cammy,896,384.0
3121311917,p,Cammy,2211,1326.6
1433397910,p,Cammy,836,350.2162162162162
4068585219,p,Cammy,289,183.9090909090909
1882936828,p,Ryu,1899,1107.75
3907027390,p,Ryu,1273,506.5340314136125
1566371019,p,Ryu,482,250.64000000000001
1820032807,p,Ryu,1181,0
2363459089,p,Ryu,2146,919.7142857142857
2384985280,p,Ryu,593,0
1622476995,p,Ryu,1169,621.8085106382979
3638594504,p,Ryu,472,209.77777777777777
1880643923,p,Manon,445,0
2018446108,p,JP,808,0
3664660579,p,Blanka,2221,0
4253090892,p,Luke,1158,0
3551910077,p,Rashid,239,0.0
3266544722,p,Marisa,2030,870.0
2453234220,p,Dee Jay,1850,1850.0
3344849438,p,Zangief,328,221.8823529411765
2268006070,p,Dee Jay,377,206.09333333333333
1436741698,p,Ken,1367,711.9791666666667
1082922906,p,Guile,931,0
4008608867,p,Luke,1264,615.1466666666666
3333562798,p,Marisa,813,389.2355212355212
2883555252,p,Kimberly,497,180.72727272727272
3746611167,p,Edmond Honda,1547,0
1323943642,p,Ken,583,316.96349413298566
1759033810,p,Chun-Li,587,0
4160839834,p,Ryu,1199,0
4156073028,p,Cammy,623,311.5
3728199513,p,Guile,1469,998.9200000000001
1330792296,p,Marisa,279,209.92282958199357
2972672207,p,Zangief,1021,746.1153846153845
1492503763,p,Ken,871,503.2444444444444
1151635078,p,Rashid,821,501.05147058823536
1302153683,p,Zangief,253,89.91832229580574
1049182363,p,Cammy,681,313.4761904761905
4069265378,p,Manon,3405,0
2274830531,p,Cammy,721,665.5384615384615
3061060489,p,Marisa,264,0
3245013293,p,Zangief,1518,0
3545133506,p,Zangief,600,370.21276595744683
1711164701,p,Luke,347,176.5226480836237
3061950683,p,Luke,548,275.0185873605948
4153017894,p,Luke,678,308.1818181818182
2749669049,p,Luke,1050,0
1740799777,p,Luke,1335,0
1690161178,p,Luke,215,122.5
2144472195,p,Luke,421,212.46728971962614
1994571838,p,Luke,2087,0
2259870558,p,Luke,1401,652.0167064439141
2868817673,p,Luke,457,235.68553459119497
4275996561,p,Luke,602,316.84210526315786
1572817126,p,Edmond Honda,824,0
3486243545,p,Edmond Honda,1523,0
2766193048,p,Edmond Honda,132,66.92957746478874
1298345296,p,Edmond Honda,1494,1494.0
2114590636,p,Edmond Honda,1752,0
2298725492,p,Edmond Honda,2265,0
1624386526,p,Edmond Honda,2698,0
1178763078,p,Edmond Honda,2765,0
3133256797,p,Jamie,398,180.34375
2210566212,p,Zangief,858,412.0860215053763
2423106952,p,JP,2327,0
3468932930,p,JP,847,544.5
3007198737,p,JP,2153,2153.0
3495872812,p,JP,962,561.1666666666667
1531946682,p,JP,986,617.8101265822785
2387124687,p,JP,297,0
1170099032,p,Cammy,871,0
3377674108,p,Cammy,162,108.0
3482503467,p,Cammy,1630,0
4139094376,p,Cammy,530,265.0
1538765499,p,Cammy,1297,887.421052631579
2787402888,p,Cammy,181,81.45
3484402916,p,Cammy,601,400.66666666666663
1920135375,p,Ryu,1432,0
3663998546,p,Ryu,544,0
1811817217,p,Marisa,862,431.0
2188924549,p,Marisa,1520,0
2703296014,p,Marisa,226,175.15
1408204634,p,Marisa,2377,0
1338078919,p,Marisa,1048,926.4927536231885
2413403554,p,Marisa,990,577.5
4024593482,p,Marisa,2086,985.1339648173208
1275582707,p,Marisa,345,0
2584018693,p,Marisa,483,216.51724137931035
2802859371,p,Marisa,2039,984.7139107611548
2118075096,p,Marisa,3732,0
1971867129,p,Marisa,1377,0
1793602543,p,Marisa,826,0
2335449694,p,Marisa,105,0
3460010800,p,Cammy,2724,0
2902867939,p,Cammy,773,380.6439393939394
2216442560,p,Cammy,1873,749.2
3174642299,p,Cammy,250,102.94117647058823
3118243720,p,Cammy,1179,0
3177592172,p,Cammy,3098,2065.333333333333
4061250242,p,Cammy,396,0
3786731523,p,Cammy,458,252.9436997319035
1437289401,p,Cammy,253,0
2217506758,p,Cammy,3322,1753.2777777777778
1374667633,p,Cammy,554,410.7241379310345
3457059644,p,Cammy,2061,0
3580551561,p,Ryu,195,43.33333333333333
3203154449,p,Ken,2700,1681.132075471698
1769353500,p,Ryu,532,220.38307349665925
2357831924,p,Ryu,914,620.2142857142858
1708349624,p,Ryu,755,0
3875787813,p,Ryu,6516,0
3488551380,p,Ryu,934,470.89166666666665
4161753250,p,Manon,1423,0
3072355231,p,Zangief,1389,815.2826086956522
1692532021,p,Zangief,405,193.81188118811883
3316569713,p,Zangief,2239,1395.541095890411
1309513246,p,JP,2231,1673.25
3552888375,p,JP,3275,1889.4230769230767
3199862625,p,Dhalsim,1027,600.4
1659474814,p,Dhalsim,1581,702.6666666666666
1791302845,p,Cammy,1814,890.0993788819875
2150864323,p,Ryu,2097,924.912547528517
3981732054,p,Ryu,525,292.13709677419354
3578861012,p,Ryu,869,316.0
3187246312,p,Ryu,718,159.55555555555554
1186315729,p,Ryu,1102,1102.0
2355678707,p,Ryu,1549,774.5
3189434776,p,Ken,347,235.46428571428572
3435790102,p,Ken,750,0
2795778587,p,Ken,886,417.76031434184677
2243635736,p,Ken,1097,543.7796901893288
2195378502,p,Cammy,893,0
1894187755,p,Cammy,564,282.0
3690188042,p,Ryu,1123,481.2857142857143
1658245510,p,Ryu,1486,670.5421487603305
2736400218,p,Ryu,1431,646.8904109589041
1117998388,p,Ken,1325,541.4749661705007
1228298130,p,Rashid,4724,2974.3703703703704
1802286080,p,Ken,1264,488.659793814433
1022330261,p,Ken,645,348.9855072463768
2660085238,p,Ken,209,0
2336676745,p,Dee Jay,423,145.52186588921282
3287920937,p,Dee Jay,198,81.93103448275862
1445569618,p,Dee Jay,1105,444.7227926078029
4243107839,p,Dee Jay,588,298.14084507042253
3864525299,p,Dee Jay,2696,0
3944885869,p,Lily,1415,499.4117647058824
3317864751,p,Lily,1803,1230.6190476190477
2328242516,p,Lily,1352,0.0
2793433011,p,Lily,3428,1416.5289256198348
2844488226,p,Zangief,117,0
2471077895,p,Zangief,602,0
3797458170,p,Zangief,287,172.60139860139859
1704556288,p,Zangief,1236,1153.6
2114442014,p,JP,1567,723.2307692307693
2059505035,p,JP,432,141.14851485148515
3639634421,p,JP,364,234.83870967741936
2677532084,p,JP,1991,1150.7614678899083
2273575449,p,JP,808,0
3360331629,p,Dhalsim,222,0
2268424969,p,Dhalsim,886,0
1055071127,p,Cammy,923,815.6744186046511
1745879537,p,Cammy,155,90.17295597484276
2940936576,p,Cammy,249,124.5
1357616855,p,Cammy,619,330.1333333333333
2336374080,p,Cammy,1562,874.72
1272658538,p,Cammy,621,303.59999999999997
3030797563,p,Rashid,851,0
1762498550,p,Rashid,1697,0
1363579715,p,Rashid,225,0
1694030355,p,Rashid,317,206.16083916083915
4172806012,p,Rashid,614,0
1868277224,p,Rashid,1840,0
1767873053,p,Rashid,236,125.375
1439896411,p,Rashid,337,180.50508905852416
1531246375,p,Rashid,1368,820.8
3836824694,p,Rashid,2190,892.2222222222222
1171808024,p,Rashid,2875,0
2093758210,p,Rashid,346,195.56521739130434
1084778376,p,Rashid,134,0
3233985908,p,Rashid,2215,1070.8278145695365
2418933113,p,Rashid,115,86.7485549132948
3613772931,p,Rashid,501,226.25806451612902
2760294611,p,Rashid,342,205.2
3594780460,p,Rashid,256,206.76923076923077
3149205766,p,Ken,298,0
3945004406,p,Ken,980,721.3888888888889
2901544219,p,Ken,1833,1081.47
3860376076,p,Ken,473,110.24812030075188
1006944250,p,Ken,531,253.62611806797855
2250225678,p,Ken,582,313.7739130434783
3847706397,p,Ken,917,0
2595171958,p,Ken,1193,663.3971962616822
4145779911,p,Guile,1284,914.6301369863013
2890472310,p,Ken,2078,1154.4444444444446
2166798424,p,Ken,1959,1365.3636363636365
1772492884,p,Ken,1649,0
4107028794,p,Ken,1426,539.5675675675676
1433235955,p,Ken,2574,1287.0
1227088417,p,Ken,2285,728.9570552147239
1069469613,p,Dee Jay,649,339.25
3910115006,p,Dee Jay,365,138.60759493670886
1996288670,p,Dee Jay,1084,529.0952380952381
2790384341,p,Dee Jay,504,0
3307115190,p,Zangief,595,340.0
1669482277,p,Zangief,1587,0
2013065880,p,Zangief,235,0
3143765938,p,Zangief,688,416.42105263157896
1124613262,p,Zangief,901,0
2468329240,p,Zangief,1546,615.3980582524272
2923772473,p,Zangief,796,0
1007437329,p,Zangief,1025,461.49289099526067
2283744293,p,Zangief,320,178.36065573770492
4131317453,p,Zangief,934,446.69565217391306
2772818848,p,Zangief,581,266.29166666666663
1051129576,p,Zangief,4297,0
3687301933,p,Zangief,148,93.80281690140846
3993271672,p,Zangief,392,179.01639344262296
3647319860,p,Zangief,2278,1192.390625
1097273794,p,Zangief,1834,1222.6666666666665
4088493584,p,Zangief,773,355.2225433526012
3547835341,p,JP,161,107.33333333333333
1668119724,p,Marisa,1031,450.32183908045977
3167517824,p,Marisa,1424,661.5929203539823
3066685289,p,Guile,518,268.4921465968587
2311884516,p,Jamie,2357,2357.0
1164227799,p,Luke,957,622.0500000000001
1039771402,p,Luke,369,240.85355648535565
3662742035,p,Luke,749,412.76160990712077
2179819701,p,Luke,357,196.21374045801528
2868058610,p,Jamie,1060,476.8704156479218
3895607657,p,Chun-Li,916,175.6712328767123
2060256336,p,Manon,1104,608.0
3288749527,p,Zangief,1248,709.7630331753554
3389709153,p,JP,2075,1249.0291262135922
1691708592,p,JP,1194,597.0
4257368536,p,Cammy,1060,0
2309319242,p,Ryu,1590,784.741935483871
2334785935,p,Ken,3204,1491.8847006651886
2139073883,p,Ken,1716,1080.4444444444446
1487685160,p,Dee Jay,716,159.11111111111111
3897801316,p,Luke,1895,1579.1666666666667
1164504804,p,Luke,170,97.46666666666667
2698305354,p,Luke,460,257.84753363228697
1673200658,p,Luke,255,0
1715409616,p,Luke,1152,1007.0204081632653
1182734351,p,Luke,354,0
3003122929,p,Luke,695,347.5
3237120566,p,Luke,403,159.46932515337423
3732331321,p,Luke,2849,1090.358024691358
1617199829,p,Edmond Honda,895,450.62937062937067
3806340945,p,Edmond Honda,4325,2478.963414634146
1975426464,p,Edmond Honda,2980,0
1355497564,p,Edmond Honda,400,237.5757575757576
2871888070,p,Edmond Honda,1786,845.3733333333333
2664913688,p,Edmond Honda,190,123.72093023255815
3343371926,p,Jamie,473,277.4685039370079
2376755201,p,Jamie,2219,1208.5625
2330479945,p,Cammy,376,187.4733893557423
3112633550,p,Cammy,1950,816.1111111111111
2036820845,p,Cammy,621,0
1906537832,p,Cammy,444,226.18867924528303
4181785677,p,Ryu,415,249.0
3143987577,p,Ryu,749,332.88888888888886
4154811465,p,Ryu,382,0
3479373195,p,Ryu,400,189.83050847457628
2004395286,p,Ryu,466,214.3101604278075
2203474150,p,Ryu,453,190.98200514138819
1457071298,p,Ryu,415,235.3256704980843
3196588975,p,Ryu,701,361.19322033898305
1107353023,p,Ryu,1019,519.0919158361019
2266127314,p,Ken,1714,734.5714285714286
1861895755,p,Ken,1390,0
2781104021,p,Ken,214,86.0
4261678912,p,Ken,1730,471.81818181818176
2971074414,p,Ken,682,618.5581395348837
3482560227,p,Ryu,241,172.14285714285714
1933767392,p,Ryu,3086,771.5
4129637219,p,Ryu,2365,2365.0
4233943883,p,Ryu,1599,0
2279246138,p,Ryu,770,481.25
4045960021,p,Ryu,1103,0
1874608908,p,Ryu,348,144.29268292682926
1456643350,p,Ryu,1948,0
2774883492,p,Ryu,1333,659.5572916666667
3386249945,p,Ryu,663,0
2917480471,p,Ryu,1257,654.5325443786982
4065002528,p,Ryu,325,201.72413793103448
3770441963,p,Ryu,252,0
2191356947,p,Ken,2729,0
1658856259,p,Ken,200,0
1067393251,p,Ken,1180,0
2563854340,p,Ken,1319,0
1831896958,p,Ken,436,198.82226211849192
3174655581,p,Ken,739,327.8270676691729
1506101934,p,Chun-Li,1405,617.4084507042254
2454847245,p,Chun-Li,377,0
3431208481,p,Manon,3130,0
1910052134,p,Manon,629,0
2551002033,p,Manon,769,0
1093891932,p,Zangief,2074,931.1836734693877
1896838582,p,Zangief,1881,1072.6363636363635
1826227691,p,JP,1813,1080.826923076923
3693043521,p,Dhalsim,1840,1009.0322580645161
1252235394,p,Ryu,857,419.0303867403315
3360477619,p,Ryu,2008,934.9626719056974
1661492303,p,Ryu,581,327.47272727272724
1953461164,p,Ryu,2175,997.6495726495726
2396178040,p,Ryu,251,0
1187389596,p,Ryu,830,264.8936170212766
2088111551,p,Ryu,1631,1019.375
2803221263,p,Ken,1214,519.4611727416799
4072855405,p,Ken,1336,445.3333333333333
3154245118,p,Ken,3361,1519.5681399631676
2148264818,p,Ken,748,0
1810401666,p,Ken,836,402.126582278481
3410078477,p,Ken,768,587.2941176470588
2533904990,p,Ken,1138,543.5223880597015
3184525188,p,Dee Jay,1917,958.5
2675936751,p,Dee Jay,509,0
3939699232,p,Dee Jay,104,0
1576897319,p,Dee Jay,818,654.4000000000001
1117789708,p,Lily,1157,433.875
3972659481,p,Rashid,2089,1012.3995271867611
3629492123,p,Rashid,780,424.7328244274809
2975373381,p,Blanka,1701,850.5
3525619027,p,Blanka,112,0
1776776001,p,Juri,698,0
2754736439,p,Juri,2020,470.17241379310343
1515156633,p,Juri,3494,1568.734693877551
4083456048,p,Edmond Honda,6124,2996.851063829787
3230322821,p,Edmond Honda,3591,0
3628361891,p,Edmond Honda,186,0
3534935766,p,Edmond Honda,1705,426.25
3639979042,p,Edmond Honda,4664,3498.0
3609901896,p,Edmond Honda,1197,544.0909090909091
3009269227,p,Edmond Honda,1824,0.0
1607799583,p,Edmond Honda,549,0
4282372041,p,Edmond Honda,837,0
1132278279,p,Edmond Honda,1985,0
2636903858,p,Edmond Honda,820,501.11111111111114
1064135975,p,Edmond Honda,452,282.5
3811001113,p,Edmond Honda,3305,0
2240770234,p,Edmond Honda,966,439.09090909090907
2792500222,p,Edmond Honda,597,0
1628942039,p,Edmond Honda,4701,2136.8181818181815
3027152750,p,Edmond Honda,2683,0.0
2920774832,p,Edmond Honda,911,0
3713757669,p,Edmond Honda,1610,0
1281216343,p,Guile,744,372.0
1128020249,p,Guile,2574,1212.75
1229027003,p,Manon,650,171.05263157894737
2082985732,p,Guile,887,598.2093023255813
1903902506,p,Guile,164,0
3530305665,p,Guile,1536,0
1093746765,p,Ryu,896,454.89230769230767
1652000640,p,Ryu,345,107.8125
1626140355,p,Ryu,1553,0
3644327689,p,Ryu,1723,0
2088333837,p,Ryu,114,65.14285714285714
1805615164,p,Ryu,2088,348.0
2051619620,p,Ryu,626,0
3886005867,p,Ryu,1141,554.0115606936416
3335722365,p,Ryu,181,129.28571428571428
1835794403,p,Ryu,4873,0
3661838032,p,Ryu,344,0
2729850575,p,Ryu,2611,1087.9166666666667
3419319925,p,Ryu,799,103.09677419354838
3557185264,p,Ryu,1123,509.19589041095895
1435901052,p,Ryu,1373,634.6047516198704
2814533794,p,Ryu,118,0
2156171808,p,Ryu,264,0
1161010454,p,Ryu,169,0
1080389039,p,Kimberly,195,0
1257470230,p,Kimberly,2702,1519.0348258706467
1571012468,p,Chun-Li,300,255.55555555555557
2295720507,p,Chun-Li,920,0
4037141399,p,Chun-Li,491,0
2335903406,p,Manon,2430,1021.9626168224299
3082268617,p,Manon,1587,396.75
1796060447,p,Zangief,697,307.1525423728813
1017276167,p,Zangief,403,160.35602094240838
3714443387,p,Zangief,3433,0
1179793704,p,Zangief,615,277.8784403669725
1322282204,p,Marisa,710,411.79999999999995
1994643472,p,Marisa,744,367.5714285714286
3237841661,p,Marisa,542,0
1805397547,p,Marisa,409,157.60828025477707
1144638671,p,Guile,1621,0.0
1297863504,p,Guile,741,385.469696969697
3062787179,p,Luke,799,399.5
3120933096,p,Manon,1743,895.0540540540541
1055929033,p,Zangief,2332,1725.0410958904108
1240156932,p,Zangief,379,234.61904761904762
4164737439,p,Zangief,983,0
1795347395,p,Luke,267,164.76579925650557
3464523838,p,Luke,444,210.3457106274008
3706110471,p,Luke,413,235.4485981308411
3152640998,p,Luke,408,246.09523809523807
2871249934,p,Luke,2007,669.0
2938148232,p,Edmond Honda,1335,686.5714285714286
1974737155,p,Edmond Honda,542,269.7737556561086
3986571674,p,Edmond Honda,521,290.20614035087715
1710590844,p,Edmond Honda,340,127.85515320334261
2229359063,p,Jamie,1471,551.625
1122788052,p,Jamie,462,278.55882352941177
3465388817,p,Jamie,1336,663.4557823129252
4260157230,p,Jamie,932,383.7647058823529
1680764442,p,Jamie,1242,582.0769230769231
4264576307,p,Kimberly,834,774.4285714285714
1613535745,p,Kimberly,174,52.72727272727273
3107636254,p,Kimberly,288,168.82758620689654
3915413848,p,Kimberly,1480,617.6377952755905
1612027140,p,Kimberly,1387,0
4171647256,p,Guile,1489,0
2297559582,p,Guile,709,0
3852902797,p,Guile,195,81.95652173913044
1739356062,p,Guile,530,353.3333333333333
3835657435,p,Guile,3656,0
2580388817,p,Guile,363,187.98214285714286
2334730500,p,Guile,1037,600.3684210526316
3234606213,p,Luke,601,75.125
1479053850,p,Luke,200,0
3935403987,p,Luke,1356,0
3052783170,p,Luke,469,196.12727272727273
4153333936,p,Luke,115,96.45161290322581
3066457468,p,Luke,2209,1039.5294117647059
1493982944,p,Luke,352,161.77777777777777
1503615441,p,Luke,1053,0.0
2261787978,p,Luke,923,710.0
2795116125,p,Luke,1505,1191.4583333333333
3325031432,p,Luke,542,0
2939146937,p,Luke,1606,0
3515442250,p,Ken,780,338.49056603773585
2829760915,p,Ken,640,272.5552050473186
3828020003,p,Ken,788,325.80769230769226
2312069562,p,Ken,1867,0.0
2995676911,p,Ken,497,237.78039215686275
1134074838,p,Ken,431,193.95000000000002
2935339616,p,Ken,634,0.0
1583899388,p,Ken,315,78.75
3024544576,p,Dee Jay,2774,0
1712415123,p,Lily,4645,0
1342136056,p,Lily,202,0
2252329031,p,Lily,1754,877.0
3281047090,p,Lily,890,0
2635818134,p,Rashid,1199,0
1406946254,p,Rashid,1324,586.4933687002653
1287876841,p,Rashid,366,140.22077922077924
1461725669,p,Rashid,116,47.25925925925926
4290598695,p,Rashid,619,260.6315789473684
1666740785,p,Rashid,794,0
3485082470,p,Blanka,1878,876.4
1100277274,p,Blanka,985,484.37781109445274
3890539356,p,Blanka,2486,1112.157894736842
1184515934,p,Juri,1302,0
1771548374,p,Juri,1814,912.3040935672514
2369572397,p,Juri,940,0
2833201214,p,Juri,1838,0.0
3435783024,p,Zangief,432,0
2219797440,p,Zangief,1855,0
2538051275,p,Zangief,1693,0.0
2229672077,p,Zangief,1786,0
1643761308,p,Zangief,385,0
1519614214,p,Zangief,272,54.400000000000006
3292385585,p,Zangief,1389,641.0769230769231
3922304519,p,Zangief,1041,400.3846153846154
3676012874,p,Zangief,2177,0
4041647259,p,Zangief,1287,0
2206024921,p,Zangief,410,247.54716981132074
1203604121,p,Zangief,900,0
3020309839,p,Zangief,1140,489.1216216216216
3521071301,p,Zangief,1582,800.6072874493927
1954228292,p,Zangief,1854,0
1546923138,p,Zangief,642,0
1078393457,p,Zangief,370,186.5546218487395
2975916688,p,Zangief,423,210.81331168831167
2559248535,p,Blanka,783,0
3000384019,p,Blanka,1461,663.0692307692308
1495989842,p,Juri,292,146.0
2656358594,p,Juri,150,88.8036809815951
3226341339,p,Juri,1804,1640.0
2260274349,p,Marisa,649,442.49999999999994
4045933202,p,Marisa,596,288.48936170212767
2306405146,p,Marisa,659,334.6217616580311
2352781710,p,Marisa,506,290.985835694051
2820836548,p,Marisa,1375,717.3913043478261
3915097499,p,Marisa,1386,577.5
1255894581,p,Guile,1285,832.5352112676056
3787389671,p,Guile,258,131.45247148288973
1218910964,p,Guile,587,360.5196850393701
2223376350,p,Guile,1057,492.46590909090907
4057480027,p,Guile,2365,1576.6666666666665
3820173216,p,Guile,990,551.9469026548672
1366279195,p,Luke,214,0
2799842185,p,Luke,163,83.85852090032154
3266938252,p,Luke,624,289.2360515021459
2350924906,p,Luke,404,222.20000000000002
2609447233,p,Luke,281,0
1646429058,p,Edmond Honda,609,342.81456953642385
1341688597,p,Rashid,3998,1683.3684210526314
2968325161,p,Rashid,616,355.9111111111111
3064706452,p,Blanka,2420,0
2187473955,p,Blanka,1333,520.1951219512196
2819092677,p,Blanka,2563,1311.4662998624483
2880258160,p,Blanka,178,84.3157894736842
3434248114,p,Blanka,2757,1134.6836734693877
2173495440,p,Blanka,1269,0
2053332421,p,Blanka,153,70.2972972972973
2562711422,p,Blanka,464,254.67669172932332
2796596484,p,Juri,3540,0
4261105469,p,Juri,2298,0
2051768930,p,Juri,3223,0
2919712795,p,Juri,1299,809.2131147540983
1385630577,p,Juri,1519,1269.983606557377
1468966828,p,Juri,548,0
3788956209,p,Luke,525,293.0232558139535
1995681357,p,Luke,370,174.27536231884056
3900493612,p,Luke,663,0
4023454442,p,Luke,985,0
1519446908,p,Luke,1060,425.30864197530866
4269684315,p,Luke,115,0.0
3414559259,p,Luke,759,443.723076923077
3853484222,p,Luke,334,181.6010928961749
2570345345,p,Juri,525,262.5
3489916835,p,Juri,114,69.20234604105572
3710403002,p,Juri,331,214.90298507462686
3647039715,p,Juri,201,0
4082569557,p,Juri,1161,0
1544415484,p,Juri,338,175.29255319148936
1565291092,p,Juri,472,251.27058823529413
3121944241,p,Juri,631,321.45283018867923
3131069140,p,Juri,1359,810.9259259259259
2059041287,p,Marisa,255,179.1891891891892
2945800629,p,Marisa,1652,550.6666666666666
3635123967,p,Marisa,995,517.5232198142415
2505872456,p,Guile,1880,0
1351471684,p,Guile,263,213.6875
2874855968,p,Guile,438,0
2623137818,p,Guile,1809,0
1735501336,p,Luke,3271,1809.4893617021278
2250233123,p,JP,213,152.14285714285714
2688556907,p,JP,2060,1030.0
2854683212,p,Dhalsim,824,352.8045977011494
1061510873,p,Cammy,1524,1240.778761061947
3089176379,p,Ryu,149,70.71186440677967
1888786135,p,Ryu,538,248.5751211631664
2817150533,p,Ryu,2335,1079.7687861271677
3061560656,p,Ryu,736,504.6857142857143
2518925759,p,Ryu,346,259.5
3124258654,p,Ryu,6190,0
4034564373,p,Ryu,171,114.0
3489711647,p,Ryu,257,130.21333333333334
3726730037,p,Ryu,378,0
2973831588,p,Ryu,3834,0
1406326308,p,Ryu,2123,1121.5849056603774
3120307560,p,Ken,142,52.315789473684205
2911560144,p,Ken,376,313.33333333333337
3617107865,p,Ken,1430,735.4285714285713
2431598047,p,Manon,553,0
1579250010,p,Manon,328,224.17927170868347
3840445443,p,Zangief,118,0
3645060707,p,Zangief,140,0
2370146505,p,Cammy,1650,731.055900621118
4035352393,p,Cammy,424,314.0740740740741
3523718797,p,Cammy,1371,673.4266144814089
4228477985,p,Ryu,1922,1299.769784172662
1360021286,p,Ken,2405,1285.5555555555557
1649205229,p,Ken,783,0.0
3041779532,p,Dee Jay,552,252.96377952755907
2984310646,p,Rashid,2708,1222.967741935484
3478433724,p,Juri,1027,543.7058823529412
3825182770,p,Juri,1738,408.94117647058823
2552354871,p,Juri,1541,694.243072050673
2206834660,p,Marisa,689,0
1434453904,p,Marisa,405,230.11363636363637
1611565041,p,Marisa,1882,0
3193886859,p,Luke,2075,1135.377358490566
4028788933,p,Luke,686,304.88888888888886
2643342421,p,Luke,205,205.0
1436247848,p,Luke,267,0
2245891793,p,Luke,838,421.73856209150324
2611131062,p,Luke,232,135.33333333333334
2168566478,p,Luke,160,0
3387205431,p,Luke,788,471.2549019607843
1476753664,p,Luke,441,235.27033492822963
3423688046,p,Blanka,493,102.70833333333334
2269301435,p,Rashid,1453,746.4041095890411
4009349812,p,Rashid,376,77.41176470588235
3144287576,p,Rashid,3870,1689.7183098591547
2355648640,p,Rashid,500,0
3543917114,p,Rashid,460,247.9835390946502
1472860594,p,Rashid,1160,702.1052631578947
3159937907,p,Rashid,789,326.48275862068965
1454431196,p,Rashid,2148,0
2597027551,p,Rashid,1590,839.1666666666667
3840242311,p,Lily,567,0.0
3864058587,p,Lily,416,0
3564692993,p,Lily,862,705.2727272727274
1469335562,p,Zangief,347,0
3932699930,p,Ken,3148,0
1404735024,p,Ken,1316,940.0
1089679980,p,Ken,1005,454.64285714285717
4130962902,p,Ken,922,242.43824701195217
2920958343,p,Ken,1345,0
1097858051,p,Ken,1297,460.35493827160496
1685839415,p,Ken,392,180.73520249221184
1779935292,p,Ken,495,207.12765957446808
2815149161,p,Ken,623,0
1627853478,p,Manon,1442,667.5925925925926
2099266888,p,Chun-Li,576,331.6363636363637
2101564742,p,Chun-Li,1157,689.75
1221351410,p,Jamie,3002,0
1389858014,p,Jamie,2552,1234.8387096774195
1170417941,p,Edmond Honda,1209,643.3211009174312
3456418871,p,Edmond Honda,2883,0
3090774408,p,Luke,3143,0
3324429093,p,Guile,1140,0
1789010257,p,Guile,906,0
1435254900,p,Guile,1341,0
3336088564,p,Guile,1510,0
4286807969,p,Guile,360,0
3179791256,p,Guile,399,315.0
1189441549,p,Guile,1937,0
2166085228,p,Guile,168,0
3222179485,p,Guile,1388,580.0597014925373
2200483243,p,Juri,961,0
1001057951,p,Marisa,209,0
2212309085,p,Blanka,1471,858.0833333333334
2066240662,p,Luke,2921,1839.1481481481483
1127340560,p,Edmond Honda,519,0
3939457985,p,Zangief,1683,594.0
3806309017,p,Juri,1234,497.9298245614035
3218215804,p,Zangief,1010,808.0
3916879138,p,Ken,1332,559.1550802139037
3105938392,p,Jamie,536,0
1842543538,p,Manon,2275,1153.6511156186614
2925527370,p,Dee Jay,260,137.16535433070865
2561174551,p,Blanka,1692,480.4444444444444
2981959176,p,Juri,545,431.4583333333333
3463854811,p,Cammy,802,490.11111111111114
3813222990,p,Guile,651,0.0
1547104901,p,JP,1881,0
1198458785,p,Chun-Li,1205,0
1825062509,p,Cammy,276,145.5272727272727
3581736416,p,Luke,2746,0
1993413744,p,Marisa,643,0
2533408360,p,Juri,1169,451.41925777332
2330085161,p,Zangief,1940,1050.8333333333333
2886375746,p,JP,833,0
3885236140,p,Zangief,914,457.0
3165941080,p,JP,568,0
3555548295,p,Kimberly,1763,0
1032363976,p,Marisa,246,122.36923076923077
2539050520,p,Ken,4257,2073.9230769230767
3719784014,p,JP,2080,880.0
1567885683,p,Marisa,534,210.414442700157
1065953667,p,Marisa,303,179.85960591133005
2887914155,p,Marisa,393,159.12883435582822
2237793539,p,Marisa,501,0
2994300703,p,Marisa,219,219.0
1937388626,p,Marisa,1463,631.4
1529940206,p,Guile,846,0
2921827382,p,Guile,710,0
2035458764,p,Guile,326,245.6164383561644
2151927749,p,Guile,244,119.02439024390243
3824765552,p,Guile,153,136.0
3077206704,p,Guile,2209,1325.3999999999999
3115150694,p,Guile,225,0
1390021746,p,Guile,2197,0
1366628463,p,Guile,395,0
3674281931,p,Luke,269,132.43076923076924
3190475759,p,Luke,5204,2335.128205128205
3993708395,p,Luke,866,0
4172903967,p,Luke,3823,0
1664453989,p,JP,377,186.88888888888889
1166278163,p,JP,2723,0
1702211085,p,JP,2416,1127.4666666666667
1709852748,p,JP,551,0
1362331652,p,JP,1741,812.4666666666667
2190927909,p,Dhalsim,1253,0
1181036853,p,Dhalsim,430,0
2275813755,p,Dhalsim,5105,0
1203290743,p,Dhalsim,563,285.0859872611465
3894802254,p,Dhalsim,1225,0
1844827244,p,Cammy,2058,0
4013638667,p,Cammy,1045,517.4856046065258
1454660642,p,Cammy,1835,851.8723702664797
3356687572,p,Cammy,166,156.23529411764704
2093529761,p,Cammy,527,202.6923076923077
2622432611,p,Cammy,201,127.33031674208144
2816017768,p,Cammy,1763,0
3283102142,p,Ken,1766,884.3238380809595
2008748932,p,Lily,6454,1936.1999999999998
2030684848,p,Lily,524,209.60000000000002
1084667863,p,Lily,1122,537.945205479452
3545445363,p,Rashid,2317,0
1710797085,p,Juri,388,151.82608695652175
4084477400,p,Marisa,2654,1241.2141414141415
4201391791,p,Guile,346,206.81586402266288
1342722947,p,Luke,1782,849.5892053973013
2565126485,p,Jamie,487,280.7411764705882
3934621831,p,Kimberly,2101,1066.6615384615384
2848092093,p,JP,1460,486.66666666666663
2652846121,p,Cammy,1340,817.991967871486
2956503943,p,Ryu,1405,698.7027027027027
3696565757,p,Ryu,3194,1482.9285714285716
2804395158,p,Ryu,1148,588.0686274509803
1017684032,p,Ryu,1578,835.4117647058823
2361545198,p,Blanka,713,401.3830935251799
1452640706,p,Juri,3994,2003.95818815331
4104944586,p,Marisa,254,115.62686567164178
