3538872394,1714,JP
1130350735,1357,Ken
2700770806,1702,Ken
1731599323,1482,Dee Jay
1887160030,1504,Cammy
4156531684,1702,Kimberly
2270541045,1386,Chun-Li
3613696443,1277,Manon
4066980422,1227,JP
1303064822,1382,Guile
1180057623,1743,Guile
2623847661,1500,Ken
2760541946,0,Ryu
2839880990,1551,Cammy
1958918258,1507,Ken
2654821341,1873,Chun-Li
2652086195,1624,Rashid
1137179029,1519,Zangief
2059030161,1482,Ken
2741419533,1417,Ryu
3065731991,1603,Rashid
1179501517,1838,Ken
1645621941,1526,Edmond Honda
1749968398,1500,Edmond Honda
1927528272,1544,Manon
3158184220,1553,Guile
3133296671,1551,Juri
2141311110,1500,Chun-Li
3650927418,1539,Dee Jay
2178051191,1639,Luke
1419266915,1552,Guile
1892170119,1807,Cammy
4209713837,1461,JP
3353697864,1504,Lily
3385899556,1328,Jamie
2447640486,1389,Dee Jay
4080116615,1422,JP
2436342771,1494,Rashid
3063745425,1544,JP
3030825660,1500,Edmond Honda
2140868140,1573,Jamie
2536061996,1435,Manon
1205714468,1543,Chun-Li
2092609753,1534,Marisa
2068580159,1511,Cammy
1672476198,1500,Ken
1296366215,1302,Luke
2522792282,1565,Guile
3066113442,1687,Luke
1099738343,1701,Juri
1645200673,1582,Zangief
3726533249,1389,Guile
3166876346,1500,Ryu
2798647355,1437,Dhalsim
1850102866,1500,Luke
1767667792,1428,JP
1542364123,1524,Luke
1338795525,2005,Juri
2652994922,1500,Ken
1354880892,1559,Rashid
3783778752,1414,JP
1951270356,1500,Ken
2228642045,1500,Ken
1764780350,1500,Blanka
2605726723,1500,Blanka
2183650432,1541,Kimberly
3121257728,1500,Kimberly
2797214595,1500,Juri
1114783929,1500,Juri
4155692115,1500,Juri
2125459187,1264,Ken
2525485523,1654,Dhalsim
1980527380,1495,Cammy
1493730908,1500,Juri
2963420158,1408,Marisa
2652481033,1334,Luke
1903354948,1500,Juri
1247910169,1500,Marisa
2791189809,1370,Kimberly
2710513696,1627,Rashid
3979475992,1500,Marisa
3889364552,1500,Marisa
2044593654,1482,Marisa
1246974184,1578,Zangief
1260711736,1704,Dee Jay
1450151769,1500,Ken
3628003542,1721,Chun-Li
3735973163,1500,Ken
2895057403,1574,JP
2178353182,1500,Ken
1235613862,1512,Edmond Honda
3193642801,1500,Ken
3975110266,1615,Dhalsim
1895460711,1500,Ken
1270296230,1500,Ken
3013194845,1424,Manon
2275813755,1321,Chun-Li
2588148549,1509,Kimberly
4071165367,1347,Chun-Li
1476851497,1444,Juri
3275496581,0,Ryu
3428758394,1413,Ryu
2335262331,1501,Ken
2920483294,1469,Cammy
1005510446,1318,Marisa
1211421571,1709,Dee Jay
1214454409,1416,Zangief
1973184672,1504,Blanka
3727467413,1609,Juri
3583452785,1500,Cammy
3796573058,1345,Lily
3988049561,1258,Dhalsim
3154676925,1438,JP
3816019367,1417,Ken
3627027472,1306,JP
1188494693,1337,Marisa
2702058445,1289,Ken
1492883419,1310,Guile
2153199319,1605,Cammy
3835955540,0,Ryu
4009642679,1937,Ken
3074733316,1565,Zangief
3392758251,1415,Cammy
4201864627,1534,Dee Jay
1033915081,1281,Lily
2589305615,1399,Manon
2966020847,1534,Luke
2033977251,0,Ryu
3182607534,1546,Zangief
1856366080,1532,Ken
4000662998,1484,Ken
3778891559,1346,JP
1574315431,1713,Ryu
2990601257,1708,Jamie
3016129849,1554,Rashid
3059925488,1809,Cammy
2988760066,1708,Rashid
1193316356,1563,Chun-Li
2142776855,1484,Juri
3230879234,1336,Ken
3175675073,1503,Guile
1226844108,1381,Jamie
1373633633,1404,Dee Jay
3029830142,1500,Rashid
2900135856,1389,Manon
3400133994,1417,Marisa
1876956663,1479,Marisa
3730091909,1548,Juri
2417315735,1480,Dee Jay
3307235477,1244,Dhalsim
3900719301,1460,Lily
1105790383,1547,JP
4191810449,1409,Chun-Li
1500505229,1556,JP
1886908788,1540,Guile
1789478673,1286,Kimberly
1966747446,1445,Juri
1860632252,1808,Ken
2158640852,1707,Chun-Li
2149728868,1314,Dee Jay
2320905150,1251,Luke
2207811243,1240,Edmond Honda
3559584611,0,Ryu
2794724781,1624,JP
3608684322,1507,Ken
2394694776,1517,Manon
3316036115,0,Ryu
3145691798,1314,Ken
3886678249,1323,Manon
3199920820,1379,Manon
4040280546,1324,Zangief
2358900255,1500,Luke
2183566886,1503,Manon
2517034938,1215,Ryu
1687522144,1644,Ken
2793470535,1379,Manon
2491198390,1801,Manon
2610908748,1601,Edmond Honda
1540387334,1238,Ken
1260649509,1500,Luke
1179225569,1500,Blanka
2738692748,0,Ryu
3870475559,1380,Luke
2113269179,1397,Ryu
3912106840,1554,Cammy
4191127046,1652,Juri
2525756385,1514,Juri
2233611302,1532,Dee Jay
3586442831,1605,JP
3433495360,1553,Edmond Honda
1124738942,1470,Marisa
1701357647,1541,JP
2429787923,1166,JP
3028535471,1704,Luke
2901642475,1539,Cammy
3835347713,1568,Dee Jay
1518701892,1626,Jamie
1422059917,1601,Marisa
1089518561,1716,Ken
2885157297,1360,Juri
2685633561,1600,Manon
2489130413,1507,JP
2229725049,1660,Jamie
2359431293,1543,Manon
4025332280,1379,Dhalsim
3280090337,1475,Rashid
2781292115,1500,Chun-Li
1094695771,1491,JP
3468493524,1500,Manon
2543936621,1612,Lily
2296692601,1583,Manon
3773242946,1503,Ken
1446574659,1604,Chun-Li
3451347279,1569,Luke
3099508535,1508,Manon
3423269676,1317,Ryu
4288275424,1462,Marisa
2604111655,1810,Marisa
4021444777,1940,Kimberly
3216452721,1554,Guile
1883838391,1339,Cammy
3113126289,1520,Juri
2030629553,0,Ryu
3182102896,1454,Kimberly
3550271834,1243,Guile
2521302581,1566,Dhalsim
2753571125,1487,Blanka
4093990865,1508,Luke
2833020000,1381,Rashid
2571608034,1551,Kimberly
1842931090,1503,Zangief
1773553361,0,Ryu
2281270384,1535,Rashid
1486338197,1504,Jamie
1828731600,0,Ryu
1905269007,1515,Edmond Honda
2881631625,1413,Cammy
4156387936,1287,Jamie
2874316290,1351,Dee Jay
3939106626,1420,Rashid
2362535542,1511,Juri
1331183324,1876,Zangief
3482686343,1500,Ken
1516201218,1500,Ken
1484359729,1500,Ken
2542561254,1500,Kimberly
4201631524,1558,Cammy
1291069060,1522,Luke
3835568765,1500,Ken
3099239995,1512,Dee Jay
3370519650,1500,Dee Jay
1437406476,0,Ryu
3447440490,1489,Dee Jay
1324926385,1866,Luke
1059049007,1528,Rashid
4289917611,0,Ryu
2540733995,1695,JP
1952653610,1500,Dee Jay
2857414843,1591,Manon
1947721836,1604,Lily
3595238342,1534,Dee Jay
1246931745,1549,Chun-Li
3880681421,1712,Blanka
3238599804,1602,JP
3459944190,1492,Juri
3713638164,1541,Blanka
2163456635,1590,Ken
1319258950,1637,Chun-Li
1035544116,1573,Chun-Li
3845546876,1532,Edmond Honda
3446195637,1703,Luke
2670333356,1590,Rashid
2834447749,1567,Chun-Li
1440931167,1639,Dhalsim
2327856446,1539,Ryu
2003075182,1578,Zangief
3973364741,1638,Rashid
1431869598,1577,Cammy
1328647912,1646,Dhalsim
4034464163,1553,Edmond Honda
2136919993,1625,Manon
1551113987,1708,Ken
2843629431,1701,Dee Jay
4243111473,1449,Edmond Honda
1536636440,1500,Ryu
3923217736,1500,Marisa
4049455547,1694,Guile
1580415180,1500,Cammy
3633942230,1500,Cammy
2642181315,0,Ryu
3075937992,1538,Chun-Li
3782218101,1500,Luke
2245027680,1500,Chun-Li
2383396029,1601,Blanka
1789002767,1433,Ryu
2664098918,1597,Blanka
3445641546,1554,Luke
2528583763,1500,Ken
2616072124,1501,Manon
3925871953,1491,Ryu
3412190209,1704,Luke
1588962778,1244,JP
2933882320,1339,Chun-Li
2365308914,1500,Ken
1563747731,1304,Ken
1096366448,0,Ryu
3237181793,1536,Marisa
1441206352,1482,Luke
2026233913,1636,Dee Jay
2193280464,1634,Blanka
1899566126,1610,Dee Jay
3191153534,1632,Ken
4247231478,1566,Luke
3812290783,1632,Juri
3190102006,1617,Ken
1419919929,1461,Zangief
3941680398,1571,Chun-Li
3951224200,1500,Manon
1293081943,1663,Cammy
1058363248,1624,Juri
3839972178,1471,Ryu
2428377226,1658,Juri
1418364859,1500,JP
1970284424,1500,JP
2979189153,1514,Ken
3903592343,0,Ryu
1795981160,0,Ryu
3281138266,1500,Dhalsim
3565661600,1500,Ryu
2639540190,1500,Cammy
2374224847,1500,Cammy
3741643471,1537,Rashid
1371825546,1530,Marisa
2073788941,0,Ryu
4099503702,1545,Ken
3567255184,1500,Cammy
3746044694,0,Ryu
1873712087,1502,Manon
3412515654,1605,JP
1586631745,1350,Luke
3578608512,0,Ryu
4013372770,1268,Jamie
1241203850,1484,Ken
4272082162,1431,Blanka
1325492320,1503,Zangief
4042416413,1475,Ken
2585848294,1462,Dhalsim
3071765474,1409,Manon
3105988208,1500,Ryu
2091685797,1564,Dhalsim
1950516808,1513,Dhalsim
1814830692,1598,Juri
1874239656,1600,Edmond Honda
1008186447,1290,Luke
3153930189,1519,Jamie
4232096645,1474,Blanka
2483387336,1532,Manon
1215869191,1462,Rashid
4100413551,1500,Ken
2647754820,1500,Ken
2443246075,1500,Ken
2782978948,1500,JP
2920273927,1500,Juri
3544434463,0,Ryu
3831489833,1639,Edmond Honda
2465063545,1500,Dee Jay
2497848811,1500,Dee Jay
2509613900,1500,Dee Jay
3443035614,1607,Kimberly
1943448843,1500,Ryu
4174535456,1553,Dee Jay
2010716172,1477,Ken
2546700215,1500,Kimberly
3697228125,1500,Ken
3220403228,1500,Ken
2959005679,1482,Ken
3139639823,1402,JP
3008974458,1503,Guile
3810414874,1200,Ken
3330516809,1433,Luke
2166090208,1510,Dee Jay
1381794330,1284,Rashid
2200484414,1642,Cammy
2660486741,1669,Ken
4183226632,0,Ryu
4251979030,1500,Dee Jay
1494391602,1500,Dee Jay
2448190358,0,Ryu
1950051044,1500,Kimberly
1884843040,1500,Luke
4159594444,1805,Marisa
3697500333,1500,Dhalsim
4092557007,1522,Luke
2666019854,1500,Blanka
2133337749,1751,JP
1246396798,1500,Blanka
3700846436,1500,Juri
3967832641,1500,Juri
3793748336,1500,Juri
1050914070,1543,Manon
1520108107,0,Ryu
2398502407,1638,Luke
1861822618,1500,Juri
1503925528,1500,Juri
3274256409,0,Ryu
2522892354,1500,Marisa
1963067846,1500,Marisa
4215404858,1500,Ken
3830761986,1375,Cammy
3161147978,1500,Cammy
3445933876,1506,Rashid
2436603699,1437,Zangief
2869016969,1452,Ken
3087143944,1496,Lily
2285924688,1444,Rashid
4033516388,1501,Edmond Honda
3224533782,1485,Marisa
2896774416,1428,Jamie
1558021392,1650,JP
3759102927,1500,Ryu
3244420965,1528,Marisa
1371037796,1603,Ken
3459646962,1500,Cammy
2932252188,1398,Ken
1380930836,1926,Cammy
2754840351,1505,Dee Jay
3423288267,1526,Manon
1713428751,1339,JP
2663526662,1478,Lily
1356172791,1478,Marisa
1005717934,1353,Marisa
2404478393,1490,Ken
3077183386,1500,Ken
2449163597,1480,Dee Jay
1267498777,1500,Dee Jay
3373680075,1919,JP
3022126645,1813,Cammy
3990297184,1500,Ryu
1416363496,1500,Dee Jay
2973978124,1500,JP
1355201231,1648,Guile
2925625110,1484,Dee Jay
1687655205,1939,Marisa
2113531371,1510,Ken
3395519087,1500,Dee Jay
3749556338,0,Ryu
3462314253,1492,Dee Jay
3477776352,1408,Rashid
2287556870,1500,Dee Jay
2664258718,1500,Ryu
3176990392,1468,Luke
2448664794,1499,Kimberly
3673497721,1454,Manon
2948706519,1501,Zangief
1191313210,1536,JP
1380621979,1523,Rashid
3692502150,1651,Cammy
3943268922,1500,Chun-Li
1318238332,0,Ryu
1978161257,1725,Ken
3501681493,1516,Dee Jay
3147134400,1500,Ken
1143776596,1516,Zangief
2941106009,1734,Manon
2919198433,1507,Dhalsim
3050075703,2009,Ken
1891384059,1334,Marisa
3350704336,1584,Blanka
1859919383,1601,Marisa
3749472675,1297,Zangief
1408352474,1539,Lily
1698548166,1532,Rashid
2305622909,1374,Dhalsim
3601770711,1550,Luke
3517541449,1811,Dee Jay
4069694542,0,Ryu
3158195176,1466,Rashid
3474736802,1448,Edmond Honda
3197020150,1537,JP
1351016338,1436,Guile
2305563012,1524,Guile
3440357318,1500,Dee Jay
1127873478,1911,Juri
1658008988,1510,JP
1566135344,1566,Rashid
2163721262,1730,Rashid
3279182795,0,Ryu
1194473153,1500,Rashid
2238900152,1386,Dee Jay
3690986011,1799,Dee Jay
3853660792,1679,Chun-Li
3450841156,1525,Jamie
1214725236,1602,Blanka
3596179126,1593,Chun-Li
1430300646,1500,Rashid
1555337694,1500,Luke
3783919685,1514,Edmond Honda
2048046092,1500,Rashid
1665518889,1435,Ken
1347488718,1478,Cammy
4176548208,1607,Chun-Li
1674437588,1500,Blanka
2379781705,1348,Ken
1498738233,1500,Ryu
3688185661,1620,Dee Jay
1887656045,1500,Lily
3151079081,1500,Luke
1474615401,1500,Luke
3230462889,1509,Dee Jay
3920954092,1523,Ken
1570758802,1516,Chun-Li
4165369448,1197,Chun-Li
3991418028,1345,JP
4005247453,1672,Ken
1857358072,1500,Ryu
1796925330,1306,Manon
3568010222,1509,Marisa
1275834084,1629,JP
1397594278,1660,Ken
1352903118,1365,Lily
3169281747,1226,Chun-Li
2445062906,1305,Ryu
1298435162,1209,Ken
3637101561,1354,Marisa
1891513148,1478,Guile
4031503951,1576,Kimberly
3503246329,1089,Edmond Honda
3520569140,1561,Guile
1538550912,1353,Kimberly
3786455794,1645,Ken
3223162468,1415,JP
2581292283,1515,JP
3389244709,1337,Rashid
1919169065,1264,JP
4109364464,1528,Rashid
3625590255,1491,Edmond Honda
1619228987,1387,Luke
2951416915,0,Ryu
1878032398,1333,Ryu
1377713111,0,Ryu
1433586307,1441,Luke
3816954641,1416,Marisa
4263015293,0,Ryu
2239129628,1438,Ryu
2387327632,1619,Luke
3647556219,1446,Edmond Honda
3188816700,0,Ryu
3293294364,1582,Dee Jay
3757323276,1453,Blanka
4140275404,1283,Cammy
2367046417,1438,Edmond Honda
1179578329,1338,Ken
4157837607,1500,Rashid
1005251938,1502,Ryu
4110372480,1500,Blanka
2265830610,1500,Manon
1425573279,0,Ryu
2689529906,1618,Lily
3498331471,0,Ryu
1791581933,1500,Juri
2064410784,1500,Zangief
3918941720,0,Ryu
3646592218,1653,Rashid
2604923009,1672,JP
4280137131,1501,Cammy
3862440819,1546,Ken
1368426662,1599,JP
2724088026,1611,Ken
4023307182,1505,Dee Jay
1913765033,1538,Luke
1220708702,1600,Ken
3706490692,1548,Kimberly
1778254375,1611,Ken
2282182455,1646,Juri
3456936928,1872,Guile
1377342900,1491,Blanka
3264756744,1734,Zangief
2209350081,1543,Kimberly
2457790702,1482,Kimberly
2025080383,1461,Marisa
1887837213,1500,Dee Jay
2795729973,1539,Luke
2270266509,1503,Lily
3037360369,1314,Edmond Honda
2371881528,1301,Manon
3178575980,1502,Guile
2852585051,1454,JP
1374101766,1486,Manon
2284140771,1618,Edmond Honda
1526236756,1391,Ryu
2521166079,2008,Marisa
2464612891,1563,Edmond Honda
2711975686,1560,Edmond Honda
2440088156,1483,Ken
3069909822,1453,Jamie
2731126758,1427,Juri
3203510918,1558,Ken
1023839599,1439,Blanka
3671321211,1687,Luke
2631514898,1528,Cammy
2991580449,1381,Ryu
3324517333,1504,Ken
2212788228,1442,Dee Jay
1576909600,1505,Ryu
4081914314,1322,Edmond Honda
4143794873,1365,Jamie
1105096682,1334,Kimberly
3402102912,1467,JP
2992693915,1609,Dee Jay
3298095490,0,Ryu
3393441958,1178,Cammy
2052227981,1480,Marisa
3669292110,1496,Luke
2778228602,1445,Jamie
3739138350,1502,Kimberly
3945013280,1482,Rashid
1201808613,1513,Rashid
2088414778,1371,Manon
1490556087,1396,Luke
4279892822,1404,Lily
1137758151,1428,Marisa
3645001377,1398,Rashid
2442198328,1293,Luke
1814972076,1572,Ryu
1765597782,1500,Luke
2434592063,0,Ryu
3046278058,1508,Rashid
3926778242,0,Ryu
1543133227,1551,Luke
4073264608,1500,Chun-Li
3367299761,1484,Luke
1771643676,1471,Luke
2683640150,1484,Edmond Honda
1988917468,1849,Ken
2701586051,1658,Dhalsim
1328011592,1493,Zangief
2608031989,1365,Juri
3519781660,1500,Rashid
3312401128,1363,Luke
1910296887,1500,Ryu
1202712547,2019,Kimberly
4036249961,1511,Manon
2411564781,1333,Edmond Honda
4091400245,1458,Lily
3366836326,1500,Blanka
4153398109,1500,Blanka
3726626222,1500,Ryu
1779856457,1705,Cammy
2993664265,1511,Marisa
1593121351,1500,Juri
2935117645,0,Ryu
1548875127,1446,Juri
1379663610,1787,Luke
1229890165,1824,Juri
3780854153,1783,Marisa
3498775505,1206,Juri
3922240017,1804,JP
1446264712,2057,Manon
3925823382,1369,Jamie
3460092470,1798,Blanka
3290185170,1879,JP
2781992633,1566,Dee Jay
3623956814,1759,JP
1374541943,1805,Ryu
1687599509,1651,Manon
3277074647,2001,JP
2008660347,1660,Ken
4243098043,1371,Kimberly
1748328046,1441,JP
2609353680,1410,Cammy
4066356641,1504,Ryu
1624827672,1805,Chun-Li
2425812285,0,Ryu
3029024314,1487,Marisa
2133010188,1500,Ryu
3093738039,1589,Jamie
2071018389,1451,Chun-Li
2910594173,1431,JP
2792492628,0,Ryu
1211780458,1354,JP
4196865004,1500,Ryu
2767664310,1424,JP
1895705772,1542,Cammy
1899473814,1433,Cammy
3381417875,1353,Ken
1496427215,1351,Dee Jay
2152054422,1450,Blanka
1856847604,1500,Luke
3018691754,1643,Ken
4036673388,1485,Luke
3818049083,0,Ryu
2836641497,1510,Rashid
2312213072,1500,Luke
2272804329,1483,Luke
1680297233,1490,Luke
2070770559,1500,Rashid
1833279771,1501,Cammy
2640374085,1506,Zangief
2881626487,1500,Rashid
2157745297,1571,Ken
2177539712,1500,Rashid
3916542890,1500,Blanka
2881939998,1500,Juri
4235940287,1791,Ken
4226432248,1694,Ken
3366715269,1735,Jamie
2276408587,1875,Kimberly
1585905556,1782,Rashid
3669356513,1820,JP
2786472937,1908,Dee Jay
2606971729,1500,Dee Jay
3554984587,1424,Dee Jay
1619040006,1393,Dee Jay
3287793732,1483,Dee Jay
3147516714,1500,Cammy
1406576973,1600,Rashid
3961525838,1500,Ken
1458594595,1500,Ken
3807532676,1500,Ken
3306200677,1500,Ryu
1583746103,1500,Dee Jay
2495216694,1537,Marisa
1413617843,1500,Dee Jay
3747909283,1500,Cammy
1548832691,1500,Cammy
3159727593,1500,Cammy
2064745705,1800,JP
1958823536,1500,Dee Jay
1759801811,1500,Dee Jay
4081265683,1702,Chun-Li
2169701561,1500,Dee Jay
3252095817,1700,Marisa
2187577959,1526,Chun-Li
1148562744,1533,Chun-Li
3412302055,1658,Dee Jay
3689832251,1500,Dee Jay
3432150212,1622,Rashid
1094734288,0,Ryu
4115653885,1500,Dee Jay
2972187338,0,Ryu
1652612392,1500,Guile
1633405900,1500,Ken
4147608391,1500,Zangief
2681105748,1465,Guile
4237446984,1705,JP
2602593757,1299,Cammy
3903304306,1511,Juri
1937070855,1498,Guile
3732749513,1599,Jamie
3139313272,1500,Guile
2961933091,1363,Edmond Honda
1972169243,1406,Guile
3281375205,0,Ryu
3194694763,0,Ryu
2128128466,1492,Guile
1857527699,1500,Marisa
3479211204,1402,Guile
3271726942,1482,Guile
2040370260,1500,Marisa
2858478543,1558,Edmond Honda
2626960876,2106,Cammy
2931623033,1510,Marisa
1017842072,1500,Edmond Honda
3313950365,1500,Edmond Honda
1275027297,0,Ryu
2467499387,0,Ryu
3332598656,1650,Ken
4061894453,1500,Edmond Honda
3006881865,1487,Jamie
2436246370,1500,Jamie
1682270545,0,Ryu
1303028531,1500,Jamie
2579421813,1500,Jamie
3091165040,1378,Marisa
1908211247,1329,JP
3019785708,1844,Luke
3936598663,0,Ryu
1548829350,1666,Dee Jay
1255214316,1856,Edmond Honda
3907843276,1500,Manon
3828613691,1240,Ryu
1949816113,1403,Guile
3711251512,1332,Ken
2174779727,1226,Dee Jay
3715598905,1318,Jamie
3427012082,2073,JP
1477297721,1397,Jamie
1730543056,1482,Ken
4118352390,1238,Ken
1235790967,1635,Chun-Li
2775730467,1741,Dhalsim
2496082350,1230,Ken
3082855424,1529,Rashid
4156703233,1537,Ken
4100498472,1500,Marisa
4240773606,1486,Marisa
2220386933,1500,Marisa
1546584115,1500,Marisa
1145843572,1506,Rashid
2171466682,1500,Ryu
3648921879,0,Ryu
4287060878,1737,Chun-Li
1272111389,1534,Edmond Honda
3813041522,0,Ryu
2475982497,1515,Manon
1186459639,1500,Guile
2047428478,1500,Guile
3639449194,1497,Marisa
1677702144,1502,Blanka
2539641486,1509,Manon
4097235061,1500,Guile
1989868274,1500,Guile
2517879224,1623,Luke
2142634419,1500,Guile
2236801343,1435,Luke
1224525210,1522,JP
1969550047,1500,Guile
2307813153,1500,Ryu
1781776520,1523,Ken
4202824755,1488,Luke
1926362795,1508,Edmond Honda
2321216025,1651,Rashid
1541077604,1500,Luke
2920246029,1565,Lily
4135572868,1498,Juri
3442190458,1885,Luke
2444085327,0,Ryu
2552648590,1391,Cammy
1548172191,1508,Ken
2891670019,1848,Marisa
1747377479,1777,Lily
3027552996,1818,Ryu
2790954692,1524,Ryu
3697647989,1800,Dee Jay
4059523573,1669,Cammy
4265082780,1834,Dhalsim
2078182779,1908,Chun-Li
3079830832,1842,Ryu
1403832331,1985,Jamie
3779084853,1420,Chun-Li
3544770465,1394,Ken
3238611532,2003,Dee Jay
3953991803,1522,JP
1260945941,1565,Cammy
3251602957,1605,Dee Jay
2975886336,1511,Chun-Li
1185176127,1811,Dhalsim
2773717106,1512,Ken
2894802914,1686,Juri
3662179316,1517,Edmond Honda
4133582681,1509,Ryu
3936436721,1604,Cammy
2560504840,1500,Rashid
2907119062,1500,Ryu
2976215055,1502,Jamie
1410626292,1500,Luke
2947958182,1500,Ken
4090480501,1500,Edmond Honda
3799221812,1564,Kimberly
1517983187,1449,Chun-Li
1961692983,1495,Lily
3844361155,1508,Zangief
3240486124,1480,Ken
2668435814,1423,JP
3318298208,1492,Marisa
2273842693,1271,Ken
2972490426,1432,Dee Jay
1716068085,1426,Marisa
2741744224,1381,Luke
2886745888,1463,Kimberly
3911334271,1338,Ken
3112294165,1418,JP
3485913498,1394,Luke
1107312079,1520,Guile
1507384676,1500,Ken
3620497780,1244,JP
2910292313,1550,Blanka
2146517926,1411,Juri
2767990350,1678,JP
1415101001,1351,Zangief
3253646928,1461,Ken
3469755706,1603,Ken
1117620655,1523,Edmond Honda
4088455320,1431,Ken
2324742574,1778,Guile
2573084278,1428,Juri
2418744712,1205,Zangief
3927454294,1308,Rashid
4069536765,1710,Zangief
3224358659,1642,Luke
2052688888,1425,Cammy
1251312599,1646,Kimberly
3522769099,1554,Ken
4145179869,1500,Dee Jay
2876000142,1500,Cammy
1805393862,1566,Jamie
1111566654,1305,Cammy
2333499827,1435,Marisa
3791154339,1335,Luke
3580023363,1533,Edmond Honda
3059794359,1500,Ken
3466494622,1526,Jamie
1493834364,1668,Marisa
3308948979,1532,Ryu
4189688933,1706,Ken
3384436386,1403,Chun-Li
2421990567,1485,JP
1141425781,1608,Ryu
3029912119,1270,Cammy
1296326888,1490,Rashid
3247387716,1500,Cammy
2791224801,1600,Kimberly
2261800606,1592,Marisa
4101553838,1568,Dee Jay
2073760226,1315,Marisa
3493448221,1465,Jamie
1176652050,1611,Dee Jay
3197882393,1379,Kimberly
2872275652,1617,Dee Jay
3839876567,1327,Guile
4121289882,1483,Marisa
1017906384,1405,Marisa
2677673181,1640,Rashid
1177233267,1515,Ken
2026638669,1500,Ryu
4079426239,1468,Ken
4217070670,1516,Edmond Honda
3121763626,1550,Luke
1114504837,1384,Guile
3349960197,2001,Juri
1238011891,1500,Dee Jay
3829218421,1500,Dee Jay
4044704259,1500,Dee Jay
3949894746,1500,Dee Jay
3503871703,1500,Dee Jay
2712300188,1500,Dee Jay
1607374390,1415,Kimberly
3381483015,1500,Dee Jay
3110843382,1511,Marisa
4163276783,1500,Lily
1405519571,1651,Ken
2034148656,1500,Ryu
1604836796,1468,Blanka
2050929899,1500,Ryu
4057302404,1684,Ken
2668053592,1517,Cammy
4193996228,1631,Zangief
2785198066,1500,Ryu
1519377344,1413,Edmond Honda
1837542597,1500,Ryu
2577545380,1500,Ryu
1336938298,1636,Blanka
3026486161,1500,Ryu
4028783899,1660,Ryu
3849579511,1514,Guile
3978278276,2000,Luke
2578113778,1500,Ken
3406838035,1500,Ken
2581271207,1500,Ken
3495241376,1500,Luke
3741238283,1548,Cammy
2359130092,1342,Blanka
4125450812,1416,Blanka
1307856275,1364,Kimberly
1527193943,2026,Dhalsim
2810702115,1471,Manon
2549774469,1524,Marisa
1902232510,1300,Ken
4069663394,1384,Ken
2829665040,1560,Ken
3585682025,1800,Blanka
1389611509,1358,Guile
3844650483,1759,Edmond Honda
2381603012,1500,Ryu
2505691513,1667,Luke
3626053392,1507,JP
3339806076,1500,JP
2943191899,1604,Edmond Honda
1932528108,1900,Dee Jay
3516357848,1820,JP
3572756432,1694,Ken
3529474221,1592,Lily
1050975045,1557,Kimberly
2206482274,1759,Dee Jay
2997729120,1638,Blanka
2484720938,1504,Marisa
1728807894,1611,Manon
3910201786,1689,Edmond Honda
3689166406,1519,Ryu
1184839644,1647,Dee Jay
2410834251,1658,Luke
2976748788,1599,Marisa
2513593946,1705,Kimberly
2122349706,1500,Luke
1269176826,1500,Ryu
2241458980,1655,Dee Jay
2464130670,1500,Dee Jay
2392506172,1500,Ryu
2080710075,1500,Ryu
3242094912,1500,Ryu
2827745556,1500,Zangief
3478702282,1699,Ryu
2891041066,1500,Ken
1751488451,1500,Ken
1130331919,1500,Ken
1737064286,1500,Ryu
2706845303,1538,Ryu
2608635645,1500,Manon
1650486271,1507,Kimberly
3992973037,1500,Zangief
2621784512,0,Ryu
3443500320,1500,Chun-Li
1175869184,1547,JP
3607279886,1500,Chun-Li
3497236849,1708,Ken
3501347004,1752,Juri
2632964373,1561,Ryu
2772037960,1832,Ken
2216627559,1726,Ryu
3320000479,1500,Manon
3214568416,1500,Manon
2436151739,0,Ryu
3831918201,1627,Ryu
4197093212,1683,Marisa
1677651349,1505,Dee Jay
1556222042,1808,Guile
1406491910,1500,Zangief
3246685921,1678,Edmond Honda
1328516416,1859,Manon
2261715894,1500,Zangief
2187229217,1701,Edmond Honda
1161531412,1514,JP
1252352641,1324,Dhalsim
3657950461,0,Ryu
3008105706,1501,Dee Jay
2079343471,1508,Marisa
2985194783,1303,Cammy
3195355606,1470,Cammy
4200527042,1499,Cammy
2966370296,1488,Ken
2924200560,1387,Ken
1292181528,1526,Chun-Li
1930670803,1382,Manon
3212517456,0,Ryu
2198034552,1523,Edmond Honda
2073930394,1500,Manon
3216206988,1500,Manon
3619739654,1606,Zangief
3827785099,1500,Manon
2189584994,1500,Manon
1861423455,1510,Lily
1326405893,1500,Zangief
1447096439,1500,Zangief
3995811798,1634,Ken
1529602025,2013,Cammy
2537390623,1657,Lily
4133062203,1807,Guile
2898259115,1679,Dhalsim
3133546263,1674,Marisa
1372851453,1726,Dee Jay
1665008521,1841,Dee Jay
2506947935,1711,Marisa
3672481260,1795,Edmond Honda
1295019293,1650,Juri
3851760575,1401,Juri
2149297411,1702,Marisa
4046993764,1599,Luke
3167678728,1332,Ken
2207959130,0,Ryu
3450715754,1523,Marisa
3334662250,1735,Manon
3808076796,1508,Cammy
1762098673,1374,Marisa
2738872463,1731,Marisa
2618108314,1670,JP
1581279277,1342,Cammy
2624958208,1508,JP
1246568393,1823,Dhalsim
2235974200,1996,JP
3525490779,1507,Jamie
2828107518,1500,Guile
1745465754,1500,Guile
2914192587,1608,Rashid
1829004055,1494,Kimberly
1389748929,1496,Chun-Li
1748981134,1498,Rashid
3216419337,1501,Cammy
3930172567,1509,Blanka
3824856370,1268,Jamie
2868284067,1605,Rashid
3037078675,1508,Manon
3258127549,1500,Dee Jay
4267688521,1511,Ken
1844351809,1390,Zangief
3482855606,1511,Marisa
1091034548,1589,Blanka
2266082441,1514,Luke
4274237333,1407,Manon
2606550179,2107,Luke
1638951048,1381,Dee Jay
3714416771,1387,Edmond Honda
1808291966,1454,Manon
2136285542,1810,Ken
3669199710,1519,Chun-Li
2263831667,1236,Blanka
3027507809,1504,Blanka
1909108170,1544,Juri
3079570480,1817,Edmond Honda
3328566759,1653,Edmond Honda
2680731687,1476,Ken
3799499678,1500,Edmond Honda
3044105955,1554,Kimberly
1860160117,1500,Edmond Honda
2189511736,1523,Ken
3009036801,1500,Chun-Li
3619569171,1506,Rashid
1341722937,1512,Ken
2922951254,1516,Luke
3316428071,1416,Zangief
3213343419,1489,Ken
1469862355,1512,Dee Jay
2637331163,1500,Luke
4150005875,0,Ryu
2350456938,1585,Zangief
3240127471,1500,JP
1482643866,1869,Chun-Li
2695946514,1507,Zangief
1040057656,1471,Manon
3784804838,1414,Dee Jay
2994759752,1401,Ken
2580475554,0,Ryu
3379398097,1407,Edmond Honda
1922332215,1311,Cammy
2956019440,1441,Juri
1955457610,0,Ryu
3740232094,1435,Dhalsim
1015088890,1498,Lily
1373516053,1503,Edmond Honda
3400350086,1500,JP
2677562213,1805,Dee Jay
1243132735,1583,JP
2348983963,1416,Guile
3328686573,1377,Ken
1245351806,1521,Kimberly
2454537431,1723,Cammy
2055525358,1397,JP
1395386322,1642,Jamie
1810545987,1358,Dee Jay
1849376096,1333,Blanka
1120658522,1421,Juri
1906805696,1411,Luke
3993674095,1480,Zangief
3593483547,1366,Luke
3778654194,1468,Guile
1063686081,1412,Kimberly
2717611409,1476,Dee Jay
3095127378,1478,Guile
1174363918,1486,Luke
1986952283,1601,Luke
3888266697,1406,Luke
4082398611,1303,Manon
4093536234,1450,Ken
2539247757,1461,JP
1584826977,1484,Jamie
3484685690,1414,Cammy
2730521921,1604,Ken
2275408735,1653,Kimberly
4124329915,1500,Luke
3806814121,1491,Rashid
2485257074,1500,Ryu
1279502748,1265,Zangief
3629722301,1429,Ken
1552026818,1421,Cammy
3395127056,1499,Blanka
4163197950,1340,Manon
1884141670,1370,Marisa
2106612002,1460,Ryu
3368439988,1350,JP
1383435358,1500,Dee Jay
1411875626,1500,Ryu
2641998921,1463,Ryu
3343270153,1624,Rashid
3378331197,1701,Chun-Li
3126791265,1486,Ryu
2037342850,1510,Juri
3950680634,1561,Edmond Honda
2518489076,1500,Luke
1385856237,1702,Luke
2596547436,1570,Edmond Honda
4235066556,1541,Juri
1739961257,1500,JP
3428794997,1500,JP
1105698646,1500,JP
4273557891,1710,Luke
2024335397,1500,JP
1477325954,1611,Dee Jay
3147709956,1500,JP
1266464295,1697,Rashid
3506212578,1500,Dhalsim
1245317475,1500,Cammy
3566349396,1500,Cammy
2907597865,1500,Cammy
3712719117,1517,Manon
4084359209,1555,Luke
4218933616,1650,Ken
3684119152,0,Ryu
1336182823,1500,Cammy
4214676241,1608,Rashid
2355634763,1500,Luke
2991312143,1476,Luke
3982311192,1500,Luke
2945693140,1724,Guile
3020466996,1500,Luke
1369534377,1465,Luke
1451097108,1508,Juri
3619910203,1681,Luke
1467959929,1241,Luke
4220971973,1701,Ken
3518518303,1493,Luke
3582405225,1480,Luke
3887260714,1500,Ryu
3594945712,1500,Ryu
3555250946,1716,JP
4230697889,1366,Ryu
3068898078,1500,Ryu
3077178165,1500,Ryu
3534108299,1458,Rashid
2835045010,1757,Marisa
3294897299,1602,Chun-Li
4032376038,1616,Dee Jay
1430773097,1557,Ken
3665222776,1554,Guile
2044131778,1480,Kimberly
3146974900,1692,Blanka
3863686436,1656,Cammy
3473562557,1527,Ryu
1932699195,1660,Juri
3579048696,1600,Blanka
3657889410,1635,Dee Jay
4229405918,1623,Marisa
4013067483,1601,JP
2554759889,1601,JP
1795548654,1510,Manon
3369039298,1708,Zangief
3141648471,1456,JP
3771375131,1669,Ken
1345840462,1729,Juri
4205361288,1811,Jamie
1050714441,1705,Ken
1953689295,1716,Dhalsim
1681719286,1696,Guile
1032724948,1600,Rashid
2455662782,0,Ryu
2655537470,1702,Chun-Li
2974963500,1810,Ryu
1187404083,1574,Manon
3292886963,1576,Chun-Li
3704323938,1702,Guile
2605605360,1698,JP
3507412138,1773,Marisa
2317719417,1454,Chun-Li
3815197724,1501,Marisa
3968197478,1423,Cammy
4132081692,1594,Jamie
1687367348,1562,Blanka
2864279454,1611,Luke
1364437485,1476,Kimberly
3545008084,1514,Zangief
2350439156,1413,Guile
2085081575,1509,Kimberly
2227516204,1426,Ryu
1891990313,1324,Rashid
3646486238,0,Ryu
1248184210,1449,Luke
2280253560,1431,Guile
1694959390,1460,Ken
2227892541,1500,Rashid
2538122555,1604,Dee Jay
3665007026,1513,Rashid
4242908011,1302,Kimberly
4257806078,0,Ryu
3959790398,1355,Marisa
2289809826,1626,Chun-Li
4143602090,1409,Chun-Li
1616736647,1484,Edmond Honda
1446984431,0,Ryu
2089858197,1372,Cammy
1377395328,1310,Ken
3165139745,1503,Juri
2384517437,1436,Juri
4061334729,1605,Luke
1810839420,1840,Manon
2068966447,1368,Lily
3462879282,1364,Guile
2119623646,1458,Manon
2510106493,1500,Ryu
1022599379,0,Ryu
3141815827,1500,Ryu
1344828073,1460,Ryu
2597836790,1500,Ryu
3733768581,1500,Ryu
2037544398,1302,Dee Jay
2814630932,1500,Ryu
1487398321,1512,Ken
3713978685,1500,Ryu
3945104844,1428,Marisa
1823658843,1610,Cammy
2420637255,1500,Cammy
4113667580,1500,Ryu
1902306708,1500,Ken
1600445671,1428,Manon
2125132444,1500,Ken
3382812606,1500,Ken
1610780761,1459,Edmond Honda
3200099554,1846,Random
2908185944,1431,Marisa
2898412129,2116,Dee Jay
3492245892,1357,Chun-Li
1027475346,1464,Rashid
3033063524,1455,Ryu
1885732436,1509,Rashid
2095123067,1339,Guile
3129413775,1478,Ken
2756874442,0,Ryu
2518543019,1679,Jamie
2582850664,1433,Guile
1856191359,1521,Luke
1684468019,1464,Dhalsim
3426982184,1133,Ken
3264561992,1478,Dee Jay
1171456379,0,Ryu
2284702972,0,Ryu
2133161461,1474,Cammy
2267446647,1500,Cammy
4131530479,1495,Cammy
1340803742,1420,Cammy
1530719708,1414,Dee Jay
2733707192,1500,Cammy
3455370989,1481,Cammy
2438648517,1500,Cammy
3376022608,1500,Cammy
3958930062,1579,Rashid
3660767798,1500,Cammy
4158479032,1476,Cammy
4204006498,1211,Cammy
3678109214,1500,Ryu
2700439702,1500,Ryu
4164644526,1500,Ryu
4041133819,1500,Edmond Honda
2146522601,1506,Zangief
2774635804,1345,Cammy
1715794266,1525,Manon
2881745299,1500,Jamie
1032216168,1500,Jamie
1397670770,1576,Kimberly
1653453092,1652,Manon
3697056036,1476,Edmond Honda
2928136016,1536,Luke
3199012300,1399,Luke
1859305267,1564,Lily
1239959774,1500,Kimberly
2029915217,1500,Kimberly
3302064983,1528,Luke
3867475353,1506,Chun-Li
3391128997,1495,Chun-Li
3192907648,1500,Chun-Li
2066689909,1500,Chun-Li
2059377508,1424,Jamie
4041709414,1473,Ryu
3200277860,1633,Dee Jay
1312038764,1569,Rashid
1398861678,1432,Manon
2835699352,1462,Ken
2948289351,1477,Luke
2761184475,1420,Ken
3729992028,1570,Marisa
2334354782,1369,Edmond Honda
4061923424,1512,Zangief
4024625866,1486,Lily
2828019127,1434,Edmond Honda
2559243107,1369,Cammy
4204445828,1774,Rashid
4105510505,1516,Cammy
2743661770,1406,Luke
1094261717,1498,Kimberly
1001747730,1433,Edmond Honda
1217586581,1495,Cammy
2200126930,1632,Juri
1299760223,1671,Guile
2425077715,1579,Ken
2602594098,1459,Marisa
3773898838,1590,Jamie
1339165618,1501,Rashid
1289278194,1500,Cammy
2972999050,1603,Dhalsim
2491615996,1723,Ken
2389598629,1649,Cammy
1475580632,1426,Chun-Li
2972095874,1604,Marisa
4269953648,1529,Cammy
3590406277,1521,Zangief
1705613167,1664,Marisa
2190508639,1592,Rashid
2186094660,1553,Ken
1081893313,1400,JP
1124697837,1512,Ryu
3994413300,1439,Marisa
1959391586,1779,Guile
4139662805,1495,Kimberly
1937953975,1500,Cammy
3684918209,1405,Luke
1332234859,1297,Ryu
1603133552,1538,Juri
4272552266,1281,Luke
3339129104,1507,Juri
4124130166,1528,Ryu
1605789063,1368,JP
1372625710,1714,Luke
3300173050,1369,Zangief
1641219234,1422,Ryu
1116526163,1386,JP
2485613678,1586,Rashid
1825852173,1349,Marisa
1997891584,1670,Blanka
2467669560,1402,Juri
1448973136,1479,Zangief
2461284525,1415,Cammy
1014881112,1556,Cammy
2405428309,1275,Ken
2035207024,1479,Ken
3391596811,1508,Guile
1908381447,1680,JP
1414921164,1413,Kimberly
2988211595,1559,Juri
1000716305,1735,JP
1497101254,2020,Dee Jay
4228493967,1603,Ken
2832621558,1646,Manon
3541722810,1509,Kimberly
2968152278,1610,Cammy
4007615106,1436,Manon
1681603544,1648,Ken
2887681414,1618,JP
2689312357,1666,Blanka
1215804553,1604,Cammy
1251615088,1494,Dee Jay
3381526503,1560,Manon
2051768930,0,Ryu
1081757765,1429,Edmond Honda
2351588961,1265,Marisa
2175794640,1358,Ken
2701535217,1377,Ken
4258510603,1580,Rashid
3336658474,1529,Manon
2159300470,1360,JP
4288746190,1512,Cammy
1054895341,1360,Guile
2201430420,1879,Zangief
4121093700,1800,Ken
1346704274,1746,Ken
3859045321,1426,Cammy
2952197914,1505,JP
2962141885,1553,JP
3136262076,1510,Dee Jay
2615276066,1473,JP
2931116003,1472,Manon
3729404318,1526,Juri
2430272195,1485,Juri
1688098117,1539,Jamie
1209272860,1284,Marisa
3891061424,1904,Juri
2345036303,1500,Ryu
3749270364,0,Ryu
1649547908,1460,Guile
3399702309,1342,Ryu
3452803369,1811,Cammy
1114869250,1619,Ryu
2968342174,0,Ryu
1530490323,1698,Cammy
4164857773,1516,Kimberly
4258682971,1343,Chun-Li
2693475536,1502,JP
2123598943,0,Ryu
2532432001,1464,Ryu
1829083911,1650,Rashid
4268837920,1603,Dhalsim
3401026304,1512,Dee Jay
4142840135,1550,Cammy
3922680937,1360,Ken
2956048798,1575,Dhalsim
2105613479,1491,Jamie
1180607763,1583,Ken
2533523521,1443,Marisa
1357273822,1421,Ken
2170386922,1453,Marisa
4285107730,1509,Luke
1132768358,1302,Dee Jay
1262088154,1830,Manon
2028861787,1401,JP
3838242405,0,Ryu
1873113941,1482,Juri
2855602780,1355,JP
2867449115,1350,Zangief
2558134955,1405,Marisa
2023685871,1373,Jamie
1992226559,1457,Kimberly
1426882614,1499,Rashid
2075209969,1504,Jamie
3597934568,1520,Rashid
2277407062,0,Ryu
4101905586,1518,JP
3771101342,0,Ryu
2462220554,1202,Marisa
2377127700,0,Ryu
3496443592,1427,Jamie
1210699107,1515,Rashid
2706218233,1333,Luke
1103964963,1801,Marisa
1643724387,1443,Guile
1154895577,1552,Lily
2773621998,1517,Chun-Li
4022842216,1529,Ken
2571622307,1436,Marisa
2950556271,1428,Kimberly
2952513070,1379,Manon
2783304469,1522,Cammy
4160817721,1335,Zangief
3079585061,1513,Blanka
3187519638,1427,Marisa
4046662654,0,Ryu
2874705073,1392,Cammy
4129854629,1473,Edmond Honda
4285684297,1644,Rashid
3324590374,1264,Marisa
1520040094,1804,JP
4017041795,1500,Marisa
3458861847,1449,Ken
3917226431,1429,Jamie
2452771459,0,Ryu
1747357752,1571,Luke
1162251306,1455,Zangief
1948195433,1507,Marisa
4041668482,1500,Rashid
3087367113,1503,Ken
1257279381,1498,Luke
3158617797,1514,Cammy
4193049132,1455,Blanka
3410623371,1578,Ryu
2749135493,1482,JP
1539578939,1523,Chun-Li
1488521919,1413,Zangief
3903509662,1266,Ken
3379799561,1256,Luke
3069934190,1541,JP
3630976080,1443,Ken
2027163431,1431,Ken
1614077165,1377,Luke
3797756385,1475,JP
1017633152,1440,Cammy
1017281178,1470,Dee Jay
3076206589,1343,Lily
2581622126,1600,Rashid
2302537771,1357,Edmond Honda
3154409049,1326,Ken
2463586356,1549,Dhalsim
2960743547,1347,Ken
3777318154,1462,Luke
3032301078,1513,Ken
1222953670,1491,Blanka
3433568877,1500,Juri
1133021982,1376,Juri
1116097678,1496,Marisa
1293535028,1500,Blanka
2860657264,1500,Marisa
1504281118,1500,Marisa
1281839821,1486,Marisa
1639884168,1655,Edmond Honda
2540117177,0,Ryu
3337550429,1500,Marisa
2728117985,1927,Dee Jay
1445558613,1416,Luke
2540760149,1491,Ken
2344099530,1357,Lily
1673389281,1664,Kimberly
4166900767,1478,Lily
4158722986,0,Ryu
2441942759,1420,Chun-Li
2777334092,1623,Ken
2255064994,1377,Chun-Li
2898255128,1389,Dee Jay
2270883568,1526,Marisa
3267349739,1500,Chun-Li
2832147557,1457,Chun-Li
3003518969,1334,Dee Jay
2718559421,1490,Manon
1212266606,1676,Ken
2048608524,1395,Chun-Li
3568374272,1444,JP
4107677326,1438,Kimberly
3063550582,1940,JP
3937701369,1310,Ryu
3175134123,1575,Ken
2126975895,1548,Cammy
3802030559,1401,Marisa
3020070273,1501,Marisa
3210602702,1520,Cammy
3108836211,1482,Juri
1468464160,0,Ryu
2669784816,1502,Dhalsim
3368200821,1462,Cammy
1290758194,1378,Ryu
3373893517,1522,Ken
1231854953,1513,Cammy
3699919368,0,Ryu
4000641020,1472,Manon
2767720342,1407,JP
4129998620,1374,Dee Jay
1204594670,1579,JP
3152177479,1500,Luke
2149599375,1403,Ryu
4260337639,1373,Dee Jay
1681904778,1412,Rashid
3118440533,1501,Jamie
3069878153,1357,Cammy
1066695062,1502,Dee Jay
2890996241,1421,Chun-Li
1077021725,1458,JP
1043619444,1668,Marisa
3916458515,1298,Guile
1186586259,1508,JP
4273587055,1472,Luke
2888582142,1500,Luke
3874111693,1434,Juri
1117558023,1532,Edmond Honda
3901006087,1450,JP
3133599477,1500,Luke
1565277414,1510,Rashid
1020606372,1537,JP
2459130398,1592,Luke
3057558743,1552,Guile
2286947611,1557,Marisa
2146812508,1412,Marisa
1735639847,1521,Luke
1834268779,1527,JP
1671938721,1702,Dhalsim
2223130557,1622,Cammy
4209016866,1395,Kimberly
2792035773,1337,Ken
2994350120,1437,Blanka
2128308525,1328,Cammy
1787397311,1780,Guile
1468890248,1534,Luke
2010820259,1524,Edmond Honda
3153751129,1426,Chun-Li
3348697995,1514,Cammy
2796799448,1500,Guile
3243906722,1226,Blanka
1299085387,1500,Guile
1061841883,1500,Luke
3799470988,1500,Luke
4007028315,1500,Luke
1937845062,1454,Luke
1909376137,1510,Cammy
4132115538,0,Ryu
1496131694,1551,Chun-Li
2522076479,1500,Luke
3583217729,1500,Luke
2094539153,1609,JP
3805507870,1500,Zangief
1531491552,1500,Edmond Honda
2162915002,1500,Blanka
1197768794,1500,Blanka
3015033854,1500,Juri
2569371590,1500,Juri
2213687389,1500,Cammy
1545991713,1500,Juri
4021218663,1500,Juri
1681181927,1500,Juri
3272715548,1520,Luke
3016423105,1500,Luke
3544977238,1505,Manon
2705029500,1629,Marisa
1320810779,1575,Ken
3495573069,1521,Dee Jay
3263649175,1440,Ken
2823739328,1615,Rashid
1139805894,1409,Ryu
3561335340,1498,Blanka
2092716360,1591,JP
3512095661,1567,Dee Jay
4025744348,1767,Cammy
1265967667,1511,Dee Jay
1263176717,1557,Chun-Li
3931105397,1529,Cammy
1799728444,1605,Luke
1644566257,1445,Dee Jay
2381444775,0,Ryu
3818713568,1451,JP
2209110750,1771,Lily
3584006347,1500,Cammy
1459965441,1491,Juri
2617168921,1179,Guile
3897813278,1334,Luke
4142769383,1328,JP
4208601517,0,Ryu
3256023630,0,Ryu
1233128266,1301,Dee Jay
4115611950,1580,Jamie
2349730222,1485,Blanka
1262505480,1506,Marisa
2594441295,1318,Ryu
1793918758,1602,Cammy
4253535923,1359,Jamie
3798117462,1500,Edmond Honda
1659415903,1698,Chun-Li
3991493480,1657,Kimberly
2640128879,0,Ryu
2761155020,1644,Kimberly
2791988949,1676,Ken
1927204743,1453,Marisa
3551324317,1348,Luke
1970318294,1521,Chun-Li
3673132684,1501,Luke
1960141832,1500,Rashid
3634081532,1627,Rashid
2311404694,0,Ryu
3607078249,1365,Jamie
3632431328,1522,Ken
1290102381,1505,Kimberly
1226742990,1262,Ken
2793475975,1557,Luke
4039155125,1550,Dee Jay
1201426418,1425,Juri
1364473157,1542,Dhalsim
1361714165,1429,Juri
3302599345,1651,Edmond Honda
1334590943,1370,Guile
2533918532,1531,Chun-Li
2286660521,1208,Ken
3457968482,0,Ryu
2358134042,1184,Dee Jay
3437856432,1701,Marisa
3702695835,0,Ryu
3487072125,1567,Chun-Li
1195598838,1818,JP
3797833445,1500,Edmond Honda
1656854981,1306,Juri
1148128728,1515,Dee Jay
3573222301,1343,Cammy
3933892915,1503,Dee Jay
2017363044,1377,Chun-Li
3259998143,1421,Ryu
2066811307,1505,Ken
2616958723,1472,Rashid
2535940300,1345,Dee Jay
2736797209,1417,Blanka
1998944467,1500,Ryu
1455973435,1531,Dee Jay
1603319449,1261,Zangief
1572654884,1510,Edmond Honda
3158682464,1614,Ryu
3169324106,1804,Ken
2244432780,1500,Ken
1646033785,2123,Chun-Li
3814239366,1571,Ryu
3176430889,1422,Edmond Honda
3131869135,1495,Chun-Li
2311950037,1906,Ken
2601804057,1420,Chun-Li
3783373739,1500,Marisa
2307410826,1731,Ken
4243018337,1667,Ken
4107107592,1533,Chun-Li
2502246023,1496,Marisa
2263874664,1410,Ken
2972368883,1506,Marisa
2119991535,1500,Cammy
1116915797,1274,JP
2650298964,1870,Jamie
2832501366,1401,Luke
1959645640,1563,Ken
3452236475,1401,Dee Jay
4138136457,1381,Dee Jay
1274871464,1403,Blanka
3713240216,1168,Guile
1166749437,1398,Chun-Li
3454432350,1500,Edmond Honda
1297285139,1500,Edmond Honda
1157278083,1500,JP
1263386703,1500,Jamie
2342356094,1500,Cammy
3277503357,1500,Jamie
1331831488,1500,Jamie
2374551835,1693,Dhalsim
1517569788,0,Ryu
3043970944,1833,Cammy
1490833378,1854,Ryu
3486248565,1504,Marisa
3437838789,1500,Dee Jay
1340027930,1554,Cammy
3109841888,1500,Kimberly
4184475154,1500,Kimberly
1095106132,1500,Kimberly
3800757373,1667,Ryu
3440859221,1801,Blanka
1313673968,1757,Ken
2595218363,1702,Ryu
1675853930,1679,Luke
3310595118,1777,Ken
3844523598,1737,Marisa
3627162930,1722,Juri
1117190671,1673,Edmond Honda
1528386977,1911,Cammy
2928726139,1500,Zangief
1038953293,1706,Chun-Li
1746544860,1719,Juri
2978676776,1800,Rashid
2888677132,1319,Cammy
3300139299,1297,Guile
2902572086,1583,Rashid
3829332108,1602,Dee Jay
3216483045,1680,Cammy
3535102218,1404,Jamie
3224991666,1549,Marisa
2326303331,1316,Juri
1367638782,1497,Marisa
1060527587,1279,Ken
1780729543,1305,Ken
3791682235,1508,Guile
3526900998,1510,Guile
4177911165,1652,Rashid
2588229696,1367,Ryu
1562009694,1385,Dee Jay
2757709075,1490,Lily
3707893572,1573,Luke
1141649919,1533,Dhalsim
1586455695,1534,JP
2767709368,1507,Ken
3142003852,1452,Marisa
1969018128,0,Ryu
1800968850,1500,Dee Jay
3807665385,1500,Dee Jay
2624477567,1701,Edmond Honda
1664447391,1524,Manon
2461924336,1496,Juri
3468926593,1460,Blanka
2684908640,0,Ryu
2556974249,1504,Ken
3078379471,1500,Ken
2118164774,1726,Marisa
2913723005,1500,Ken
1519163981,1500,Luke
1753449182,1486,Blanka
2780178376,1528,Juri
1456170339,1440,Zangief
3996769724,0,Ryu
1723015280,0,Ryu
2045984579,2103,Blanka
3863161600,0,Ryu
4178896676,1798,Luke
1554235578,1523,JP
3978277559,1729,Edmond Honda
3890315464,1440,Lily
3457865079,1549,Zangief
3562922441,1523,Ken
1771124615,1571,Guile
2550468482,1416,Juri
3683938101,1451,Guile
1488652984,1524,Edmond Honda
1254467733,1472,Kimberly
4004431276,1304,Chun-Li
1392460335,1484,Chun-Li
3675239704,1603,Cammy
2854999973,0,Ryu
2472593270,0,Ryu
3084500672,1706,JP
2749303637,1519,Luke
3851966566,1703,Cammy
1499501641,1425,Kimberly
3578283705,1432,Zangief
3616175444,0,Ryu
1253525687,1403,Zangief
3623275227,1445,Dee Jay
2362868022,1500,Chun-Li
3383201539,1534,Manon
1632318677,1500,Ryu
1554989140,1613,Ken
2397184372,1313,Kimberly
1201676143,1727,Rashid
1089821420,1563,Marisa
3950613651,1471,Luke
4176352005,1603,Zangief
2335614438,1894,Kimberly
3464490065,1436,Luke
4291319807,1647,Dee Jay
2133025632,1367,Lily
1789504700,1611,Juri
1583335701,0,Ryu
2094507053,1500,Luke
2826151243,1518,Ken
1887534257,1760,Luke
2066257370,1445,Jamie
3511046000,1444,JP
1240913344,1342,Ryu
3474002236,1404,Juri
3598026938,1500,Luke
3199286200,1619,Zangief
3216078539,1619,Edmond Honda
1065725412,1624,JP
2735584768,1500,Luke
4130266254,1500,Blanka
2672682877,1500,Edmond Honda
2408694973,1500,Edmond Honda
3399647402,1500,Edmond Honda
1556365466,1500,Edmond Honda
3309252789,1521,Dee Jay
1602646579,0,Ryu
3926745160,0,Ryu
2943423410,1571,Ken
3304337807,1812,Zangief
3965774850,1500,Jamie
1878000443,1506,Edmond Honda
1945738013,1530,Zangief
3959246205,1652,Cammy
3978274713,1521,Luke
3442201561,1500,Blanka
2638801986,1538,JP
1755131903,1482,Rashid
1769491404,1509,Blanka
2047342304,1500,JP
1212178611,1579,Cammy
1222360466,1598,Ken
1087266491,1625,Chun-Li
1464997885,1887,Jamie
3498795275,1516,Marisa
3426301810,1472,Jamie
1452613306,1505,Kimberly
1008428092,1519,Ken
4174594410,1618,Ken
1084837927,1517,Ken
4261106586,1508,Marisa
2659993507,1516,Marisa
2474515022,1773,Blanka
3336259703,1482,Luke
2218870432,1528,Juri
2514398224,1500,Marisa
1333665270,1317,Ryu
2279675744,1425,Jamie
1254108554,1500,Lily
1326539315,1340,Marisa
2060020431,1436,Manon
1319074339,1462,Zangief
4133408717,1500,Cammy
2441946674,1364,Juri
1273892650,1539,Guile
2780123234,1557,Kimberly
2475288982,1500,Luke
2894359402,1499,Luke
2155200382,1500,Luke
3274100898,1500,Dee Jay
2785100739,1422,Ryu
3347737104,1500,Ryu
4129218728,1500,Ken
2191936765,1345,Guile
1720023599,1330,Ryu
3230259259,1472,Ryu
1206280216,1443,Ryu
2276348365,0,Ryu
2136320427,1483,Ken
3504099158,1486,Ken
4094959202,0,Ryu
1753486044,1500,Marisa
3240151724,1500,Marisa
1632549060,1500,Marisa
2858353795,1500,Marisa
2185679928,1500,Marisa
3148481334,0,Ryu
3240187889,1500,Marisa
3498626966,1502,Ken
1938614104,1524,Juri
2189878332,1454,Juri
2014952425,1511,Luke
3578596598,1486,Cammy
2974890778,1522,Cammy
1083950455,1500,Ryu
2606012388,2007,Manon
3038528647,1649,Rashid
2008846678,1800,JP
1935626876,1726,Rashid
3945415397,1502,Jamie
1889673774,1476,Edmond Honda
3765353759,1259,Cammy
2473130634,1453,JP
1277539894,1602,Cammy
3404213730,1369,Ryu
1923019863,0,Ryu
3578082538,1607,Chun-Li
3427589699,1564,Rashid
4153481326,0,Ryu
1705087708,1309,Dee Jay
3081633264,1387,Juri
1288404929,1487,Luke
3919939319,1494,Dhalsim
2570799345,1501,Kimberly
4180424673,1679,Cammy
3508961057,1701,Ken
2317729418,1401,Ken
3831660379,1388,Manon
2015721062,1485,Luke
2541941988,1801,Rashid
3050923208,1427,Dee Jay
3317553387,1387,Kimberly
1229470454,1437,Chun-Li
2969799394,1209,Jamie
2290529839,1589,Manon
2098010801,1607,Ken
3267962230,1500,Manon
4230684289,1542,Manon
2445590732,1550,Chun-Li
3655870103,1383,Guile
1809761094,1500,Ryu
2657873901,1502,Dee Jay
3943697251,1510,Dee Jay
2526194349,1366,Blanka
3430184375,1508,JP
2103989418,1520,Ken
1498396742,1434,Luke
3612281025,1508,Luke
3528875859,1640,Chun-Li
1617165084,0,Ryu
2546380588,1461,Cammy
2831568456,1512,Edmond Honda
3348544922,1458,Luke
1367337606,1546,Rashid
3609547105,1516,Jamie
2443483634,1520,Zangief
1175478731,1481,Zangief
3958347234,1513,Chun-Li
3732823964,1703,Zangief
2119926933,1439,Juri
2465654868,1512,Marisa
1093622327,1478,Manon
3098405053,1541,Cammy
3887583378,1500,Guile
2837350022,1393,Dhalsim
3753671814,1563,Jamie
1575806951,1526,Luke
1160551938,1321,Cammy
3904909082,1509,Kimberly
3790210957,1536,Marisa
2302908586,1505,Luke
3343753127,1630,Cammy
2995981988,1260,Manon
3647747932,1519,Chun-Li
1206397832,1359,Marisa
3609057502,1690,Juri
3492465118,1324,Guile
1028904620,1621,Chun-Li
3426033270,1488,Jamie
2291628551,1571,Kimberly
3075852413,1628,JP
3875461041,1346,Zangief
2033377247,1588,JP
3318900796,1490,Marisa
1101170036,1383,Chun-Li
3153390276,1443,Manon
3572911674,1381,Ryu
1347248357,1702,Luke
2447301241,1418,Lily
4072866607,1373,Rashid
3691823108,1392,Chun-Li
3691563793,1479,Marisa
2680788391,1236,Ken
1929887761,1367,Zangief
2252562553,1478,JP
1049741205,1489,Luke
3062698371,1562,JP
3164953632,1611,Ken
3674601221,1526,JP
2199911636,0,Ryu
1481357978,1150,Ryu
3967562192,1510,Ken
3032936908,1709,Ken
1174461043,1374,Guile
2360083382,1447,Kimberly
3934246577,1604,Juri
3370343951,1613,Juri
4016774365,0,Ryu
2781301328,1960,Dee Jay
3169866031,1534,Ryu
2683235736,1589,Jamie
1757285990,1559,Dhalsim
3746008307,1838,Ken
1075321259,1568,Kimberly
1867216151,1635,Edmond Honda
1398291916,1601,JP
3336071351,1553,Rashid
2951851067,1406,Jamie
2102109043,1449,Kimberly
1188368982,1608,Luke
3019589444,1487,Luke
1531179401,1571,Blanka
3559294826,1500,Jamie
2817072854,1390,Jamie
4152842615,1325,Kimberly
2663267992,1507,Cammy
4233838337,1512,Ken
3496064000,1505,Manon
3907029208,1410,Ken
1148447324,1465,Zangief
2345435623,1413,Juri
3299246208,1535,Juri
2827223506,1760,Ken
1012159706,1404,Cammy
2347739525,1599,Lily
2461462061,1515,Edmond Honda
1414236088,1515,Juri
3149949608,1327,Luke
1827542730,1500,Ken
2540111066,1420,Ryu
2409898927,1500,Ken
2326228331,1800,Luke
2716057191,1500,Ken
1734538824,0,Ryu
3609030894,1701,Cammy
3100819899,1500,Ken
3828841943,1500,Ken
2230016108,1500,Ken
1052801290,1651,Jamie
4076938767,1517,Luke
3785492623,1518,Ken
3664797480,1606,Juri
1283630303,1443,Guile
1688098196,1341,Jamie
2531645952,1396,Chun-Li
3460702041,1559,Zangief
4041559954,1500,Manon
2528957399,1508,Zangief
1210171387,1270,Cammy
2991572217,1435,Kimberly
4267024539,1501,JP
2118815363,0,Ryu
2865282621,1500,JP
3670369258,1500,Luke
2758225836,1300,Kimberly
3556215428,1803,Rashid
1813406241,1391,Marisa
2459977819,1167,Edmond Honda
3570889381,1203,Lily
1891869920,0,Ryu
3695489492,1394,Ken
1885130939,1349,Ryu
1509152844,1631,Marisa
1730066251,1471,Zangief
2598609690,1506,Edmond Honda
2433939114,1304,Rashid
2273866751,1530,JP
2070316849,1367,Marisa
1252877511,1363,Marisa
1559713794,1440,Guile
4091463338,1307,Manon
2805474149,1435,Dee Jay
1847027739,1517,Luke
2408344591,1583,JP
2877142822,1502,Ken
3700993448,1412,Juri
2773333364,1372,Ken
2248288865,1905,Luke
2527653790,1403,Ken
3897597377,1500,Zangief
1713614617,1711,Rashid
3977495358,1500,Zangief
2611414616,1500,JP
2555240972,1523,Rashid
1501205935,1500,JP
2948389634,1500,JP
1160280198,1500,JP
1458578610,1625,Ken
1824036126,1680,Cammy
1555085135,1500,JP
2295773186,0,Ryu
3179824337,1500,JP
3255362595,1500,JP
1915336324,1500,JP
1912045825,1668,Ryu
3599373685,1650,Rashid
3795565742,1601,Chun-Li
1637068361,1621,Luke
3708033127,1464,JP
2904357922,1575,Ryu
1400896848,1475,Blanka
3267568778,0,Ryu
2157054358,1538,Juri
2763427547,1571,Rashid
3842448785,1475,Marisa
2360997479,1429,Kimberly
1356758866,1468,Lily
2395420397,1497,Luke
2254838501,1585,JP
1028431621,1518,Manon
2129095938,1625,Luke
3534656633,1601,Rashid
3140514581,1311,JP
3421827087,1373,JP
1901872872,2025,Chun-Li
3459716570,1373,Ken
1612287810,1551,Luke
1590583679,1407,Rashid
1029599794,1453,Juri
2609976848,1489,Marisa
1483702110,0,Ryu
3290271450,1424,Juri
4194727087,1480,Edmond Honda
1441865490,1519,Jamie
3107926859,1340,Jamie
2619464497,1560,Chun-Li
3942530386,1377,JP
1193076408,1288,Dee Jay
1721600864,1632,Cammy
3637466917,1394,Edmond Honda
3661644049,1931,Lily
1626221667,1356,Blanka
1757484226,1476,Manon
1300288949,0,Ryu
3315935398,1508,Blanka
2341947391,1459,Edmond Honda
3770880231,1508,Guile
2657597817,1488,Luke
4029923313,1508,Jamie
3665038153,1505,Ryu
2467642174,1509,Edmond Honda
4265826960,1590,Chun-Li
3416961276,1307,Marisa
2917976756,1501,Blanka
1821636347,1508,Marisa
1859346218,1467,Luke
2814955503,1458,Luke
4076114566,0,Ryu
4065727890,1485,Kimberly
3961428635,1518,Luke
1299096165,1635,Ryu
3412395079,1209,Ken
3564931702,1655,Luke
3731929214,1649,Dee Jay
4136050127,1552,Chun-Li
2549503709,1505,Ken
1729006664,1411,Marisa
4025444524,1355,Cammy
3719652749,1426,Rashid
1187592507,1507,Juri
3002540147,1481,Manon
2304424125,1503,Guile
3330731665,1328,Juri
2842111611,1577,Cammy
1518509249,0,Ryu
1230859604,0,Ryu
3272609085,1501,Ken
3930715874,1378,Dee Jay
2541528541,1381,Rashid
2611597067,1401,Marisa
2576712535,1439,Chun-Li
3936766086,1412,Juri
1521180001,1650,Blanka
4254910989,1460,Guile
3672641658,1532,Chun-Li
2938353260,1574,Marisa
2011436590,1514,Dee Jay
3238979214,1505,JP
3646589858,1439,Ken
2536819453,1564,Ryu
1692625122,1618,Edmond Honda
2430883620,1461,Dee Jay
1690808827,1497,Lily
4025063987,1443,Marisa
4033402234,0,Ryu
1095628083,1488,Luke
1184791168,1503,Manon
3824355838,1293,Cammy
3822714854,1734,Edmond Honda
1291595712,1475,Rashid
3675357963,1609,Edmond Honda
2494305914,1326,Manon
3015581490,1660,Dee Jay
3570173194,1503,Cammy
3982852463,1378,Manon
3616668824,1511,Marisa
3693329645,1510,Ryu
3289803889,1491,Manon
3229937296,1501,Edmond Honda
1987389926,1420,Blanka
1514059111,1417,JP
2169972819,1520,Cammy
2972280927,1482,Ken
3461910349,1506,JP
3252120429,1500,Dee Jay
2360135302,1381,Jamie
2799048495,1437,Ryu
4085218804,1354,Juri
3015536152,1289,Ryu
2724880046,1505,Ken
3803534476,1378,JP
2638981153,1459,Lily
3767263103,1710,Ryu
3526682705,1890,Dhalsim
3450715906,1779,Marisa
2692852139,1338,Kimberly
4087579706,1418,Ken
4001256210,1805,Edmond Honda
3470214422,1505,Cammy
2852938486,1333,Ryu
1270485988,1439,JP
1010367288,1674,Rashid
4016077220,1530,Zangief
4145370023,1446,Blanka
2591060597,1422,Ryu
2067304195,1579,Luke
2558061883,1471,Rashid
2808421285,1305,Cammy
3349670198,1852,Zangief
2355305285,1347,Rashid
3624517250,1549,Ken
1589295724,1854,Blanka
3066244748,1609,Ryu
1893616377,1500,Ryu
2103028170,1313,Manon
1254076062,1444,Luke
1623982808,1476,Kimberly
3642373701,1400,Ken
1929428259,1552,Manon
4222347119,1755,Kimberly
3358319099,1500,Guile
2240424442,1500,Guile
1830393319,1500,Blanka
2304367092,1500,Guile
3362776512,1500,Guile
3755190272,1621,Rashid
3930141144,1561,Marisa
2620915034,1711,Cammy
3005311035,1500,Luke
3258967648,1602,Zangief
2416337471,1743,Edmond Honda
1925569428,1703,Jamie
2384342854,1619,JP
1068196960,1526,Ken
1389607344,1500,Luke
3218784068,1500,Luke
1637981371,1590,Rashid
2618973831,1500,Luke
2593200987,1604,Dhalsim
3287783381,1500,Luke
2065294053,1602,Dhalsim
3335180710,1800,Cammy
4189272739,1924,Ryu
2609170316,1705,Kimberly
4256143669,1500,Luke
2637435413,1810,Juri
1436231294,2002,Chun-Li
2647322647,1901,Edmond Honda
4211062378,1924,Chun-Li
1716115704,1815,Kimberly
3194245908,0,Ryu
1713289305,2043,Ken
2731396856,1715,Manon
3589068406,1584,Ryu
2381140172,1705,JP
3962544465,1761,Kimberly
2794215893,1560,Dee Jay
1358351052,1904,Luke
3675416396,2067,Dee Jay
3740645064,1297,Ken
2717110063,1709,Ken
2006437069,0,Ryu
1771539144,1497,Manon
2673197237,1751,Dee Jay
2705802000,1466,Chun-Li
1422700900,1513,Juri
3359544795,1608,Edmond Honda
1061405385,1552,Luke
2232367578,1603,Luke
1085136025,1509,Jamie
2445979650,1694,Chun-Li
2378200056,1552,Ken
1865480701,1626,Rashid
1850574544,1559,Marisa
4112458777,1416,Ryu
3025973808,1574,Jamie
1353101062,1633,Manon
2018080542,1600,Guile
2315516247,1410,Edmond Honda
3346470181,1500,Zangief
3644993167,1370,Cammy
3656391633,1294,Lily
3380003840,0,Ryu
3213982129,1445,Kimberly
1529452465,1734,Rashid
2978352873,1572,Juri
2751869868,1642,Chun-Li
4225709339,1360,Guile
4144247743,1541,Ken
3972488428,1473,Cammy
3330531952,1511,Dee Jay
3898058288,1465,Dee Jay
1574461155,1465,Edmond Honda
3556466747,1446,Ryu
2272036719,1642,Luke
2899655688,1569,Marisa
3742273670,1581,Blanka
3215970822,1625,Lily
2152776380,1760,Chun-Li
1188008880,0,Ryu
4142538445,1364,Ken
1840577631,1604,Ken
1611555705,1477,Ken
2488207038,1523,Ryu
2624388431,1437,Zangief
2605523291,1548,Luke
3032093883,1603,Guile
2635271661,1408,Ryu
2651827349,1650,JP
2931551332,1569,Rashid
3921247548,1545,Cammy
3697991838,1538,Ken
1973207848,1623,Cammy
2531962230,1505,Chun-Li
4044506107,1302,Manon
1331756236,1369,Jamie
1419123801,1455,Marisa
3310997645,1406,Dee Jay
1997515800,1387,Manon
2149905641,1506,Ryu
3729728248,1387,Zangief
1665144704,1694,Manon
3253440111,1452,Dee Jay
3467189817,1537,Manon
3466652019,1421,Kimberly
3062277297,1506,Ken
2738662911,1334,Juri
2932978296,1520,Cammy
2831135122,1500,Marisa
2675470959,1397,Lily
1894769409,1500,Lily
1437944382,1600,Guile
1521149402,1707,Luke
2662385679,0,Ryu
3940236182,1500,Cammy
3433099193,1503,Ryu
1707387833,1295,Marisa
2665557718,1372,Kimberly
3064848352,1514,Blanka
3866588670,1603,Luke
1479070859,1500,Jamie
1781877620,1560,Lily
2160271367,1514,Marisa
3309062389,1827,Rashid
1591773174,1611,Ken
1783930322,1537,JP
1144552788,1551,Marisa
2072437349,1855,Juri
2324740529,1619,Dee Jay
1136351740,1522,Dee Jay
3945173556,1605,Ryu
3096533893,1509,Chun-Li
3786682634,1716,Edmond Honda
2397401484,1603,Jamie
1616571228,1582,Cammy
1845557095,1718,Dee Jay
3069239391,1441,Cammy
3905894951,1528,Ryu
4133850852,1415,Dee Jay
3645722621,1651,Juri
3454917510,1558,Cammy
3717297719,1515,Cammy
1882942895,1500,Jamie
1142873821,1500,Jamie
3265721716,1500,Jamie
2377964935,1495,Jamie
2535064177,1703,Marisa
2315015700,1500,Jamie
3114017361,1637,Juri
2631382378,1510,Guile
3777843967,1500,Chun-Li
2551278596,1353,Jamie
2705488391,1500,Chun-Li
3016377103,1500,Zangief
3920740848,0,Ryu
1331615679,1826,Rashid
2889201230,1500,Manon
1933073826,1590,Luke
2836196427,0,Ryu
2530224657,1500,Manon
4263395217,1502,Juri
2128034545,1500,Manon
1228906084,1829,Ryu
2059545422,1581,Edmond Honda
1090074219,1761,Luke
1984330354,1705,Luke
3152338132,1704,Dee Jay
2982356542,1702,JP
1575799195,1692,Jamie
3341278995,1555,Dhalsim
